seed,draw,policy,config,weight_bits,activation_bits,per_feature_input,range_percentile,calibration_positives,auroc,auprc,brier,sensitivity,threshold_disagreement,top3_overlap_eligible,eligible_fraction,attr_l1_absolute_mean,fp_attr_l1_absolute_mean,top3_deletion,random3_deletion
311,0,representative,W8A8_pooled_p995,8,8,False,99.5,26,0.6174194230257927,0.13831752371808256,0.08176121809463137,0.7101449275362319,0.0401,0.9075520833333333,1.0,0.04549281201311292,0.2137218135950679,0.06664854579733852,0.03715459313083775
311,0,representative,W4A8_pooled_p995,4,8,False,99.5,26,0.6067367747606943,0.13423344016290067,0.08216349140657105,0.6811594202898551,0.1567,0.6861979166666666,1.0,0.13571150030451523,0.2137218135950679,0.06265606769524729,0.03389233185742662
311,0,representative,W8A4_pooled_p995,8,4,False,99.5,26,0.6075831518662119,0.13412230286287513,0.08265678491785823,0.6878483835005574,0.1325,0.5813648293963254,0.9921875,0.21822642512485713,0.2137218135950679,0.07086712752428606,0.04591957419706193
311,0,representative,W4A4_pooled_p995,4,4,False,99.5,26,0.6032437393383856,0.1348470509549123,0.08244141804209662,0.6454849498327759,0.1913,0.5568627450980392,0.99609375,0.24707703247136478,0.2137218135950679,0.0812112910286677,0.043179186808498644
311,0,representative,W8A4_channel_p995,8,4,True,99.5,26,0.6082675648967697,0.13159095967692075,0.08333502225631656,0.7692307692307693,0.1531,0.5794270833333333,1.0,0.2637029102320333,0.2137218135950679,0.08653715779459667,0.05214276415893572
311,0,representative,W8A4_channel_minmax,8,4,True,100.0,26,0.5951041413693479,0.12565645589680605,0.0860384846125392,0.7290969899665551,0.1943,0.5169270833333333,1.0,0.3784346217836153,0.2137218135950679,0.09624202021504559,0.060239303677907245
311,0,balanced,W8A8_pooled_p995,8,8,False,99.5,128,0.6182424699564295,0.13842261776430814,0.08172369251374699,0.7045707915273133,0.0318,0.921875,1.0,0.03811038110969631,0.2137218135950679,0.06770867256166224,0.037322331223194546
311,0,balanced,W4A8_pooled_p995,4,8,False,99.5,128,0.6070119606029889,0.1338043134557591,0.08217020429074845,0.6700111482720178,0.1578,0.6953125,1.0,0.13426720129452405,0.2137218135950679,0.06505964007642505,0.03340441855804158
311,0,balanced,W8A4_pooled_p995,8,4,False,99.5,128,0.6073939998709187,0.13629420355542365,0.08244516291155518,0.5964325529542921,0.1531,0.5761154855643044,0.9921875,0.21496556513850162,0.2137218135950679,0.07796835219697548,0.04217239484954999
311,0,balanced,W4A4_pooled_p995,4,4,False,99.5,128,0.5997746464315059,0.13021151461802472,0.08309738901229702,0.5328874024526199,0.2248,0.59375,1.0,0.229630334835099,0.2137218135950679,0.07072850200273731,0.03800046238748266
311,0,balanced,W8A4_channel_p995,8,4,True,99.5,128,0.6098450766166617,0.1394050482998783,0.08306185008700182,0.7558528428093646,0.1523,0.5748031496062992,0.9921875,0.2811745480748882,0.2137218135950679,0.08262725513228583,0.050279662142849686
311,0,balanced,W8A4_channel_minmax,8,4,True,100.0,128,0.5685679963151795,0.1145934946882211,0.10582372809373387,0.7435897435897436,0.2807,0.5080645161290323,0.96875,0.8528839890751017,0.2137218135950679,0.19162809013208543,0.11888237208486985
311,0,majority_only,W8A8_pooled_p995,8,8,False,99.5,0,0.6181394130421923,0.13895525306952078,0.08170685183250899,0.7068004459308808,0.0326,0.91796875,1.0,0.03896457507468383,0.2137218135950679,0.06517962402101568,0.03723090211288037
311,0,majority_only,W4A8_pooled_p995,4,8,False,99.5,0,0.6076225253634517,0.13397068844308552,0.08212757445244254,0.6700111482720178,0.1579,0.6953125,1.0,0.1348459437501486,0.2137218135950679,0.0643551017282771,0.0335869275688771
311,0,majority_only,W8A4_pooled_p995,8,4,False,99.5,0,0.608558610359259,0.13562216728166748,0.082378848923472,0.5919732441471572,0.1593,0.5986928104575163,0.99609375,0.21185801709083318,0.2137218135950679,0.07563215669683304,0.04354634496417967
311,0,majority_only,W4A4_pooled_p995,4,4,False,99.5,0,0.6050317125046432,0.13609171818579166,0.08258470749238886,0.5395763656633222,0.2223,0.5950520833333334,1.0,0.23281397316948998,0.2137218135950679,0.06612778256681703,0.034304561571334664
311,0,majority_only,W8A4_channel_p995,8,4,True,99.5,0,0.606806336646953,0.13283642539287535,0.08372260020554793,0.7525083612040134,0.1516,0.58984375,1.0,0.2691368742422791,0.2137218135950679,0.09232084686477846,0.05218962889212661
311,0,majority_only,W8A4_channel_minmax,8,4,True,100.0,0,0.5785272254568091,0.11750722817878517,0.08939229680073153,0.7235228539576366,0.2157,0.4986979166666667,1.0,0.4876129610635549,0.2137218135950679,0.11906485648009678,0.06328815760359839
311,1,representative,W8A8_pooled_p995,8,8,False,99.5,22,0.6178928847375466,0.13874100918305557,0.08171651053772752,0.7079152731326644,0.0333,0.9179687499999999,1.0,0.040665455821585005,0.2137218135950679,0.06752338337022282,0.03732487981647162
311,1,representative,W4A8_pooled_p995,4,8,False,99.5,22,0.6074053894051125,0.13442299177235678,0.08212086409862852,0.673355629877369,0.158,0.69140625,1.0,0.13551777668292148,0.2137218135950679,0.06378488893724657,0.033451481599790445
311,1,representative,W8A4_pooled_p995,8,4,False,99.5,22,0.6113858479036705,0.13664571167746103,0.08226709637149097,0.5919732441471572,0.1575,0.5774278215223095,0.9921875,0.21124721911263744,0.2137218135950679,0.07310312722030599,0.04343798598371723
311,1,representative,W4A4_pooled_p995,4,4,False,99.5,22,0.6047790607945168,0.1364724277909602,0.08248884380583078,0.5596432552954292,0.2244,0.5770750988142292,0.98828125,0.21995106827914315,0.2137218135950679,0.06895821363602571,0.03449412125161247
311,1,representative,W8A4_channel_p995,8,4,True,99.5,22,0.6095046765059995,0.13507596775399247,0.08314589432628604,0.7591973244147158,0.1477,0.5905511811023622,0.9921875,0.2713470490348784,0.2137218135950679,0.08899716618405923,0.05303003557937416
311,1,representative,W8A4_channel_minmax,8,4,True,100.0,22,0.5990338980705272,0.12851443491857034,0.08562449353394513,0.7647714604236343,0.1883,0.5241830065359477,0.99609375,0.38422265432218294,0.2137218135950679,0.10220234965124446,0.06213641528016722
311,1,balanced,W8A8_pooled_p995,8,8,False,99.5,128,0.6178930072056561,0.13856066272714548,0.08172782822487905,0.7023411371237458,0.033,0.9088541666666666,1.0,0.04192127107903557,0.2137218135950679,0.06834782188335085,0.03684576692018113
311,1,balanced,W4A8_pooled_p995,4,8,False,99.5,128,0.6070842167876591,0.13453725071824701,0.0821097862431495,0.6688963210702341,0.1589,0.6953125,1.0,0.13453670688924246,0.2137218135950679,0.06590945109642883,0.033432607023277904
311,1,balanced,W8A4_pooled_p995,8,4,False,99.5,128,0.6119870438537481,0.13751541979607784,0.08237901129156962,0.6477146042363434,0.1325,0.6143790849673202,0.99609375,0.21596252909621583,0.2137218135950679,0.07482772401366236,0.04433672451719019
311,1,balanced,W4A4_pooled_p995,4,4,False,99.5,128,0.5985723157654056,0.13284863157425678,0.08261427180620386,0.5897435897435898,0.2011,0.5794270833333333,1.0,0.22374741420000438,0.2137218135950679,0.07311989194060235,0.04058348697943554
311,1,balanced,W8A4_channel_p995,8,4,True,99.5,128,0.6015929916889468,0.13084257329703486,0.08390867864666351,0.745819397993311,0.1514,0.5869281045751632,0.99609375,0.2498489943706878,0.2137218135950679,0.08558039779988079,0.05197091267532032
311,1,balanced,W8A4_channel_minmax,8,4,True,100.0,128,0.5911904892245822,0.1203286173034264,0.08939063012557665,0.7547380156075808,0.2118,0.515032679738562,0.99609375,0.4849974862456574,0.2137218135950679,0.11115067281061905,0.06961924602363813
311,1,majority_only,W8A8_pooled_p995,8,8,False,99.5,0,0.6164057544825472,0.1383243066749027,0.08173070588982762,0.6956521739130435,0.0434,0.8997395833333333,1.0,0.053490182915831894,0.2137218135950679,0.06941312987317694,0.03686070690686336
311,1,majority_only,W4A8_pooled_p995,4,8,False,99.5,0,0.6066688049598604,0.13368650506288796,0.08213120314693279,0.6577480490523969,0.1601,0.6940104166666665,1.0,0.13538758047951577,0.2137218135950679,0.06206764404253834,0.03288958786528728
311,1,majority_only,W8A4_pooled_p995,8,4,False,99.5,0,0.6100794193444014,0.1391188286142243,0.08222197904196514,0.5607580824972129,0.1833,0.613965744400527,0.98828125,0.20398322191864343,0.2137218135950679,0.07422509720035993,0.03819586247112442
311,1,majority_only,W4A4_pooled_p995,4,4,False,99.5,0,0.609778331496924,0.13743360005200395,0.08235262122842464,0.5351170568561873,0.2361,0.5830065359477123,0.99609375,0.21030424444964665,0.2137218135950679,0.06922611653100759,0.03496055651106636
311,1,majority_only,W8A4_channel_p995,8,4,True,99.5,0,0.606976995957695,0.13232788189925376,0.08338631748947817,0.7045707915273133,0.1388,0.5895424836601306,0.99609375,0.23823042723457713,0.2137218135950679,0.08605664468817603,0.044884675857757544
311,1,majority_only,W8A4_channel_minmax,8,4,True,100.0,0,0.5920559101211442,0.12255823157986545,0.08896850296548442,0.7424749163879598,0.2184,0.5078740157480315,0.9921875,0.4796117132224098,0.2137218135950679,0.1195334870053581,0.07131449231604209
311,2,representative,W8A8_pooled_p995,8,8,False,99.5,32,0.6169130173925536,0.13848907465306037,0.081732752457033,0.7001114827201784,0.0408,0.9127604166666665,1.0,0.050760280606362736,0.2137218135950679,0.06775503777458973,0.03673581539237207
311,2,representative,W4A8_pooled_p995,4,8,False,99.5,32,0.6066915227941931,0.13361329659233145,0.08211078889868398,0.6555183946488294,0.1605,0.6979166666666665,1.0,0.13508805702655996,0.2137218135950679,0.06323880599655879,0.03284069409832388
311,2,representative,W8A4_pooled_p995,8,4,False,99.5,32,0.6080707586446258,0.1326013343362004,0.08352541546856473,0.7591973244147158,0.1445,0.5581699346405229,0.99609375,0.28534135649222636,0.2137218135950679,0.08658923813719965,0.05495978088634959
311,2,representative,W4A4_pooled_p995,4,4,False,99.5,32,0.5977851519908844,0.126486782381708,0.08383141287989285,0.7324414715719063,0.1921,0.5598958333333333,1.0,0.26571735042799094,0.2137218135950679,0.08823267472663562,0.04612895964475286
311,2,representative,W8A4_channel_p995,8,4,True,99.5,32,0.6007456348385521,0.13292560775338924,0.08348248907692211,0.7369007803790413,0.1443,0.5859375,1.0,0.2634130689403363,0.2137218135950679,0.0898758955566645,0.04969389323052017
311,2,representative,W8A4_channel_minmax,8,4,True,100.0,32,0.5973413887957111,0.12676963737891256,0.08675044993879454,0.7625418060200669,0.1987,0.5241830065359475,0.99609375,0.43787778885827017,0.2137218135950679,0.10656281958764789,0.06669362036063614
311,2,balanced,W8A8_pooled_p995,8,8,False,99.5,128,0.6173640062061939,0.138343388236896,0.08174528784898648,0.7090301003344481,0.0373,0.92578125,1.0,0.04428749339403075,0.2137218135950679,0.07138782428173679,0.03687376107114432
311,2,balanced,W4A8_pooled_p995,4,8,False,99.5,128,0.6066188992051943,0.13405526049568564,0.08215390229151297,0.6666666666666666,0.1558,0.7044270833333333,1.0,0.13454627800421284,0.2137218135950679,0.06466372801417844,0.03342786643970324
311,2,balanced,W8A4_pooled_p995,8,4,False,99.5,128,0.6095619915812973,0.1291467747995383,0.08354684011232157,0.7235228539576366,0.1382,0.5973856209150326,0.99609375,0.2624163889251793,0.2137218135950679,0.08756173718349992,0.049262077015967014
311,2,balanced,W4A4_pooled_p995,4,4,False,99.5,128,0.5915927357305977,0.12299037024264642,0.08395431888159069,0.6822742474916388,0.1942,0.5572916666666667,1.0,0.2884580272630911,0.2137218135950679,0.08136225657021008,0.048150521084816406
311,2,balanced,W8A4_channel_p995,8,4,True,99.5,128,0.6090486664998651,0.13052373574887602,0.08396955362141972,0.7670011148272018,0.1477,0.5843137254901961,0.99609375,0.2738656781784532,0.2137218135950679,0.08694615655922115,0.05238672964385522
311,2,balanced,W8A4_channel_minmax,8,4,True,100.0,128,0.5843698115619939,0.11812015388303758,0.1010697740488229,0.7558528428093646,0.2656,0.4894179894179894,0.984375,0.8080897513885206,0.2137218135950679,0.18274571711640963,0.11080619600786648
311,2,majority_only,W8A8_pooled_p995,8,8,False,99.5,0,0.6169312651408855,0.13814527463922716,0.08175712502929498,0.7090301003344481,0.0431,0.9075520833333333,1.0,0.05029870310107738,0.2137218135950679,0.06839270571529159,0.03715856813716058
311,2,majority_only,W4A8_pooled_p995,4,8,False,99.5,0,0.6059193613630994,0.13372476834682773,0.08216689910522304,0.6688963210702341,0.1589,0.6953124999999999,1.0,0.13626071345888674,0.2137218135950679,0.06332287677101162,0.0336806985785007
311,2,majority_only,W8A4_pooled_p995,8,4,False,99.5,0,0.607126651987639,0.13181390676843227,0.0836175640174823,0.7591973244147158,0.1431,0.5568627450980392,0.99609375,0.28998749518611583,0.2137218135950679,0.08831807735767969,0.05219695203990048
311,2,majority_only,W4A4_pooled_p995,4,4,False,99.5,0,0.596591332858402,0.12587467519003911,0.08383385631860313,0.7302118171683389,0.1905,0.5481770833333334,1.0,0.2642789693858678,0.2137218135950679,0.08095360685463775,0.04598913192829647
311,2,majority_only,W8A4_channel_p995,8,4,True,99.5,0,0.6045701301995214,0.13643275702777607,0.08368811080914533,0.7357859531772575,0.1581,0.5958005249343832,0.9921875,0.2720320755334943,0.2137218135950679,0.08953830328664612,0.05417507871241852
311,2,majority_only,W8A4_channel_minmax,8,4,True,100.0,0,0.5827250648499257,0.11756937581246463,0.09821424082659712,0.7692307692307693,0.2553,0.49411764705882355,0.99609375,0.7793690931379326,0.2137218135950679,0.16209021961740103,0.1124921363287187
311,3,representative,W8A8_pooled_p995,8,8,False,99.5,25,0.6173600259926316,0.1383738032364516,0.08175572298499353,0.7045707915273133,0.0349,0.9166666666666665,1.0,0.043233218063544576,0.2137218135950679,0.06679713781512794,0.03690765824668402
311,3,representative,W4A8_pooled_p995,4,8,False,99.5,25,0.6070504768234615,0.13381089807348934,0.08214189739169997,0.6688963210702341,0.1571,0.6888020833333333,1.0,0.13397759715373053,0.2137218135950679,0.06413812231333438,0.03310522176408062
311,3,representative,W8A4_pooled_p995,8,4,False,99.5,25,0.6050322636111364,0.13250598288277918,0.08286879057743968,0.6767001114827201,0.1325,0.5477124183006535,0.99609375,0.24502081923154617,0.2137218135950679,0.07827579336102658,0.044656671774874264
311,3,representative,W4A4_pooled_p995,4,4,False,99.5,25,0.5937844250201858,0.1264569242744143,0.083257554829219,0.6321070234113713,0.1949,0.5699346405228759,0.99609375,0.25453925472443456,0.2137218135950679,0.08799175189184288,0.045073728717715665
311,3,representative,W8A4_channel_p995,8,4,True,99.5,25,0.6087597029952392,0.1348633161007388,0.08363770804284525,0.758082497212932,0.1458,0.5859375,1.0,0.27692294124426375,0.2137218135950679,0.08943271787081147,0.05105909043451429
311,3,representative,W8A4_channel_minmax,8,4,True,100.0,25,0.5980542756617534,0.12958070028244287,0.0866850384053194,0.7491638795986622,0.2026,0.5137254901960784,0.99609375,0.44463797317909304,0.2137218135950679,0.10219279005291461,0.06596298336662318
311,3,balanced,W8A8_pooled_p995,8,8,False,99.5,128,0.6171510953976362,0.13784637403712618,0.08177433741946932,0.7134894091415831,0.0414,0.9114583333333333,1.0,0.049235837640454604,0.2137218135950679,0.07002798585491772,0.03721031222719667
311,3,balanced,W4A8_pooled_p995,4,8,False,99.5,128,0.6061611134114705,0.1333466417919349,0.08218678621472522,0.6700111482720178,0.1574,0.6966145833333333,1.0,0.13519611926855987,0.2137218135950679,0.06468730477281935,0.03327447254529893
311,3,balanced,W8A4_pooled_p995,8,4,False,99.5,128,0.6148415917866027,0.13118563378179368,0.08371063261455809,0.7792642140468228,0.1503,0.5712418300653594,0.99609375,0.29847042180334643,0.2137218135950679,0.09043904007890954,0.05827331992010219
311,3,balanced,W4A4_pooled_p995,4,4,False,99.5,128,0.585966428306985,0.119958423404224,0.08450173644823719,0.6945373467112598,0.1932,0.5364583333333334,1.0,0.28143451817696385,0.2137218135950679,0.08686199547504314,0.045701590276674725
311,3,balanced,W8A4_channel_p995,8,4,True,99.5,128,0.6074312301762402,0.13130033605075514,0.08365385686667934,0.7491638795986622,0.1487,0.5725490196078431,0.99609375,0.28715758736733377,0.2137218135950679,0.08892785776765402,0.05026726808895053
311,3,balanced,W8A4_channel_minmax,8,4,True,100.0,128,0.5778439758732925,0.11362592723597906,0.09616210391110101,0.7591973244147158,0.2545,0.5111989459815546,0.98828125,0.6902052367476852,0.2137218135950679,0.14099429054961865,0.09818610973233328
311,3,majority_only,W8A8_pooled_p995,8,8,False,99.5,0,0.6170747977653489,0.13786956459571192,0.08178014439154221,0.7101449275362319,0.0415,0.91015625,1.0,0.05001548332296146,0.2137218135950679,0.06825651953444756,0.037162339714093086
311,3,majority_only,W4A8_pooled_p995,4,8,False,99.5,0,0.6062287770420303,0.13331332692636993,0.08218575047773481,0.6677814938684504,0.1605,0.6966145833333333,1.0,0.1356864008818799,0.2137218135950679,0.0648320816841848,0.033553500261385705
311,3,majority_only,W8A4_pooled_p995,8,4,False,99.5,0,0.6071733735714555,0.12956090597653155,0.0838476473525765,0.7547380156075808,0.1483,0.57421875,1.0,0.29114561398786576,0.2137218135950679,0.08760304243465844,0.055045712321348854
311,3,majority_only,W4A4_pooled_p995,4,4,False,99.5,0,0.5942489465599382,0.12522442244516074,0.08383491891796321,0.705685618729097,0.1904,0.56640625,1.0,0.26892207723845496,0.2137218135950679,0.0821621145881435,0.04821940251783877
311,3,majority_only,W8A4_channel_p995,8,4,True,99.5,0,0.6041439411780772,0.13616481239865544,0.08273933710048978,0.68561872909699,0.1482,0.5963541666666666,1.0,0.2697060600889156,0.2137218135950679,0.08653210585824662,0.04934565867249079
311,3,majority_only,W8A4_channel_minmax,8,4,True,100.0,0,0.5920718922094483,0.1265856314270779,0.08576183712259781,0.7469342251950948,0.1898,0.5230566534914362,0.98828125,0.3675056117586965,0.2137218135950679,0.09653843693852004,0.05616607061852508
311,4,representative,W8A8_pooled_p995,8,8,False,99.5,19,0.617618617406074,0.1384439272809835,0.08175095513926292,0.7034559643255296,0.0343,0.9192708333333333,1.0,0.04315405785393173,0.2137218135950679,0.06953855446865617,0.037149417259454434
311,4,representative,W4A8_pooled_p995,4,8,False,99.5,19,0.607142695309998,0.133280537176529,0.08217502212095736,0.6644370122630993,0.1578,0.7005208333333333,1.0,0.134795431113527,0.2137218135950679,0.0656683704668162,0.033286310078732465
311,4,representative,W8A4_pooled_p995,8,4,False,99.5,19,0.6111006809104427,0.13472925316720363,0.08278724801531896,0.7023411371237458,0.132,0.5839895013123358,0.9921875,0.2614948091925189,0.2137218135950679,0.08363324271398882,0.04376618043696996
311,4,representative,W4A4_pooled_p995,4,4,False,99.5,19,0.5930438603613716,0.1242274259177395,0.08352094621467958,0.6443701226309922,0.1972,0.5729166666666665,1.0,0.26286621932000537,0.2137218135950679,0.08350039426037778,0.04641272331516528
311,4,representative,W8A4_channel_p995,8,4,True,99.5,19,0.6122377973081754,0.1345310581036612,0.0834938828368259,0.7536231884057971,0.147,0.5800524934383201,0.9921875,0.281067591356736,0.2137218135950679,0.08770813942395107,0.05184262305335222
311,4,representative,W8A4_channel_minmax,8,4,True,100.0,19,0.5866940113461805,0.1190781191077146,0.09337518422207622,0.7469342251950948,0.2343,0.46981627296587924,0.9921875,0.6468621552642113,0.2137218135950679,0.14412038708043334,0.10070961763688381
311,4,balanced,W8A8_pooled_p995,8,8,False,99.5,128,0.617409564342969,0.13808077461918608,0.08178065807493248,0.7023411371237458,0.0354,0.9153645833333333,1.0,0.04283178867060705,0.2137218135950679,0.06751675781763797,0.0369664140543156
311,4,balanced,W4A8_pooled_p995,4,8,False,99.5,128,0.6067643913194114,0.13361054480073897,0.08217195396090435,0.6666666666666666,0.1577,0.7018229166666666,1.0,0.13587562829309544,0.2137218135950679,0.06274288459279156,0.03333756908036788
311,4,balanced,W8A4_pooled_p995,8,4,False,99.5,128,0.6105520237793879,0.1342473835799235,0.08277935332865857,0.7045707915273133,0.133,0.5712418300653594,0.99609375,0.2591707230313658,0.2137218135950679,0.07838699418981512,0.04377633044062058
311,4,balanced,W4A4_pooled_p995,4,4,False,99.5,128,0.5947590262364656,0.12480674716799586,0.08348131650278058,0.6499442586399108,0.1933,0.5677083333333333,1.0,0.26424970342917053,0.2137218135950679,0.08691271994726013,0.0459468028637984
311,4,balanced,W8A4_channel_p995,8,4,True,99.5,128,0.609585321756178,0.13126288889550902,0.08361065471802591,0.7469342251950948,0.145,0.562992125984252,0.9921875,0.2875524102519336,0.2137218135950679,0.09041942812168827,0.0527018833406101
311,4,balanced,W8A4_channel_minmax,8,4,True,100.0,128,0.5830824267937689,0.1174156143226704,0.09522717398728582,0.7480490523968785,0.2596,0.5072463768115941,0.98828125,0.6551703382681945,0.2137218135950679,0.15642292855454654,0.10099011406755179
311,4,majority_only,W8A8_pooled_p995,8,8,False,99.5,0,0.6167429704223595,0.13791315470435125,0.08177811306773691,0.7079152731326644,0.0423,0.9036458333333333,1.0,0.049405522942911964,0.2137218135950679,0.06923795239002545,0.03706982503554833
311,4,majority_only,W4A8_pooled_p995,4,8,False,99.5,0,0.6062998085456042,0.13324905451077912,0.08217850873060147,0.673355629877369,0.1595,0.6888020833333333,1.0,0.1363804456380279,0.2137218135950679,0.06472207707230006,0.03353447050684265
311,4,majority_only,W8A4_pooled_p995,8,4,False,99.5,0,0.6081907773920441,0.13013096939762764,0.08380710071662932,0.7658862876254181,0.1497,0.5607843137254902,0.99609375,0.2994200116210567,0.2137218135950679,0.09150464117710058,0.05455959202530318
311,4,majority_only,W4A4_pooled_p995,4,4,False,99.5,0,0.5941915702505856,0.1252147681168173,0.08395249429761352,0.717948717948718,0.1877,0.5633986928104575,0.99609375,0.27001776812411404,0.2137218135950679,0.08648118079900612,0.04833467753757439
311,4,majority_only,W8A4_channel_p995,8,4,True,99.5,0,0.6052828945974541,0.13350005474112972,0.08286910209306993,0.7012263099219621,0.1453,0.5853018372703412,0.9921875,0.2464787713758042,0.2137218135950679,0.07461883967158879,0.04820750410094535
311,4,majority_only,W8A4_channel_minmax,8,4,True,100.0,0,0.6061056353578169,0.1252139158010456,0.08566836011320414,0.7068004459308808,0.1825,0.51953125,1.0,0.3806989072600615,0.2137218135950679,0.09907355658336083,0.06285287752416588
311,5,representative,W8A8_pooled_p995,8,8,False,99.5,21,0.6170220140101068,0.13803779166561472,0.08175793757892334,0.705685618729097,0.0416,0.9036458333333333,1.0,0.0500557362742316,0.2137218135950679,0.07044604111985421,0.037257062750293
311,5,representative,W4A8_pooled_p995,4,8,False,99.5,21,0.6060681601162761,0.13340907928742018,0.08217343448237563,0.6767001114827201,0.159,0.6953125,1.0,0.13567300109264258,0.2137218135950679,0.06474505342880707,0.03348817455236246
311,5,representative,W8A4_pooled_p995,8,4,False,99.5,21,0.6069836704696688,0.1312108447740588,0.08369837731562124,0.7591973244147158,0.1466,0.5611979166666665,1.0,0.2880636240503212,0.2137218135950679,0.0872616232601038,0.053404614244248194
311,5,representative,W4A4_pooled_p995,4,4,False,99.5,21,0.5946160447184954,0.12571926502080005,0.08388788783575021,0.7313266443701226,0.1933,0.5677083333333334,1.0,0.2674561604812462,0.2137218135950679,0.08210148181512955,0.04594486932839227
311,5,representative,W8A4_channel_p995,8,4,True,99.5,21,0.6059459981769397,0.1294080199905088,0.083466918571596,0.7536231884057971,0.1511,0.5859375,1.0,0.2493408536224913,0.2137218135950679,0.09075592065874499,0.04900532751664771
311,5,representative,W8A4_channel_minmax,8,4,True,100.0,21,0.602193024191983,0.13269445038565836,0.0842818268421095,0.7335562987736901,0.1754,0.5686274509803921,0.99609375,0.32840423247347705,0.2137218135950679,0.09156062361413835,0.05670933201783908
311,5,balanced,W8A8_pooled_p995,8,8,False,99.5,128,0.6169187121596504,0.13807446615519497,0.08175553495727711,0.7079152731326644,0.0424,0.90234375,1.0,0.04893841066829167,0.2137218135950679,0.06979958194284758,0.037172133221162335
311,5,balanced,W4A8_pooled_p995,4,8,False,99.5,128,0.6063469587678043,0.13335032547107817,0.08216950789394965,0.6677814938684504,0.158,0.6979166666666665,1.0,0.13576584107976403,0.2137218135950679,0.06293967409879506,0.033351522818453334
311,5,balanced,W8A4_pooled_p995,8,4,False,99.5,128,0.6090061700658302,0.13121750553095393,0.08375759917982259,0.758082497212932,0.144,0.55078125,1.0,0.2992107742172304,0.2137218135950679,0.08702042202740569,0.05347720188583241
311,5,balanced,W4A4_pooled_p995,4,4,False,99.5,128,0.5959246777037377,0.12490375336319734,0.08409811542092045,0.738015607580825,0.1933,0.5459317585301837,0.9921875,0.28357944862777146,0.2137218135950679,0.08694964528374721,0.04872277184143166
311,5,balanced,W8A4_channel_p995,8,4,True,99.5,128,0.6034994527512523,0.13246835296913748,0.0838275029495294,0.7435897435897436,0.1466,0.5843137254901961,0.99609375,0.26484679612127865,0.2137218135950679,0.08509872988468364,0.05145193187925176
311,5,balanced,W8A4_channel_minmax,8,4,True,100.0,128,0.5898386249966474,0.12004471654630694,0.0930900013383944,0.7614269788182831,0.2373,0.48697916666666663,1.0,0.6510410073939734,0.2137218135950679,0.13850153049664418,0.09946825150450701
311,5,majority_only,W8A8_pooled_p995,8,8,False,99.5,0,0.6167111899479155,0.13815739656566217,0.08176264378135957,0.7090301003344481,0.043,0.9101562499999999,1.0,0.05086522951215567,0.2137218135950679,0.068308208778769,0.037200655791179475
311,5,majority_only,W4A8_pooled_p995,4,8,False,99.5,0,0.6062393092994567,0.1336382198497446,0.08216676470638824,0.6711259754738016,0.1588,0.6940104166666666,1.0,0.1354344848100214,0.2137218135950679,0.06297361203732538,0.03362549154074901
311,5,majority_only,W8A4_pooled_p995,8,4,False,99.5,0,0.6057186361314479,0.13287711040940642,0.08362266052034134,0.7547380156075808,0.1483,0.5359477124183006,0.99609375,0.2806757411558295,0.2137218135950679,0.08776152520168104,0.052047303786987825
311,5,majority_only,W4A4_pooled_p995,4,4,False,99.5,0,0.597070734273472,0.12701884494363697,0.08388562923661716,0.7279821627647715,0.1903,0.5638020833333333,1.0,0.26771156977931515,0.2137218135950679,0.08914463734591307,0.04737383246544406
311,5,majority_only,W8A4_channel_p995,8,4,True,99.5,0,0.6007719042480635,0.129929612863507,0.08382359990429632,0.7402452619843924,0.1549,0.5895424836601306,0.99609375,0.2668540177095674,0.2137218135950679,0.08800373557097732,0.053968995072164246
311,5,majority_only,W8A4_channel_minmax,8,4,True,100.0,0,0.593840331712223,0.12088222431055698,0.08935976331655918,0.7435897435897436,0.2126,0.4960629921259843,0.9921875,0.5287709872826518,0.2137218135950679,0.11712888703552143,0.08283258036785096
311,6,representative,W8A8_pooled_p995,8,8,False,99.5,22,0.6168633565741064,0.13826964354843563,0.0817307303676756,0.6989966555183946,0.039,0.90234375,1.0,0.0503238604657349,0.2137218135950679,0.0668860185612146,0.03681752817226732
311,6,representative,W4A8_pooled_p995,4,8,False,99.5,22,0.6063405904261044,0.13335103964983758,0.0821706764170067,0.6577480490523969,0.1591,0.703125,1.0,0.1347538973293829,0.2137218135950679,0.06220402752228585,0.032917629459101067
311,6,representative,W8A4_pooled_p995,8,4,False,99.5,22,0.6048658294501758,0.12776194193089363,0.08424602132454083,0.7736900780379041,0.1636,0.5450980392156862,0.99609375,0.2976934916460802,0.2137218135950679,0.08312490966652636,0.05749706620059737
311,6,representative,W4A4_pooled_p995,4,4,False,99.5,22,0.590534121391125,0.1216436752943906,0.08436883120487548,0.7357859531772575,0.1973,0.5498687664041995,0.9921875,0.2815948259674664,0.2137218135950679,0.08686682046119214,0.04975891263942231
311,6,representative,W8A4_channel_p995,8,4,True,99.5,22,0.6064969822020769,0.13016031565561947,0.08332278043876941,0.7112597547380156,0.1353,0.573490813648294,0.9921875,0.2602369478372998,0.2137218135950679,0.08446092200008448,0.047171533239542485
311,6,representative,W8A4_channel_minmax,8,4,True,100.0,22,0.5918389578649694,0.12654697841408555,0.09233604022666356,0.7346711259754738,0.2378,0.5033200531208498,0.98046875,0.6424641732643371,0.2137218135950679,0.14712115207305781,0.10497783081148468
311,6,balanced,W8A8_pooled_p995,8,8,False,99.5,128,0.617778315821006,0.13853107381463284,0.08172692426394776,0.7090301003344481,0.0343,0.9231770833333333,1.0,0.0398670105742733,0.2137218135950679,0.06892788324490665,0.03712462494029319
311,6,balanced,W4A8_pooled_p995,4,8,False,99.5,128,0.607307414917424,0.1344481487115081,0.08213085511867461,0.6688963210702341,0.1575,0.6914062499999999,1.0,0.1355128438102116,0.2137218135950679,0.06542261298768068,0.033724774435490996
311,6,balanced,W8A4_pooled_p995,8,4,False,99.5,128,0.611347025512924,0.13713154077312703,0.08226026847589415,0.5919732441471572,0.1574,0.5915678524374175,0.98828125,0.20176832788441096,0.2137218135950679,0.06990161513481144,0.04290845911167426
311,6,balanced,W4A4_pooled_p995,4,4,False,99.5,128,0.6042532439659044,0.13353672267836061,0.08258631207025964,0.5540691192865106,0.224,0.5826771653543307,0.9921875,0.22042747546714325,0.2137218135950679,0.06997085072224084,0.03416083912597989
311,6,balanced,W8A4_channel_p995,8,4,True,99.5,128,0.61367771610692,0.13597995064844134,0.08342874041154216,0.7647714604236343,0.1509,0.5633986928104574,0.99609375,0.2624933550796532,0.2137218135950679,0.08639706758663969,0.05018685478470725
311,6,balanced,W8A4_channel_minmax,8,4,True,100.0,128,0.5888819653584255,0.12698209941531685,0.08644058665321541,0.7290969899665551,0.2,0.531496062992126,0.9921875,0.4283075567947582,0.2137218135950679,0.10655233450455186,0.06685118383213157
311,6,majority_only,W8A8_pooled_p995,8,8,False,99.5,0,0.616660120746208,0.13772072057151696,0.08179468736975722,0.7034559643255296,0.0417,0.90625,1.0,0.04861183187213934,0.2137218135950679,0.0680638940806278,0.03708154481027479
311,6,majority_only,W4A8_pooled_p995,4,8,False,99.5,0,0.6061958943545998,0.1333574926405809,0.08218066492547306,0.6767001114827201,0.1582,0.6966145833333333,1.0,0.13449582096654744,0.2137218135950679,0.0638810957951423,0.03336900305113895
311,6,majority_only,W8A4_pooled_p995,8,4,False,99.5,0,0.6073403588389092,0.1297043284073789,0.08384509844522177,0.7536231884057971,0.1504,0.5669291338582677,0.9921875,0.2961359469231882,0.2137218135950679,0.08836736576105335,0.05644788370066524
311,6,majority_only,W4A4_pooled_p995,4,4,False,99.5,0,0.5908660099681693,0.12423379918381064,0.08399472742458347,0.7302118171683389,0.1949,0.5572916666666666,1.0,0.27387516487385555,0.2137218135950679,0.08155373596407697,0.0494462945937072
311,6,majority_only,W8A4_channel_p995,8,4,True,99.5,0,0.6106777985279579,0.13748221919591436,0.08348821269542647,0.7547380156075808,0.1502,0.5520421607378129,0.98828125,0.2880353957445045,0.2137218135950679,0.09238776430096529,0.05201909150986603
311,6,majority_only,W8A4_channel_minmax,8,4,True,100.0,0,0.5860542379415756,0.11858087068240947,0.09349357077106894,0.7591973244147158,0.2357,0.4797385620915033,0.99609375,0.624753505830304,0.2137218135950679,0.15146798058063338,0.09968401965102197
311,7,representative,W8A8_pooled_p995,8,8,False,99.5,22,0.6171882644689028,0.13804660493436677,0.08176260364019361,0.7090301003344481,0.0418,0.9062499999999999,1.0,0.04937432712670444,0.2137218135950679,0.06757707604239789,0.03718961086263377
311,7,representative,W4A8_pooled_p995,4,8,False,99.5,22,0.6063805150298376,0.13339630795059831,0.082161706713869,0.6722408026755853,0.1586,0.6901041666666666,1.0,0.13563453793556018,0.2137218135950679,0.0637182170593146,0.0333915429479166
311,7,representative,W8A4_pooled_p995,8,4,False,99.5,22,0.6062767233069426,0.12926051403627747,0.08391522716842333,0.7670011148272018,0.1478,0.5581699346405228,0.99609375,0.2978507246487227,0.2137218135950679,0.09196437723628846,0.05520109802631134
311,7,representative,W4A4_pooled_p995,4,4,False,99.5,22,0.5942270247683179,0.12642923405340015,0.08377856499827671,0.6989966555183946,0.1899,0.5699346405228758,0.99609375,0.26945805725580396,0.2137218135950679,0.08462415917603174,0.0482791592065527
311,7,representative,W8A4_channel_p995,8,4,True,99.5,22,0.6078809943087845,0.13335116733966115,0.08380871725077917,0.7803790412486065,0.1475,0.547244094488189,0.9921875,0.27087685429977926,0.2137218135950679,0.089817478796155,0.055590519699299595
311,7,representative,W8A4_channel_minmax,8,4,True,100.0,22,0.5983715292996991,0.12645142787044164,0.08555723056852094,0.7736900780379041,0.1844,0.5362318840579711,0.98828125,0.35700349519890195,0.2137218135950679,0.09999943653780753,0.058525974559726635
311,7,balanced,W8A8_pooled_p995,8,8,False,99.5,128,0.6168752359807387,0.13811356164000638,0.08174038782140486,0.6989966555183946,0.0399,0.9114583333333333,1.0,0.04860761248591398,0.2137218135950679,0.06639812311482057,0.03649169556581852
311,7,balanced,W4A8_pooled_p995,4,8,False,99.5,128,0.6069357242047564,0.13397993212909573,0.08212565136767862,0.6488294314381271,0.1598,0.6940104166666665,1.0,0.13432301591814433,0.2137218135950679,0.06342217834830505,0.03298774786086986
311,7,balanced,W8A4_pooled_p995,8,4,False,99.5,128,0.6079519645783038,0.12964108685610692,0.08388138991599413,0.7603121516164995,0.1486,0.5611979166666667,1.0,0.29739959458719756,0.2137218135950679,0.09054637014941813,0.05617942253590882
311,7,balanced,W4A4_pooled_p995,4,4,False,99.5,128,0.5883107740952026,0.12249828426130277,0.08409462950304633,0.7146042363433668,0.1942,0.5503267973856208,0.99609375,0.2735180289781207,0.2137218135950679,0.0826421072773374,0.047576121623091626
311,7,balanced,W8A4_channel_p995,8,4,True,99.5,128,0.6006335765182584,0.12791262221389207,0.08426037715423369,0.7525083612040134,0.1514,0.5751633986928103,0.99609375,0.2901189504813191,0.2137218135950679,0.09095223307781065,0.05112352775010656
311,7,balanced,W8A4_channel_minmax,8,4,True,100.0,128,0.5961972917157305,0.1260121343957365,0.08601588123102508,0.7357859531772575,0.1907,0.5111111111111112,0.99609375,0.3846537212688789,0.2137218135950679,0.09596472324246286,0.057454411266803104
311,7,majority_only,W8A8_pooled_p995,8,8,False,99.5,0,0.6168444352511717,0.13809585526834336,0.08176396089856496,0.7101449275362319,0.0427,0.9036458333333333,1.0,0.0509352834671888,0.2137218135950679,0.06683485861794633,0.0371397485393507
311,7,majority_only,W4A8_pooled_p995,4,8,False,99.5,0,0.6061568270276341,0.13379213866240422,0.08215190272249792,0.6722408026755853,0.1583,0.6927083333333333,1.0,0.1357104975222521,0.2137218135950679,0.06367967546761152,0.03359472372072643
311,7,majority_only,W8A4_pooled_p995,8,4,False,99.5,0,0.607969477517978,0.13186378437249208,0.0835815878548741,0.7658862876254181,0.1427,0.5620915032679737,0.99609375,0.2918169498286776,0.2137218135950679,0.08840395555809985,0.05269503164912637
311,7,majority_only,W4A4_pooled_p995,4,4,False,99.5,0,0.5964077531620959,0.12646637381110123,0.08388360289127274,0.725752508361204,0.1903,0.5455729166666666,1.0,0.2679915038393987,0.2137218135950679,0.08597492717549535,0.04632869531505336
311,7,majority_only,W8A4_channel_p995,8,4,True,99.5,0,0.6097134846328854,0.13501074436321484,0.08357651841773277,0.7591973244147158,0.1452,0.5813648293963254,0.9921875,0.27273324975747854,0.2137218135950679,0.08666139339188758,0.04955530778349986
311,7,majority_only,W8A4_channel_minmax,8,4,True,100.0,0,0.5917064473703708,0.12283413998008322,0.08846854417295293,0.7525083612040134,0.2044,0.50390625,1.0,0.4512555086705287,0.2137218135950679,0.10523619687541219,0.06899258834520826
311,8,representative,W8A8_pooled_p995,8,8,False,99.5,28,0.6173426355210669,0.13811933198573267,0.08175441031970607,0.7023411371237458,0.036,0.9088541666666667,1.0,0.04602555375332189,0.2137218135950679,0.06854114150133657,0.03687753648135114
311,8,representative,W4A8_pooled_p995,4,8,False,99.5,28,0.6067106278192924,0.1338014391518398,0.08215809568210618,0.6610925306577481,0.1571,0.69921875,1.0,0.1336689497670478,0.2137218135950679,0.06345858094752156,0.03322817977917526
311,8,representative,W8A4_pooled_p995,8,4,False,99.5,28,0.6077714465847379,0.13224365561175228,0.08319106894322496,0.7146042363433668,0.1362,0.5633986928104575,0.99609375,0.26815272788496125,0.2137218135950679,0.08484399229244388,0.0471463224468392
311,8,representative,W4A4_pooled_p995,4,4,False,99.5,28,0.5971420107132653,0.12702277027586284,0.08334115095396012,0.6778149386845039,0.1922,0.5690104166666667,1.0,0.25573523382715313,0.2137218135950679,0.07804290943128238,0.046385751766175355
311,8,representative,W8A4_channel_p995,8,4,True,99.5,28,0.6069267840327548,0.13593707827577553,0.08334392960242099,0.7447045707915273,0.1498,0.610236220472441,0.9921875,0.25953250734742234,0.2137218135950679,0.0906025916149535,0.05157528820792977
311,8,representative,W8A4_channel_minmax,8,4,True,100.0,28,0.6027874231619771,0.13097002284875106,0.08665393381011842,0.7670011148272018,0.2058,0.5372549019607843,0.99609375,0.43689479273800125,0.2137218135950679,0.10684784732697956,0.06673091907825525
311,8,balanced,W8A8_pooled_p995,8,8,False,99.5,128,0.6174369971995217,0.13860697946919454,0.08172267145474395,0.7045707915273133,0.0329,0.9192708333333333,1.0,0.03968450100431706,0.2137218135950679,0.06406769393159863,0.03686257847323091
311,8,balanced,W4A8_pooled_p995,4,8,False,99.5,128,0.6073096805774518,0.13443705649545118,0.08212980294845909,0.6633221850613155,0.1584,0.6875,1.0,0.13441915960135725,0.2137218135950679,0.06472176402539792,0.03330880283742595
311,8,balanced,W8A4_pooled_p995,8,4,False,99.5,128,0.6102002341345321,0.1343506169089475,0.0824755583883168,0.6231884057971014,0.1399,0.6223958333333333,1.0,0.20841183241185565,0.2137218135950679,0.07386539425399637,0.04483930440462104
311,8,balanced,W4A4_pooled_p995,4,4,False,99.5,128,0.6020550638665069,0.13611420090483814,0.08238960176933348,0.5663322185061316,0.2118,0.5729166666666666,1.0,0.22760214540582033,0.2137218135950679,0.0733865734565943,0.03762272522817204
311,8,balanced,W8A4_channel_p995,8,4,True,99.5,128,0.5963443759153726,0.1310915275636554,0.08420751116746342,0.7402452619843924,0.1556,0.5740740740740741,0.984375,0.2741605571461807,0.2137218135950679,0.08999364505237864,0.05237664346967473
311,8,balanced,W8A4_channel_minmax,8,4,True,100.0,128,0.5774991056766295,0.11798909889738195,0.09846656227867555,0.7614269788182831,0.2555,0.4894179894179894,0.984375,0.7216742652245058,0.2137218135950679,0.16702732172513668,0.11209197506003521
311,8,majority_only,W8A8_pooled_p995,8,8,False,99.5,0,0.6172974447886207,0.13865822871172112,0.08170740294396332,0.6967670011148273,0.0417,0.90234375,1.0,0.05117564786382873,0.2137218135950679,0.06777348230612579,0.03691132480187065
311,8,majority_only,W4A8_pooled_p995,4,8,False,99.5,0,0.6070466803120634,0.134255914363769,0.0821047121868866,0.6510590858416946,0.1609,0.6940104166666666,1.0,0.13532739825061518,0.2137218135950679,0.06320685864439772,0.03319219278812196
311,8,majority_only,W8A4_pooled_p995,8,4,False,99.5,0,0.6094938993123538,0.13171809362662032,0.08351202941118448,0.7658862876254181,0.1453,0.5677083333333333,1.0,0.2826022979122275,0.2137218135950679,0.0884914067587047,0.05518110071215983
311,8,majority_only,W4A4_pooled_p995,4,4,False,99.5,0,0.5953869202344383,0.12649401227471627,0.0836945910063491,0.7235228539576366,0.1913,0.5651041666666667,1.0,0.2612416939389071,0.2137218135950679,0.08554236801094514,0.04630355022717314
311,8,majority_only,W8A4_channel_p995,8,4,True,99.5,0,0.6036694997214462,0.13236723508980547,0.0834692147802466,0.7614269788182831,0.153,0.6013071895424836,0.99609375,0.2761383657481932,0.2137218135950679,0.08929883445481815,0.04935314170423584
311,8,majority_only,W8A4_channel_minmax,8,4,True,100.0,0,0.6026250304486337,0.13397164176408263,0.08512342111255712,0.745819397993311,0.1869,0.5270092226613965,0.98828125,0.3882698539558628,0.2137218135950679,0.09467714206487773,0.06216081065062935
311,9,representative,W8A8_pooled_p995,8,8,False,99.5,22,0.6170956785780375,0.1384335987491773,0.0817305532908638,0.6945373467112598,0.0399,0.9088541666666666,1.0,0.050524570381012754,0.2137218135950679,0.06641825983595405,0.03704729932736696
311,9,representative,W4A8_pooled_p995,4,8,False,99.5,22,0.6061776466062679,0.13371516771370684,0.0821632550674335,0.6488294314381271,0.1612,0.7005208333333333,1.0,0.13453839760658928,0.2137218135950679,0.06377185406142763,0.03269837352877071
311,9,representative,W8A4_pooled_p995,8,4,False,99.5,22,0.614109354959242,0.1331779213383276,0.08365075051435206,0.7892976588628763,0.1596,0.5690104166666666,1.0,0.3013517429571134,0.2137218135950679,0.08588805962057317,0.05783782913933433
311,9,representative,W4A4_pooled_p995,4,4,False,99.5,22,0.5879611888763195,0.12186952681749262,0.08449743421202568,0.7123745819397993,0.1973,0.5503267973856208,0.99609375,0.2894541682136876,0.2137218135950679,0.09171073597280888,0.05149083980647093
311,9,representative,W8A4_channel_p995,8,4,True,99.5,22,0.6064993090961597,0.13146189570610833,0.08374256944096287,0.7369007803790413,0.1524,0.5856209150326797,0.99609375,0.2805754477934708,0.2137218135950679,0.08181205453508723,0.049445778422573056
311,9,representative,W8A4_channel_minmax,8,4,True,100.0,22,0.5389722917126688,0.10117208850735185,0.2228153670787604,0.903010033444816,0.38,0.45751633986928103,0.796875,1.2055851407426128,0.2137218135950679,0.33055481242969564,0.16335094887114077
311,9,balanced,W8A8_pooled_p995,8,8,False,99.5,128,0.6163918543521063,0.1378302108305628,0.08177695851296189,0.7068004459308808,0.0402,0.9036458333333333,1.0,0.05000683383335866,0.2137218135950679,0.06817823801499551,0.037330633892968194
311,9,balanced,W4A8_pooled_p995,4,8,False,99.5,128,0.6056889988489222,0.13316235109134067,0.08219284988011899,0.6778149386845039,0.1596,0.69140625,1.0,0.13602009778384871,0.2137218135950679,0.0658732325356422,0.03321029360842563
311,9,balanced,W8A4_pooled_p995,8,4,False,99.5,128,0.6124172130887546,0.13240679578609993,0.08366491469072328,0.7658862876254181,0.1519,0.5803921568627451,0.99609375,0.2918521237712952,0.2137218135950679,0.09051996396831359,0.0576574949355784
311,9,balanced,W4A4_pooled_p995,4,4,False,99.5,128,0.5875536150075361,0.11966683511862759,0.08447716715139984,0.7168338907469343,0.1914,0.5377604166666666,1.0,0.2837848918942789,0.2137218135950679,0.09233936017064799,0.04657813569767014
311,9,balanced,W8A4_channel_p995,8,4,True,99.5,128,0.6137054551337467,0.13656456061824812,0.08317880773041629,0.7714604236343366,0.1536,0.6026143790849674,0.99609375,0.26481884827772467,0.2137218135950679,0.08862102490832896,0.05231488042320908
311,9,balanced,W8A4_channel_minmax,8,4,True,100.0,128,0.5932527297223121,0.1233708540802621,0.08811489010824194,0.7424749163879598,0.2123,0.5380577427821522,0.9921875,0.45859727061011163,0.2137218135950679,0.10742004928190504,0.070825331087502
311,9,majority_only,W8A8_pooled_p995,8,8,False,99.5,0,0.6167027396483524,0.13856161206483322,0.08175273723081511,0.7112597547380156,0.0391,0.9101562499999999,1.0,0.04518176991353295,0.2137218135950679,0.06715475297703954,0.03716309814710491
311,9,majority_only,W4A8_pooled_p995,4,8,False,99.5,0,0.6064103360145277,0.13380261830946047,0.08215216999163408,0.6722408026755853,0.1586,0.6927083333333333,1.0,0.13640590378924367,0.2137218135950679,0.06588528210826244,0.033669779345729976
311,9,majority_only,W8A4_pooled_p995,8,4,False,99.5,0,0.6074923417629358,0.13238289779016818,0.08285823055817011,0.7201783723522854,0.1318,0.60546875,1.0,0.24010861903834724,0.2137218135950679,0.07909032615318881,0.04420173973473668
311,9,majority_only,W4A4_pooled_p995,4,4,False,99.5,0,0.6022407255206763,0.1325685714557902,0.08276543175071312,0.6622073578595318,0.1945,0.5598958333333334,1.0,0.2425474760166355,0.2137218135950679,0.07950889521200598,0.04177207606738559
311,9,majority_only,W8A4_channel_p995,8,4,True,99.5,0,0.6000751831724898,0.12699064493522982,0.08360729513230213,0.7614269788182831,0.1627,0.5777777777777777,0.99609375,0.2751853373648466,0.2137218135950679,0.08301342200227257,0.049943870723615405
311,9,majority_only,W8A4_channel_minmax,8,4,True,100.0,0,0.5943360213858712,0.12351103837531342,0.08594839660532338,0.725752508361204,0.1781,0.5247395833333333,1.0,0.3735687133384069,0.2137218135950679,0.09510367370760214,0.060118960081926666
311,10,representative,W8A8_pooled_p995,8,8,False,99.5,22,0.6168982599853454,0.13801584288898527,0.08176981330382296,0.7068004459308808,0.0422,0.9049479166666666,1.0,0.049264180909287074,0.2137218135950679,0.06941555333472284,0.03703211531972003
311,10,representative,W4A8_pooled_p995,4,8,False,99.5,22,0.6061152491044214,0.13325978364096214,0.0821994376522485,0.6722408026755853,0.1597,0.6966145833333333,1.0,0.1356531058675252,0.2137218135950679,0.06461267647178631,0.03353272362950645
311,10,representative,W8A4_pooled_p995,8,4,False,99.5,22,0.6059037466791242,0.12964780327736336,0.08387322361699723,0.7547380156075808,0.1464,0.5611979166666666,1.0,0.2924872076636975,0.2137218135950679,0.08932427735928608,0.05355350898100189
311,10,representative,W4A4_pooled_p995,4,4,False,99.5,22,0.5935270582878394,0.12410999613676338,0.08421083584414857,0.7201783723522854,0.191,0.5546875,1.0,0.27417091923537995,0.2137218135950679,0.08689533103885458,0.04873483294745885
311,10,representative,W8A4_channel_p995,8,4,True,99.5,22,0.6071360207980242,0.13484881199749418,0.08349565363812918,0.758082497212932,0.1515,0.5803921568627451,0.99609375,0.2645780064033296,0.2137218135950679,0.08722031880233291,0.05373701304403197
311,10,representative,W8A4_channel_minmax,8,4,True,100.0,22,0.5975121705745627,0.12473424413808229,0.08815621775370865,0.7614269788182831,0.2033,0.50390625,1.0,0.49261618486268477,0.2137218135950679,0.11276166085313226,0.07496172492921153
311,10,balanced,W8A8_pooled_p995,8,8,False,99.5,128,0.6182602890663778,0.1390888419943963,0.08168534815703883,0.6967670011148273,0.0282,0.9166666666666665,1.0,0.03712877820858351,0.2137218135950679,0.06857703159840231,0.036964811803445824
311,10,balanced,W4A8_pooled_p995,4,8,False,99.5,128,0.6080722282619412,0.1341633568289077,0.08210900449332166,0.6588628762541806,0.1564,0.70703125,1.0,0.133089184660386,0.2137218135950679,0.06462081070883535,0.03297091235000265
311,10,balanced,W8A4_pooled_p995,8,4,False,99.5,128,0.6181174912505721,0.1407432169594553,0.08206099069483601,0.5875139353400223,0.1708,0.5908496732026144,0.99609375,0.20922299673931055,0.2137218135950679,0.06995506471202736,0.04295864957728624
311,10,balanced,W4A4_pooled_p995,4,4,False,99.5,128,0.5990087308740022,0.13740533306268488,0.08253818606522142,0.5273132664437012,0.2255,0.5816993464052287,0.99609375,0.22081336684235245,0.2137218135950679,0.0689083056653979,0.03524718370572465
311,10,balanced,W8A4_channel_p995,8,4,True,99.5,128,0.6045715385827819,0.13091259791158544,0.08405081665247663,0.7491638795986622,0.1531,0.5690104166666666,1.0,0.2869095500133778,0.2137218135950679,0.09205729439325114,0.050339974908286254
311,10,balanced,W8A4_channel_minmax,8,4,True,100.0,128,0.5803679211442538,0.11658574915017622,0.09577732752861748,0.7603121516164995,0.2544,0.5098814229249012,0.98828125,0.6556646073677931,0.2137218135950679,0.13967405190325563,0.09532924412435526
311,10,majority_only,W8A8_pooled_p995,8,8,False,99.5,0,0.6171294185422352,0.1380832048151363,0.08177837814779657,0.7079152731326644,0.0392,0.921875,1.0,0.04375405950185983,0.2137218135950679,0.0710582158928671,0.03714736109683622
311,10,majority_only,W4A8_pooled_p995,4,8,False,99.5,0,0.6067801284714964,0.13376608510509813,0.08217412679748963,0.6700111482720178,0.158,0.6966145833333333,1.0,0.13541004248054078,0.2137218135950679,0.0649400055653452,0.03356331930677381
311,10,majority_only,W8A4_pooled_p995,8,4,False,99.5,0,0.6053056124317868,0.13242480441044485,0.08281482044226202,0.68561872909699,0.1354,0.5744400527009224,0.98828125,0.22678597273504192,0.2137218135950679,0.08059136562387292,0.04422552159934913
311,10,majority_only,W4A4_pooled_p995,4,4,False,99.5,0,0.6014230059528073,0.1320313058467995,0.08276806802143731,0.6622073578595318,0.1905,0.5616797900262468,0.9921875,0.2592581263702308,0.2137218135950679,0.08494601165732371,0.04627489294745432
311,10,majority_only,W8A4_channel_p995,8,4,True,99.5,0,0.6092949498682917,0.13285092928582928,0.08348907317703957,0.7625418060200669,0.1495,0.6039215686274509,0.99609375,0.2725445141718583,0.2137218135950679,0.0940407135761528,0.049085249186977
311,10,majority_only,W8A4_channel_minmax,8,4,True,100.0,0,0.5916125143302997,0.12090229755053103,0.09176459046222338,0.7725752508361204,0.2334,0.4921875,1.0,0.557423822589811,0.2137218135950679,0.11972569288070273,0.08538485006248038
311,11,representative,W8A8_pooled_p995,8,8,False,99.5,23,0.6166888395179116,0.13780812166198875,0.08178807563298426,0.7079152731326644,0.0423,0.8997395833333333,1.0,0.04863618327621799,0.2137218135950679,0.06887758951434626,0.037216714053835614
311,11,representative,W4A8_pooled_p995,4,8,False,99.5,23,0.6058789468869281,0.13326070913338892,0.08219116186109586,0.6755852842809364,0.1581,0.6966145833333333,1.0,0.13457101314245556,0.2137218135950679,0.06427839338587905,0.03331626794669643
311,11,representative,W8A4_pooled_p995,8,4,False,99.5,23,0.607308700832575,0.13015280299848356,0.08382107728600784,0.7536231884057971,0.1511,0.5660130718954248,0.99609375,0.298114906034745,0.2137218135950679,0.08568969637136971,0.058217694592985
311,11,representative,W4A4_pooled_p995,4,4,False,99.5,23,0.5906241966857435,0.12425456759705505,0.08407611595997665,0.717948717948718,0.193,0.5546875,1.0,0.27179486940529995,0.2137218135950679,0.08460913327729236,0.05052086971597619
311,11,representative,W8A4_channel_p995,8,4,True,99.5,23,0.6026560148803651,0.13357787997040818,0.08332603259840889,0.7591973244147158,0.1558,0.5800524934383201,0.9921875,0.27098052371235815,0.2137218135950679,0.0935045561223984,0.0529395079897555
311,11,representative,W8A4_channel_minmax,8,4,True,100.0,23,0.602367847418452,0.12508448731234179,0.08704096567430421,0.7513935340022296,0.2048,0.5170603674540681,0.9921875,0.43835918049065725,0.2137218135950679,0.10074137367376443,0.06379809166959016
311,11,balanced,W8A8_pooled_p995,8,8,False,99.5,128,0.6179419332154454,0.138442820277335,0.08172754428986509,0.7068004459308808,0.0311,0.9296875,1.0,0.038442524119279245,0.2137218135950679,0.06936007497452523,0.037100161425697394
311,11,balanced,W4A8_pooled_p995,4,8,False,99.5,128,0.6073285406663319,0.13370231307378708,0.08218204125491324,0.6700111482720178,0.1579,0.7005208333333333,1.0,0.13378204811116998,0.2137218135950679,0.06558489368514536,0.03316020337073164
311,11,balanced,W8A4_pooled_p995,8,4,False,99.5,128,0.6089751244000441,0.13995630338198478,0.08239813425973712,0.6098104793756968,0.1569,0.5725490196078431,0.99609375,0.22528415297730706,0.2137218135950679,0.07463596089367383,0.04377945333466829
311,11,balanced,W4A4_pooled_p995,4,4,False,99.5,128,0.5973179973867755,0.12822755218849816,0.08317130094637093,0.5395763656633222,0.2252,0.5608465608465608,0.984375,0.24064328691711623,0.2137218135950679,0.07568932358239563,0.038314123952887275
311,11,balanced,W8A4_channel_p995,8,4,True,99.5,128,0.6167309685476177,0.13966262753740227,0.08306536527390411,0.7591973244147158,0.1574,0.5833333333333333,1.0,0.29107514164101017,0.2137218135950679,0.09392372308573567,0.05309277919706837
311,11,balanced,W8A4_channel_minmax,8,4,True,100.0,128,0.5806563947764412,0.11955159765986006,0.1005527395456234,0.7625418060200669,0.2617,0.5,0.9921875,0.8314943562629591,0.2137218135950679,0.1888268580013946,0.11531811376207245
311,11,majority_only,W8A8_pooled_p995,8,8,False,99.5,0,0.6168513546993646,0.13815984489342875,0.0817555529678324,0.7123745819397993,0.0431,0.9023437499999999,1.0,0.05028946286413186,0.2137218135950679,0.06909552028329963,0.03735802206005074
311,11,majority_only,W4A8_pooled_p995,4,8,False,99.5,0,0.6064817349224305,0.1337942540842576,0.08215896049312923,0.6744704570791528,0.1595,0.6940104166666666,1.0,0.13560873248369748,0.2137218135950679,0.06499663894307911,0.03342026569044764
311,11,majority_only,W8A4_pooled_p995,8,4,False,99.5,0,0.6057022866388151,0.1330322528254369,0.08349371118562174,0.7569676700111483,0.1403,0.5516339869281045,0.99609375,0.28072643786176943,0.2137218135950679,0.09113914531341177,0.05404379267093469
311,11,majority_only,W4A4_pooled_p995,4,4,False,99.5,0,0.5975119256383435,0.12648320042320718,0.08379900744530093,0.7224080267558528,0.1923,0.5625,1.0,0.26355443268718537,0.2137218135950679,0.084952558574847,0.04505363622091124
311,11,majority_only,W8A4_channel_p995,8,4,True,99.5,0,0.6045581895588343,0.12919044775739852,0.08376336991039643,0.7513935340022296,0.1476,0.5816993464052287,0.99609375,0.25847141245837213,0.2137218135950679,0.08529393119093974,0.045100182921869764
311,11,majority_only,W8A4_channel_minmax,8,4,True,100.0,0,0.5886985693642839,0.12769325985448618,0.08524203110867144,0.7235228539576366,0.1772,0.5656167979002623,0.9921875,0.3537184652368582,0.2137218135950679,0.09127785869949424,0.05573736932124165
311,12,representative,W8A8_pooled_p995,8,8,False,99.5,19,0.6176911797610182,0.13850365577746782,0.08172715084139483,0.705685618729097,0.0336,0.9192708333333333,1.0,0.039349938503556184,0.2137218135950679,0.06728807835435827,0.0372630435714614
311,12,representative,W4A8_pooled_p995,4,8,False,99.5,19,0.607392652721713,0.1345551535823452,0.08213192332808093,0.6700111482720178,0.1581,0.6940104166666665,1.0,0.13441729586127898,0.2137218135950679,0.06559231851146216,0.03347316675965656
311,12,representative,W8A4_pooled_p995,8,4,False,99.5,19,0.6101946006014899,0.13590821160524594,0.08234466823192528,0.6031215161649944,0.1578,0.5911458333333333,1.0,0.20946057335315876,0.2137218135950679,0.07573156520024367,0.04444263659523301
311,12,representative,W4A4_pooled_p995,4,4,False,99.5,19,0.6043150291272029,0.1366799615258107,0.08249865137100795,0.5585284280936454,0.2193,0.5716145833333334,1.0,0.2272073691131627,0.2137218135950679,0.06751982378388226,0.03428649609751079
311,12,representative,W8A4_channel_p995,8,4,True,99.5,19,0.6068976978567223,0.1335212099993448,0.08290069279418154,0.7023411371237458,0.142,0.5651041666666666,1.0,0.2572051749264467,0.2137218135950679,0.07624739289605204,0.04704816778948539
311,12,representative,W8A4_channel_minmax,8,4,True,100.0,19,0.5877235395096205,0.12327403077507967,0.08489056894683915,0.6688963210702341,0.1691,0.5608465608465608,0.984375,0.3320971785256507,0.2137218135950679,0.09133564255775754,0.05761936462472374
311,12,balanced,W8A8_pooled_p995,8,8,False,99.5,128,0.6171865499153684,0.13760337361890201,0.08180517713565402,0.7090301003344481,0.0389,0.9114583333333333,1.0,0.04405544341512344,0.2137218135950679,0.06919253258076266,0.037061924198701975
311,12,balanced,W4A8_pooled_p995,4,8,False,99.5,128,0.6066402086562663,0.13344836950892355,0.08216870139102413,0.673355629877369,0.1561,0.6927083333333333,1.0,0.13469696996402616,0.2137218135950679,0.06383209536254401,0.03345999396347816
311,12,balanced,W8A4_pooled_p995,8,4,False,99.5,128,0.607645365665894,0.13319276036120845,0.08279356293173958,0.68561872909699,0.1336,0.57421875,1.0,0.24560391477153035,0.2137218135950679,0.08025516161702698,0.04451880303920832
311,12,balanced,W4A4_pooled_p995,4,4,False,99.5,128,0.596740376547798,0.12840420861369264,0.08307417438108412,0.6510590858416946,0.1918,0.5647058823529412,0.99609375,0.25303009943183746,0.2137218135950679,0.0809212039515704,0.04399755488148813
311,12,balanced,W8A4_channel_p995,8,4,True,99.5,128,0.6096951144164438,0.13482775255134116,0.08366775939977013,0.7692307692307693,0.15,0.5958005249343832,0.9921875,0.2969794242320608,0.2137218135950679,0.08755846620314753,0.05488063763106915
311,12,balanced,W8A4_channel_minmax,8,4,True,100.0,128,0.6074758085681384,0.13077184832830605,0.0859903886491617,0.770345596432553,0.1911,0.5084967320261438,0.99609375,0.4224448179720346,0.2137218135950679,0.10256302510556232,0.06499474786401647
311,12,majority_only,W8A8_pooled_p995,8,8,False,99.5,0,0.616728335483261,0.1385354566193424,0.08171822508336601,0.6956521739130435,0.0396,0.8984374999999999,1.0,0.05088568193192723,0.2137218135950679,0.06627313120847145,0.03701945456261588
311,12,majority_only,W4A8_pooled_p995,4,8,False,99.5,0,0.6066433928271163,0.13417650911965287,0.08211786644116749,0.6521739130434783,0.1612,0.6953124999999999,1.0,0.13533930005364786,0.2137218135950679,0.06297103664795427,0.033027866040156374
311,12,majority_only,W8A4_pooled_p995,8,4,False,99.5,0,0.6060003127835519,0.13115639503716628,0.08365584306193787,0.7603121516164995,0.1476,0.5568627450980392,0.99609375,0.27832738656176736,0.2137218135950679,0.08629697059501674,0.05435653133299749
311,12,majority_only,W4A4_pooled_p995,4,4,False,99.5,0,0.5980349257004349,0.1267339939532764,0.08372662587483652,0.7123745819397993,0.1885,0.5546875,1.0,0.26372075904872716,0.2137218135950679,0.089015021611272,0.04496220547326707
311,12,majority_only,W8A4_channel_p995,8,4,True,99.5,0,0.6014895061363259,0.13103762506964498,0.0833267185683676,0.7536231884057971,0.1463,0.5568627450980392,0.99609375,0.26527263413046476,0.2137218135950679,0.07916326456850534,0.048915854741630876
311,12,majority_only,W8A4_channel_minmax,8,4,True,100.0,0,0.5907083935111008,0.12138714016400101,0.09114884701495012,0.7625418060200669,0.2288,0.515032679738562,0.99609375,0.5944832386566271,0.2137218135950679,0.1253221761120683,0.08308885344189862
311,13,representative,W8A8_pooled_p995,8,8,False,99.5,22,0.6178047689326819,0.13888660939593153,0.08171220909770062,0.705685618729097,0.033,0.9062499999999999,1.0,0.0418795425237364,0.2137218135950679,0.06658608611722763,0.03669925926846903
311,13,representative,W4A8_pooled_p995,4,8,False,99.5,22,0.6076465291129354,0.1345469981556561,0.08208504100832227,0.6610925306577481,0.1578,0.6875,1.0,0.13508195637937437,0.2137218135950679,0.06710751091996012,0.033445026975573916
311,13,representative,W8A4_pooled_p995,8,4,False,99.5,22,0.6101928248139005,0.13388062837327713,0.08256345640002911,0.6086956521739131,0.1436,0.6080729166666667,1.0,0.20036098390788218,0.2137218135950679,0.06760553136561585,0.04300238614206778
311,13,representative,W4A4_pooled_p995,4,4,False,99.5,22,0.6014299254010005,0.1309158323265193,0.08278372268122555,0.5663322185061316,0.2173,0.5968379446640316,0.98828125,0.22433239817934875,0.2137218135950679,0.07759102901055961,0.03650695669927967
311,13,representative,W8A4_channel_p995,8,4,True,99.5,22,0.6057622347784692,0.13263400062215397,0.08356229878070795,0.7335562987736901,0.1465,0.5691699604743083,0.98828125,0.26046160805722185,0.2137218135950679,0.08090802571003486,0.048602136434069555
311,13,representative,W8A4_channel_minmax,8,4,True,100.0,22,0.5978237294454117,0.13184553918957911,0.08442150206221306,0.7335562987736901,0.171,0.5564304461942258,0.9921875,0.34165071893254506,0.2137218135950679,0.09728631318562589,0.052382674559474256
311,13,balanced,W8A8_pooled_p995,8,8,False,99.5,128,0.6179714480298617,0.13842283226890828,0.08171950702558747,0.7023411371237458,0.0301,0.9140625,1.0,0.03908994849952334,0.2137218135950679,0.0685871484569609,0.03674990953437553
311,13,balanced,W4A8_pooled_p995,4,8,False,99.5,128,0.6072617955465942,0.13382481517579237,0.08216808281913786,0.6488294314381271,0.1579,0.6953124999999999,1.0,0.13453285549598262,0.2137218135950679,0.0664958642089154,0.03291900882111275
311,13,balanced,W8A4_pooled_p995,8,4,False,99.5,128,0.6159065132337203,0.13969272553163342,0.08230178531805386,0.6588628762541806,0.1488,0.5738562091503268,0.99609375,0.24769046438804643,0.2137218135950679,0.0778654262613295,0.0432000060626961
311,13,balanced,W4A4_pooled_p995,4,4,False,99.5,128,0.5986306718196348,0.12858683758283682,0.08301053289778673,0.5908584169453734,0.2059,0.5533854166666667,1.0,0.2545403318742724,0.2137218135950679,0.07442974707055974,0.04371614023424384
311,13,balanced,W8A4_channel_p995,8,4,True,99.5,128,0.6052190274782921,0.1321295685094713,0.0839836366994655,0.7603121516164995,0.159,0.5624999999999999,1.0,0.31536687938035846,0.2137218135950679,0.10172018422251461,0.05842352556853797
311,13,balanced,W8A4_channel_minmax,8,4,True,100.0,128,0.5633198091799889,0.11445734527158632,0.11461998454597387,0.7290969899665551,0.2911,0.47425474254742545,0.9609375,0.9346010372344727,0.2137218135950679,0.2112616145345474,0.12470791765212341
311,13,majority_only,W8A8_pooled_p995,8,8,False,99.5,0,0.6177690082446756,0.13831764276978797,0.08174437997515854,0.7034559643255296,0.0319,0.9192708333333333,1.0,0.0396352874192233,0.2137218135950679,0.06738836098058434,0.03691600738446818
311,13,majority_only,W4A8_pooled_p995,4,8,False,99.5,0,0.6072726952083495,0.13436214853520156,0.08216676415672625,0.6644370122630993,0.156,0.6979166666666666,1.0,0.13463078392475403,0.2137218135950679,0.06397955190915122,0.03330241611650446
311,13,majority_only,W8A4_pooled_p995,8,4,False,99.5,0,0.6083612530006218,0.13413222371023123,0.0825655954948068,0.6410256410256411,0.1381,0.5751633986928104,0.99609375,0.2188889561976452,0.2137218135950679,0.0741026105688994,0.040762837423735945
311,13,majority_only,W4A4_pooled_p995,4,4,False,99.5,0,0.601333849169011,0.13085809742984544,0.08277555956978547,0.6064659977703456,0.2008,0.5742187499999999,1.0,0.24531364002256567,0.2137218135950679,0.07484801394063617,0.042687197396169774
311,13,majority_only,W8A4_channel_p995,8,4,True,99.5,0,0.6053653156352218,0.12897616346233673,0.08433648932566208,0.7658862876254181,0.1622,0.5790849673202614,0.99609375,0.2906070066846455,0.2137218135950679,0.090705961562983,0.04946020536102034
311,13,majority_only,W8A4_channel_minmax,8,4,True,100.0,0,0.5868185001795995,0.11776735261377627,0.09567105907971733,0.7692307692307693,0.242,0.4967320261437908,0.99609375,0.7323533684358257,0.2137218135950679,0.15396337378856909,0.10924289256412793
311,14,representative,W8A8_pooled_p995,8,8,False,99.5,30,0.6169738840430299,0.1380852698698925,0.0817597060432473,0.7090301003344481,0.0431,0.9127604166666666,1.0,0.05009339733392944,0.2137218135950679,0.06926512381640772,0.037346475436622575
311,14,representative,W4A8_pooled_p995,4,8,False,99.5,30,0.6060971850582538,0.13361705040271638,0.08216173519433559,0.673355629877369,0.161,0.6927083333333333,1.0,0.1362256392415684,0.2137218135950679,0.06354666356346635,0.03371370341691267
311,14,representative,W8A4_pooled_p995,8,4,False,99.5,30,0.606453934661549,0.1327686173569554,0.08361643677941138,0.7547380156075808,0.1447,0.5520833333333333,1.0,0.2941402712688419,0.2137218135950679,0.08534188987788166,0.052694521023241986
311,14,representative,W4A4_pooled_p995,4,4,False,99.5,30,0.593991824763811,0.12507073340596905,0.08409183637273542,0.7168338907469343,0.1949,0.5464052287581699,0.99609375,0.2759524074776022,0.2137218135950679,0.08554586285308718,0.04834638799894965
311,14,representative,W8A4_channel_p995,8,4,True,99.5,30,0.6068184609898044,0.13300346086364412,0.08350406076032052,0.7513935340022296,0.1488,0.5963541666666667,1.0,0.2724934270782045,0.2137218135950679,0.09050183089642569,0.051773721358238975
311,14,representative,W8A4_channel_minmax,8,4,True,100.0,30,0.5889792050374563,0.12722145840177967,0.08590371894242833,0.7201783723522854,0.1842,0.5498687664041995,0.9921875,0.3733490477974607,0.2137218135950679,0.09812576978440474,0.05851815058575599
311,14,balanced,W8A8_pooled_p995,8,8,False,99.5,128,0.6177518627093301,0.13817394406791952,0.08175157838375134,0.7112597547380156,0.0355,0.9257812499999999,1.0,0.04168549582365552,0.2137218135950679,0.06816222672722563,0.03705181354635006
311,14,balanced,W4A8_pooled_p995,4,8,False,99.5,128,0.6068745513840059,0.13382120090274452,0.08216362393851626,0.6744704570791528,0.1563,0.6927083333333333,1.0,0.13529794079207663,0.2137218135950679,0.06402982210748571,0.03361492470100608
311,14,balanced,W8A4_pooled_p995,8,4,False,99.5,128,0.6072797371246521,0.1345010512568377,0.08254703308334502,0.6566332218506131,0.1342,0.5787401574803149,0.9921875,0.22517798304858197,0.2137218135950679,0.07431393064625347,0.044091179199252054
311,14,balanced,W4A4_pooled_p995,4,4,False,99.5,128,0.6010739718404178,0.13087379818355813,0.08271162978419264,0.6075808249721293,0.1996,0.5638020833333334,1.0,0.24985751645602136,0.2137218135950679,0.07928236922496017,0.04446318901217373
311,14,balanced,W8A4_channel_p995,8,4,True,99.5,128,0.6108218822589145,0.13525204094076618,0.08357649276786519,0.7636566332218506,0.1526,0.6062992125984252,0.9921875,0.2799617095853582,0.2137218135950679,0.0917107579848651,0.04991637214096496
311,14,balanced,W8A4_channel_minmax,8,4,True,100.0,128,0.6020668820390842,0.13090483665909522,0.08532593910499775,0.7625418060200669,0.1937,0.5406824146981627,0.9921875,0.39190646681062,0.2137218135950679,0.10187353237633148,0.06088526179473537
311,14,majority_only,W8A8_pooled_p995,8,8,False,99.5,0,0.6178453058769628,0.1383633655621601,0.08173920601296518,0.7023411371237458,0.0321,0.9153645833333333,1.0,0.03898548491586734,0.2137218135950679,0.06722647488583319,0.03717840313402876
311,14,majority_only,W4A8_pooled_p995,4,8,False,99.5,0,0.6074439668596396,0.1341193200065086,0.08214024039427116,0.6644370122630993,0.1573,0.6966145833333333,1.0,0.1338981255842216,0.2137218135950679,0.0651247113662623,0.033146869674399816
311,14,majority_only,W8A4_pooled_p995,8,4,False,99.5,0,0.6098923493069713,0.13552172154054984,0.08244313561025195,0.6376811594202898,0.1447,0.6102362204724409,0.9921875,0.21119979528158445,0.2137218135950679,0.073318047787756,0.04385280301817492
311,14,majority_only,W4A4_pooled_p995,4,4,False,99.5,0,0.6042079919994034,0.13455941863780857,0.0824662209063006,0.5830546265328874,0.2069,0.5704874835309618,0.98828125,0.22845862618987517,0.2137218135950679,0.07441645113931492,0.03859626903726719
311,14,majority_only,W8A4_channel_p995,8,4,True,99.5,0,0.6114389378291867,0.13018883352905045,0.08368912649035304,0.7591973244147158,0.1554,0.5908496732026145,0.99609375,0.2779239738923875,0.2137218135950679,0.08704140802348792,0.04854736506026764
311,14,majority_only,W8A4_channel_minmax,8,4,True,100.0,0,0.5809012697616073,0.11524462077205197,0.09397775143656403,0.758082497212932,0.2403,0.5221354166666666,1.0,0.63899389126517,0.2137218135950679,0.1463008302705014,0.09672105403116554
311,15,representative,W8A8_pooled_p995,8,8,False,99.5,19,0.6166888395179116,0.1386407988854883,0.08171484385347343,0.7001114827201784,0.04,0.9010416666666666,1.0,0.051382068331539445,0.2137218135950679,0.06855642121310314,0.036917729840473965
311,15,representative,W4A8_pooled_p995,4,8,False,99.5,19,0.6059796769070827,0.13320688650750417,0.08215240607004462,0.6588628762541806,0.1604,0.6953124999999999,1.0,0.13672709874551095,0.2137218135950679,0.06574750749305536,0.03339914520710446
311,15,representative,W8A4_pooled_p995,8,4,False,99.5,19,0.6102510584000203,0.13319289642019258,0.0833965413386215,0.7725752508361204,0.1449,0.5625,1.0,0.2803633315594604,0.2137218135950679,0.0884847784891634,0.055295552746908685
311,15,representative,W4A4_pooled_p995,4,4,False,99.5,19,0.5969999477061173,0.1264180177500174,0.08365320396266704,0.7168338907469343,0.1881,0.5559895833333333,1.0,0.26819771034745493,0.2137218135950679,0.0850325682045355,0.047787717093095365
311,15,representative,W8A4_channel_p995,8,4,True,99.5,19,0.603854426566958,0.13641010182707253,0.08324310756288572,0.7558528428093646,0.1485,0.6023622047244094,0.9921875,0.2529882497188455,0.2137218135950679,0.08549976349999065,0.04903266838432098
311,15,representative,W8A4_channel_minmax,8,4,True,100.0,19,0.5912252701677115,0.12695845541616338,0.08521476648007756,0.717948717948718,0.1767,0.5714285714285714,0.984375,0.3380255034644305,0.2137218135950679,0.10459450865996467,0.060466035993197303
311,15,balanced,W8A8_pooled_p995,8,8,False,99.5,128,0.6175604450540091,0.1381655654100675,0.0817648850091596,0.7090301003344481,0.0384,0.91796875,1.0,0.043283134089104364,0.2137218135950679,0.06839501650252212,0.037212977333530795
311,15,balanced,W4A8_pooled_p995,4,8,False,99.5,128,0.6066786636426842,0.13383586638865783,0.08216828142561751,0.6700111482720178,0.158,0.6901041666666665,1.0,0.13545708616301727,0.2137218135950679,0.06269516722495734,0.03369121156656503
311,15,balanced,W8A4_pooled_p995,8,4,False,99.5,128,0.6059253010664155,0.13353557281786727,0.08281490928171388,0.6822742474916388,0.1359,0.5761154855643045,0.9921875,0.2340396159605965,0.2137218135950679,0.07938414521951016,0.04402699622731961
311,15,balanced,W4A4_pooled_p995,4,4,False,99.5,128,0.5952633499118413,0.12996416897874025,0.08298190329005403,0.633221850613155,0.197,0.5703125,1.0,0.25978454518436,0.2137218135950679,0.07522536652307951,0.04539150121277449
311,15,balanced,W8A4_channel_p995,8,4,True,99.5,128,0.6091959344016716,0.13345909511346277,0.08341165354383151,0.7770345596432553,0.143,0.5856209150326797,0.99609375,0.26552927786413494,0.2137218135950679,0.08881780049596272,0.04814120020281862
311,15,balanced,W8A4_channel_minmax,8,4,True,100.0,128,0.5735771257004104,0.11640869072157248,0.10595041368188413,0.7536231884057971,0.2868,0.48460508701472554,0.97265625,0.8817524850275753,0.2137218135950679,0.18673117390497646,0.11672393968209141
311,15,majority_only,W8A8_pooled_p995,8,8,False,99.5,0,0.6169839264280179,0.13837709118786554,0.0817234644041414,0.6967670011148273,0.04,0.8997395833333333,1.0,0.05132291440114281,0.2137218135950679,0.06823411359903767,0.03660978544184584
311,15,majority_only,W4A8_pooled_p995,4,8,False,99.5,0,0.606890288536091,0.13424400986561302,0.08211018671555245,0.6566332218506131,0.1599,0.6861979166666666,1.0,0.13599878176569372,0.2137218135950679,0.06367041412627608,0.033269074301713546
311,15,majority_only,W8A4_pooled_p995,8,4,False,99.5,0,0.6053118583053768,0.13182570719559322,0.0835567703483574,0.7547380156075808,0.1414,0.5477124183006535,0.99609375,0.2847389643396966,0.2137218135950679,0.0901086252926094,0.05532325338056283
311,15,majority_only,W4A4_pooled_p995,4,4,False,99.5,0,0.5958084554677174,0.12644756120798825,0.08376615011187326,0.7101449275362319,0.1921,0.5703125,1.0,0.263341261152669,0.2137218135950679,0.0823712556405258,0.04658937909622288
311,15,majority_only,W8A4_channel_p995,8,4,True,99.5,0,0.6110806573745213,0.1350804462839684,0.08319248236646867,0.7480490523968785,0.1489,0.5751633986928104,0.99609375,0.2733398068867151,0.2137218135950679,0.08327324467665104,0.04968874370531257
311,15,majority_only,W8A4_channel_minmax,8,4,True,100.0,0,0.5720913425946168,0.11188638899495737,0.10076200761110579,0.738015607580825,0.2642,0.4801587301587302,0.984375,0.7961851542641876,0.2137218135950679,0.17671937866235563,0.10702295498655934
311,16,representative,W8A8_pooled_p995,8,8,False,99.5,30,0.6169463287183675,0.1383402839024769,0.08172893531588309,0.6956521739130435,0.0401,0.9114583333333333,1.0,0.050389249796792615,0.2137218135950679,0.06851221782290437,0.03664573648192365
311,16,representative,W4A8_pooled_p995,4,8,False,99.5,30,0.6070922384488385,0.1340635724791447,0.08210895645302134,0.6566332218506131,0.1605,0.6888020833333333,1.0,0.13543133654230202,0.2137218135950679,0.06345680834352739,0.03314252123632491
311,16,representative,W8A4_pooled_p995,8,4,False,99.5,30,0.6069316827571393,0.13213155135229593,0.08349790002949649,0.7558528428093646,0.1441,0.5542483660130719,0.99609375,0.2808510217769776,0.2137218135950679,0.08848152104453066,0.05484935102170028
311,16,representative,W4A4_pooled_p995,4,4,False,99.5,30,0.5952893131510788,0.12625153375673356,0.08370795893625453,0.7235228539576366,0.1913,0.5625,1.0,0.2654231198308373,0.2137218135950679,0.08572282784914859,0.047761284536141764
311,16,representative,W8A4_channel_p995,8,4,True,99.5,30,0.605486926468065,0.13316455230379506,0.08363145249423298,0.7670011148272018,0.152,0.5958005249343833,0.9921875,0.2686912672152507,0.2137218135950679,0.08980326991699242,0.05123547164202615
311,16,representative,W8A4_channel_minmax,8,4,True,100.0,30,0.5907524207965057,0.12511066086437228,0.08625338497468024,0.7513935340022296,0.1908,0.5145502645502645,0.984375,0.3934051159139986,0.2137218135950679,0.10381835760068112,0.06008755620445733
311,16,balanced,W8A8_pooled_p995,8,8,False,99.5,128,0.6182286922940983,0.13902168948039523,0.08171115292389025,0.705685618729097,0.0333,0.9153645833333333,1.0,0.03961045206416398,0.2137218135950679,0.06607899777208168,0.03735513068616163
311,16,balanced,W4A8_pooled_p995,4,8,False,99.5,128,0.6073504012238973,0.13392567180164522,0.08213485714303068,0.6711259754738016,0.1591,0.6888020833333333,1.0,0.1347609370482316,0.2137218135950679,0.06543915252752171,0.03342365816849963
311,16,balanced,W8A4_pooled_p995,8,4,False,99.5,128,0.6100580486592743,0.13605116756056188,0.0823188672768621,0.5997770345596433,0.1574,0.596078431372549,0.99609375,0.21402958502637023,0.2137218135950679,0.07844101357612662,0.04341551973788787
311,16,balanced,W4A4_pooled_p995,4,4,False,99.5,128,0.6046000736523212,0.13663308265180077,0.08250169642602224,0.5250836120401338,0.2302,0.5833333333333333,1.0,0.2288665276137975,0.2137218135950679,0.06560133577150787,0.03400501243549998
311,16,balanced,W8A4_channel_p995,8,4,True,99.5,128,0.6092139372137844,0.1327330115411501,0.08347274884019633,0.758082497212932,0.1513,0.5751633986928103,0.99609375,0.2595237650367032,0.2137218135950679,0.08674829710742063,0.051023948327104815
311,16,balanced,W8A4_channel_minmax,8,4,True,100.0,128,0.5853596600579201,0.12421171433245827,0.09521545816312778,0.7391304347826086,0.2407,0.4816272965879264,0.9921875,0.7237032637952154,0.2137218135950679,0.16819590979266424,0.1163589050361762
311,16,majority_only,W8A8_pooled_p995,8,8,False,99.5,0,0.6179642836454495,0.13828969694629367,0.0817408575132019,0.7079152731326644,0.0319,0.9205729166666665,1.0,0.03873118484959713,0.2137218135950679,0.06755199178244622,0.0374058383717715
311,16,majority_only,W4A8_pooled_p995,4,8,False,99.5,0,0.6074076550651402,0.13397324491541734,0.08214248239596803,0.6688963210702341,0.1586,0.6927083333333333,1.0,0.1347822541714775,0.2137218135950679,0.0633739469290701,0.03341536418296151
311,16,majority_only,W8A4_pooled_p995,8,4,False,99.5,0,0.6121915655967974,0.13507016986411316,0.08261072072108695,0.6042363433667781,0.1603,0.5643044619422571,0.9921875,0.22258978491283377,0.2137218135950679,0.07543303682472347,0.041771653851586474
311,16,majority_only,W4A4_pooled_p995,4,4,False,99.5,0,0.5984979163888171,0.13102939026483074,0.08300334925138897,0.5250836120401338,0.2254,0.5590551181102362,0.9921875,0.22752186500398514,0.2137218135950679,0.06758587277086453,0.03668297017413602
311,16,majority_only,W8A4_channel_p995,8,4,True,99.5,0,0.6082079229273896,0.1333221616800837,0.08336655347204779,0.758082497212932,0.1551,0.5751633986928104,0.99609375,0.2657674350945337,0.2137218135950679,0.08526440478476474,0.05385305937700681
311,16,majority_only,W8A4_channel_minmax,8,4,True,100.0,0,0.5826950601630712,0.11795606119461055,0.0901203263826272,0.7491638795986622,0.2257,0.526797385620915,0.99609375,0.5516051864568018,0.2137218135950679,0.12791468354711744,0.0794482487661183
311,17,representative,W8A8_pooled_p995,8,8,False,99.5,20,0.616490992286836,0.13798345852385335,0.08176876820202586,0.7090301003344481,0.0437,0.9101562499999999,1.0,0.05056700054523911,0.2137218135950679,0.06850426611468557,0.03708215586754726
311,17,representative,W4A8_pooled_p995,4,8,False,99.5,20,0.6062446366622247,0.13311416067101267,0.08216405235354812,0.6722408026755853,0.1586,0.6979166666666665,1.0,0.13597836867696403,0.2137218135950679,0.06336515712323855,0.033742326743025255
311,17,representative,W8A4_pooled_p995,8,4,False,99.5,20,0.6065710141743366,0.13380055118564513,0.08356165708416169,0.7569676700111483,0.1477,0.5464052287581699,0.99609375,0.28584270235073317,0.2137218135950679,0.08957009859394414,0.052030761551926985
311,17,representative,W4A4_pooled_p995,4,4,False,99.5,20,0.5982230979508514,0.12725639558171414,0.08380829960822164,0.7346711259754738,0.1912,0.5651041666666666,1.0,0.2662182961257403,0.2137218135950679,0.08492974585119939,0.04768111928224494
311,17,representative,W8A4_channel_p995,8,4,True,99.5,20,0.6068523846561664,0.1359460070035809,0.08324508026452437,0.7391304347826086,0.1444,0.5721784776902886,0.9921875,0.2635013203593276,0.2137218135950679,0.08552420242473925,0.04463913688558813
311,17,representative,W8A4_channel_minmax,8,4,True,100.0,20,0.5878809110304698,0.12264477985812358,0.08970463970380403,0.7413600891861761,0.222,0.515625,1.0,0.5740594939066925,0.2137218135950679,0.126366754766919,0.0863546059548685
311,17,balanced,W8A8_pooled_p995,8,8,False,99.5,128,0.617172894721147,0.13770775016130737,0.08179152000378893,0.7090301003344481,0.0372,0.91015625,1.0,0.04345552412484798,0.2137218135950679,0.0688677040595492,0.03718494957932508
311,17,balanced,W4A8_pooled_p995,4,8,False,99.5,128,0.6066556396380773,0.1335795558940372,0.08217990354526185,0.6688963210702341,0.157,0.6901041666666666,1.0,0.13507338296796906,0.2137218135950679,0.06443740327789009,0.03350639727004879
311,17,balanced,W8A4_pooled_p995,8,4,False,99.5,128,0.6078242915740348,0.13257873532853506,0.08283046483505885,0.7045707915273133,0.1321,0.55078125,1.0,0.255585508723161,0.2137218135950679,0.07746014010304125,0.04169920314538443
311,17,balanced,W4A4_pooled_p995,4,4,False,99.5,128,0.5934075906469145,0.12572327584031442,0.08332734858624057,0.6432552954292085,0.1935,0.5725490196078431,0.99609375,0.2575702996390434,0.2137218135950679,0.08475083493529185,0.04353769406687106
311,17,balanced,W8A4_channel_p995,8,4,True,99.5,128,0.6055376282654438,0.1310021396034101,0.08362858577255654,0.7614269788182831,0.1427,0.5915678524374177,0.98828125,0.2654132113586815,0.2137218135950679,0.09320984785848253,0.05106374248276675
311,17,balanced,W8A4_channel_minmax,8,4,True,100.0,128,0.5982191177372891,0.12168611244870305,0.08786984237211402,0.7480490523968785,0.2044,0.5217391304347826,0.98828125,0.44415716686463375,0.2137218135950679,0.11242469734541041,0.06829211289773306
311,17,majority_only,W8A8_pooled_p995,8,8,False,99.5,0,0.6165663101742465,0.13822139423673208,0.08175802369891774,0.7112597547380156,0.0438,0.9075520833333333,1.0,0.05107389341193125,0.2137218135950679,0.07080062318231009,0.03727624449760342
311,17,majority_only,W4A8_pooled_p995,4,8,False,99.5,0,0.6063216078691149,0.1336275520820081,0.0821402579214733,0.6789297658862876,0.1597,0.6848958333333333,1.0,0.1370212573279448,0.2137218135950679,0.06336727214783952,0.0336173952797284
311,17,majority_only,W8A4_pooled_p995,8,4,False,99.5,0,0.6065102699919699,0.13378500920715342,0.08343449871234616,0.7547380156075808,0.1393,0.58203125,1.0,0.261538371618674,0.2137218135950679,0.09384956961989666,0.053227197816604066
311,17,majority_only,W4A4_pooled_p995,4,4,False,99.5,0,0.6006750932074165,0.13171044777221264,0.08311356669787144,0.7212931995540691,0.1911,0.5481770833333334,1.0,0.25575764299574477,0.2137218135950679,0.08490631678233919,0.04599009299477162
311,17,majority_only,W8A4_channel_p995,8,4,True,99.5,0,0.612028560542906,0.1352590795706088,0.08291962117503743,0.7001114827201784,0.1397,0.5981554677206852,0.98828125,0.22988748883297833,0.2137218135950679,0.07870803850481742,0.04667221459871289
311,17,majority_only,W8A4_channel_minmax,8,4,True,100.0,0,0.5917642523181069,0.12287353599164552,0.08882141944768933,0.7513935340022296,0.2133,0.5320261437908497,0.99609375,0.5123520299213656,0.2137218135950679,0.11462657673933287,0.07295299405586761
311,18,representative,W8A8_pooled_p995,8,8,False,99.5,27,0.6167265596956717,0.13799285954259613,0.08176846559252483,0.7112597547380156,0.0439,0.9088541666666666,1.0,0.05124348090397432,0.2137218135950679,0.06856839980302737,0.037198512556585454
311,18,representative,W4A8_pooled_p995,4,8,False,99.5,27,0.6062069777185195,0.1336945203895904,0.08216148394589413,0.6722408026755853,0.1597,0.6966145833333333,1.0,0.1357931945165438,0.2137218135950679,0.06553413886576626,0.033584650246230995
311,18,representative,W8A4_pooled_p995,8,4,False,99.5,27,0.6080593078763773,0.13279790166983874,0.08355922378917173,0.7670011148272018,0.1449,0.5538057742782152,0.9921875,0.2917927392090493,0.2137218135950679,0.0918716634072808,0.05222379511155068
311,18,representative,W4A4_pooled_p995,4,4,False,99.5,27,0.5971334991796473,0.12653466445192174,0.08388140711995046,0.7235228539576366,0.191,0.5546875,1.0,0.2631258452036418,0.2137218135950679,0.0841341839449663,0.0465497484296687
311,18,representative,W8A4_channel_p995,8,4,True,99.5,27,0.6072614893763202,0.13466623038871683,0.08319185291353834,0.7491638795986622,0.1457,0.5656167979002624,0.9921875,0.26897573084266346,0.2137218135950679,0.08868065324966373,0.05073105880918356
311,18,representative,W8A4_channel_minmax,8,4,True,100.0,27,0.5803377327552348,0.11664392141570967,0.093919004732321,0.7435897435897436,0.2373,0.48162729658792647,0.9921875,0.619048061668256,0.2137218135950679,0.13753759303850116,0.09216335473239827
311,18,balanced,W8A8_pooled_p995,8,8,False,99.5,128,0.6178045852305174,0.13815722159518623,0.08175249910115198,0.7001114827201784,0.0327,0.9140625,1.0,0.040571295534157406,0.2137218135950679,0.06773383443068112,0.03692150003469797
311,18,balanced,W4A8_pooled_p995,4,8,False,99.5,128,0.6074915457202232,0.13405311492032915,0.08216775661929562,0.6577480490523969,0.1573,0.6940104166666666,1.0,0.1336597803902347,0.2137218135950679,0.06355881842061585,0.03316882987794541
311,18,balanced,W8A4_pooled_p995,8,4,False,99.5,128,0.6135646780417496,0.13928271812225185,0.08229097985208096,0.6488294314381271,0.1449,0.5790849673202614,0.99609375,0.24241536105049732,0.2137218135950679,0.080296196334936,0.04334048554745333
311,18,balanced,W4A4_pooled_p995,4,4,False,99.5,128,0.5948483667224265,0.12667238195701364,0.083182248613209,0.6031215161649944,0.2028,0.541994750656168,0.9921875,0.24944454641083252,0.2137218135950679,0.08024258546076836,0.043021483095212656
311,18,balanced,W8A4_channel_p995,8,4,True,99.5,128,0.606871428447211,0.13515732727633634,0.0837593696293011,0.7402452619843924,0.1477,0.5826771653543307,0.9921875,0.3041746400390274,0.2137218135950679,0.09842515627618373,0.055371488000831616
311,18,balanced,W8A4_channel_minmax,8,4,True,100.0,128,0.5807598190950073,0.11852137696633419,0.09590466524447616,0.7525083612040134,0.2476,0.463768115942029,0.98828125,0.7137631658778862,0.2137218135950679,0.1558689666021556,0.09808680406661517
311,18,majority_only,W8A8_pooled_p995,8,8,False,99.5,0,0.61649601347933,0.13805459541437348,0.08176229474812886,0.7112597547380156,0.0435,0.9088541666666666,1.0,0.049495120540783505,0.2137218135950679,0.06801352402700286,0.03734634118825964
311,18,majority_only,W4A8_pooled_p995,4,8,False,99.5,0,0.6061034309318439,0.13395802145571056,0.08215864862693599,0.6744704570791528,0.1605,0.6953125,1.0,0.1350711357194554,0.2137218135950679,0.06410960435499104,0.03348727769088532
311,18,majority_only,W8A4_pooled_p995,8,4,False,99.5,0,0.6076160345536423,0.13156530687371237,0.08354087407193508,0.7614269788182831,0.143,0.5755208333333333,1.0,0.2858600541920905,0.2137218135950679,0.08813067448016002,0.053742739226025245
311,18,majority_only,W4A4_pooled_p995,4,4,False,99.5,0,0.5965408759972425,0.12545055371664343,0.08373066401209361,0.7201783723522854,0.1909,0.5533854166666666,1.0,0.26535049667915567,0.2137218135950679,0.0862571974896448,0.04476199590324524
311,18,majority_only,W8A4_channel_p995,8,4,True,99.5,0,0.6022128027916851,0.13321232139855477,0.08324240192765917,0.7591973244147158,0.147,0.5757575757575757,0.98828125,0.2709805763365052,0.2137218135950679,0.08717166814798966,0.050368004967276135
311,18,majority_only,W8A4_channel_minmax,8,4,True,100.0,0,0.5963730334530215,0.12816305001668046,0.0850817641426754,0.7647714604236343,0.1819,0.5437908496732025,0.99609375,0.3491262178772174,0.2137218135950679,0.09561124662330371,0.05328164470278105
311,19,representative,W8A8_pooled_p995,8,8,False,99.5,29,0.616938980631791,0.1384049126917245,0.08172036506582345,0.6945373467112598,0.0388,0.9166666666666665,1.0,0.04988333277681296,0.2137218135950679,0.0684440575002444,0.036720335322528136
311,19,representative,W4A8_pooled_p995,4,8,False,99.5,29,0.606332262594651,0.13391880232586198,0.0821381041102812,0.6555183946488294,0.1589,0.6940104166666666,1.0,0.13470904103239817,0.2137218135950679,0.06322513441631397,0.03291510668224645
311,19,representative,W8A4_pooled_p995,8,4,False,99.5,29,0.6087515588659502,0.12904463093944873,0.08384641962589927,0.7603121516164995,0.1436,0.5703125,1.0,0.2897898861052232,0.2137218135950679,0.08670321778512625,0.050788785720032675
311,19,representative,W4A4_pooled_p995,4,4,False,99.5,29,0.5952626763372384,0.12545294444006208,0.08397747416605018,0.7324414715719063,0.19,0.5459317585301837,0.9921875,0.2786880003952777,0.2137218135950679,0.0849745835263559,0.04767392090168582
311,19,representative,W8A4_channel_p995,8,4,True,99.5,29,0.6022231513469471,0.1357863525152246,0.0836078813641824,0.745819397993311,0.1568,0.6089238845144357,0.9921875,0.2611451602671453,0.2137218135950679,0.08701428192073349,0.05226701260577806
311,19,representative,W8A4_channel_minmax,8,4,True,100.0,29,0.5792109036787094,0.11441929657383668,0.09230135889805074,0.7424749163879598,0.2303,0.5059288537549407,0.98828125,0.5585210223004781,0.2137218135950679,0.12447801640022402,0.0835836600939906
311,19,balanced,W8A8_pooled_p995,8,8,False,99.5,128,0.6170958622802019,0.13805782376647294,0.08176440846135115,0.7068004459308808,0.0424,0.9049479166666666,1.0,0.05028244567076224,0.2137218135950679,0.06996300773484784,0.03711898591014667
311,19,balanced,W4A8_pooled_p995,4,8,False,99.5,128,0.6058739869284888,0.13375124528488946,0.08216043502259118,0.6778149386845039,0.1597,0.6914062499999999,1.0,0.13582747829898495,0.2137218135950679,0.06351707115121874,0.033504032523225716
311,19,balanced,W8A4_pooled_p995,8,4,False,99.5,128,0.6073719556111887,0.13221337361543187,0.08362312792080911,0.7569676700111483,0.1438,0.5442708333333333,1.0,0.2937315696274143,0.2137218135950679,0.08530568022021463,0.05415021531167817
311,19,balanced,W4A4_pooled_p995,4,4,False,99.5,128,0.5934195312876015,0.12560751110300028,0.08402669824266745,0.7168338907469343,0.1926,0.5751633986928104,0.99609375,0.2691798235490578,0.2137218135950679,0.08390422239988214,0.046865703535949224
311,19,balanced,W8A4_channel_p995,8,4,True,99.5,128,0.6062928278633565,0.1308127511020733,0.0840223592166842,0.7536231884057971,0.1526,0.5986928104575164,0.99609375,0.26784978622803635,0.2137218135950679,0.0915762914538966,0.050691693188886125
311,19,balanced,W8A4_channel_minmax,8,4,True,100.0,128,0.5893336889807236,0.12338086946366394,0.09618134333320248,0.7625418060200669,0.2533,0.48339973439575035,0.98046875,0.7944875141022495,0.2137218135950679,0.1764718101280524,0.11371179292273301
311,19,majority_only,W8A8_pooled_p995,8,8,False,99.5,0,0.6173320420295856,0.1385825771069703,0.08172944614839542,0.6967670011148273,0.0353,0.9075520833333333,1.0,0.0462339924294284,0.2137218135950679,0.06777743629227483,0.03684280025648732
311,19,majority_only,W4A8_pooled_p995,4,8,False,99.5,0,0.6071153236875001,0.13385534092639872,0.08213470203939474,0.6566332218506131,0.1596,0.7005208333333333,1.0,0.13472324062727525,0.2137218135950679,0.06432894146910566,0.033158488147813865
311,19,majority_only,W8A4_pooled_p995,8,4,False,99.5,0,0.6102959429621925,0.13084733788106073,0.08303010734229815,0.7235228539576366,0.1348,0.596078431372549,0.99609375,0.23993780698168593,0.2137218135950679,0.08734961211304698,0.04599196552172154
311,19,majority_only,W4A4_pooled_p995,4,4,False,99.5,0,0.5970341163086985,0.13213939034741287,0.08302710078584821,0.6767001114827201,0.1929,0.5716145833333333,1.0,0.2518645943068779,0.2137218135950679,0.08671097610843445,0.04315573701619356
311,19,majority_only,W8A4_channel_p995,8,4,True,99.5,0,0.6041335313887601,0.13355058253224725,0.08362541570421343,0.7547380156075808,0.1503,0.6,0.99609375,0.27260604124819565,0.2137218135950679,0.09681980924172955,0.051851828362733235
311,19,majority_only,W8A4_channel_minmax,8,4,True,100.0,0,0.592499244677934,0.12062637079774491,0.08717758669676777,0.7469342251950948,0.1917,0.5039370078740157,0.9921875,0.41454961094962717,0.2137218135950679,0.10801991857262966,0.06315030315135313
311,20,representative,W8A8_pooled_p995,8,8,False,99.5,24,0.6167280905470418,0.13815057808712672,0.0817645006218312,0.7079152731326644,0.0421,0.8958333333333333,1.0,0.04996751081842446,0.2137218135950679,0.07007505787844927,0.03721923140486994
311,20,representative,W4A8_pooled_p995,4,8,False,99.5,24,0.605806017127655,0.13348569584803321,0.08218328405916493,0.673355629877369,0.1597,0.6940104166666665,1.0,0.1360876831020924,0.2137218135950679,0.06307513092225862,0.03356768724168373
311,20,representative,W8A4_pooled_p995,8,4,False,99.5,24,0.6037322033935668,0.1306976706993641,0.08379792810010935,0.7681159420289855,0.1498,0.5686274509803921,0.99609375,0.27746351903708777,0.2137218135950679,0.08870671794751686,0.051647470592299835
311,20,representative,W4A4_pooled_p995,4,4,False,99.5,24,0.595934658854671,0.12640824660874567,0.0838463853268074,0.7313266443701226,0.1928,0.5638020833333333,1.0,0.27149154456698227,0.2137218135950679,0.08426513786952193,0.04678117698121553
311,20,representative,W8A4_channel_p995,8,4,True,99.5,24,0.6028250208716276,0.1318995129000922,0.08359412126715138,0.745819397993311,0.1502,0.5952380952380952,0.984375,0.2836089302585805,0.2137218135950679,0.09247422255639817,0.050408130461947614
311,20,representative,W8A4_channel_minmax,8,4,True,100.0,24,0.5753654050369419,0.11637947371786224,0.0941844375774376,0.7313266443701226,0.2348,0.4973544973544973,0.984375,0.6324850799960113,0.2137218135950679,0.13936152654850575,0.09904820178568956
311,20,balanced,W8A8_pooled_p995,8,8,False,99.5,128,0.6169332246306393,0.13798907499671323,0.08177331012958937,0.7045707915273133,0.0354,0.9179687499999999,1.0,0.043653037722220754,0.2137218135950679,0.06951262910252691,0.03712278307424736
311,20,balanced,W4A8_pooled_p995,4,8,False,99.5,128,0.6071748431887708,0.13429566504741217,0.08213843315500344,0.6688963210702341,0.1579,0.6966145833333333,1.0,0.1349420713245307,0.2137218135950679,0.06347702145535203,0.03357965479538037
311,20,balanced,W8A4_pooled_p995,8,4,False,99.5,128,0.6058497994768407,0.13446512843911923,0.08261557576279942,0.6755852842809364,0.1336,0.579710144927536,0.98828125,0.22188430750744334,0.2137218135950679,0.07938422555008595,0.04486118441144532
311,20,balanced,W4A4_pooled_p995,4,4,False,99.5,128,0.602421549684516,0.1342286303488768,0.08247816086389116,0.6354515050167224,0.198,0.5755208333333334,1.0,0.24890266129559058,0.2137218135950679,0.08085957137650826,0.04422762854898983
311,20,balanced,W8A4_channel_p995,8,4,True,99.5,128,0.6084613094461735,0.13441430912301405,0.08375887916141193,0.7647714604236343,0.1545,0.6145833333333333,1.0,0.25949728548387363,0.2137218135950679,0.09001968788234854,0.051352515567351195
311,20,balanced,W8A4_channel_minmax,8,4,True,100.0,128,0.5963941592019292,0.12482515618140375,0.08875001743936276,0.745819397993311,0.2104,0.5234375,1.0,0.49118689312359815,0.2137218135950679,0.11964254216187384,0.07874775657138562
311,20,majority_only,W8A8_pooled_p995,8,8,False,99.5,0,0.6169722307235501,0.13833114989509976,0.08175027460286341,0.7123745819397993,0.0443,0.8997395833333333,1.0,0.05103171473487888,0.2137218135950679,0.06874793229188761,0.03724941538047841
311,20,majority_only,W4A8_pooled_p995,4,8,False,99.5,0,0.6063403454898852,0.13366824490722817,0.08216365099196424,0.6744704570791528,0.1593,0.6927083333333333,1.0,0.13584762596371341,0.2137218135950679,0.06504070518229749,0.033618953137906415
311,20,majority_only,W8A4_pooled_p995,8,4,False,99.5,0,0.6089738384848931,0.13202060679030703,0.08345609679520558,0.7625418060200669,0.1458,0.5651041666666667,1.0,0.28319851872730833,0.2137218135950679,0.08695341759073935,0.05575307571943553
311,20,majority_only,W4A4_pooled_p995,4,4,False,99.5,0,0.5968650490833813,0.1280903953059141,0.08359455500588144,0.7146042363433668,0.1891,0.56640625,1.0,0.25721315641081377,0.2137218135950679,0.08446603475810013,0.04563015836877156
311,20,majority_only,W8A4_channel_p995,8,4,True,99.5,0,0.6009670571807278,0.13363685190804386,0.08299016557376936,0.7157190635451505,0.1429,0.5833333333333333,1.0,0.2528097655165725,0.2137218135950679,0.08499750447753829,0.04509006282771273
311,20,majority_only,W8A4_channel_minmax,8,4,True,100.0,0,0.5927603466876233,0.1243040056699846,0.0855059367407728,0.7279821627647715,0.177,0.5573122529644269,0.98828125,0.34324567732136224,0.2137218135950679,0.09693251872180107,0.05771149835919412
311,21,representative,W8A8_pooled_p995,8,8,False,99.5,22,0.6171779159136409,0.13827779120398165,0.08173755286188311,0.6978818283166109,0.0371,0.91015625,1.0,0.04730399691325278,0.2137218135950679,0.0672774823113218,0.0368344201086071
311,21,representative,W4A8_pooled_p995,4,8,False,99.5,22,0.6070232889031278,0.1336438691718774,0.08214777222390499,0.6521739130434783,0.159,0.7044270833333333,1.0,0.13454457624610364,0.2137218135950679,0.06373436556941868,0.03318205046632095
311,21,representative,W8A4_pooled_p995,8,4,False,99.5,22,0.6110858622691797,0.13307475260700702,0.08331403991829861,0.7424749163879598,0.1363,0.5555555555555555,0.99609375,0.2768722621743433,0.2137218135950679,0.08091250733365754,0.05145385387126308
311,21,representative,W4A4_pooled_p995,4,4,False,99.5,22,0.5956848239110657,0.12540078933302146,0.08376105653467478,0.7023411371237458,0.1916,0.5555555555555555,0.99609375,0.26316260855943086,0.2137218135950679,0.08633097135425795,0.04459981461875412
311,21,representative,W8A4_channel_p995,8,4,True,99.5,22,0.6134207780129574,0.1357794793362534,0.08334559526589626,0.7491638795986622,0.1473,0.5872395833333334,1.0,0.2711713004369405,0.2137218135950679,0.08720588540801624,0.050304163871372376
311,21,representative,W8A4_channel_minmax,8,4,True,100.0,22,0.5889128273220474,0.12355372724609609,0.09266186268429721,0.7603121516164995,0.2352,0.4908854166666667,1.0,0.6574308288862323,0.2137218135950679,0.1466428344663787,0.095641917481811
311,21,balanced,W8A8_pooled_p995,8,8,False,99.5,128,0.6176927718464431,0.13855197472232353,0.08173342475331521,0.7090301003344481,0.0324,0.9205729166666665,1.0,0.03834657006995517,0.2137218135950679,0.06692404662983621,0.03722088359878466
311,21,balanced,W4A8_pooled_p995,4,8,False,99.5,128,0.6071987857041996,0.1336199425371103,0.0821708240195306,0.6677814938684504,0.1566,0.7044270833333333,1.0,0.13430890846946472,0.2137218135950679,0.06405149681364258,0.0333543555573976
311,21,balanced,W8A4_pooled_p995,8,4,False,99.5,128,0.6088131603250841,0.13830212599317285,0.0823213840977833,0.5964325529542921,0.1587,0.5833333333333334,0.984375,0.20853339917406644,0.2137218135950679,0.07961315339486823,0.0418516785006406
311,21,balanced,W4A4_pooled_p995,4,4,False,99.5,128,0.5990395316035693,0.13030297125469367,0.08294829967644393,0.5440356744704571,0.2226,0.5787401574803148,0.9921875,0.23320071896981887,0.2137218135950679,0.07477481662383244,0.036767680980576305
311,21,balanced,W8A4_channel_p995,8,4,True,99.5,128,0.6050427958685628,0.13423728946735142,0.08387132727876716,0.7424749163879598,0.1511,0.5603674540682414,0.9921875,0.30967627991916824,0.2137218135950679,0.09608015225567186,0.05670789941071196
311,21,balanced,W8A4_channel_minmax,8,4,True,100.0,128,0.5831630108098926,0.11661656683969437,0.09503729181069324,0.7525083612040134,0.2458,0.5013123359580053,0.9921875,0.6710874141129295,0.2137218135950679,0.14207211406789624,0.09648301601180612
311,21,majority_only,W8A8_pooled_p995,8,8,False,99.5,0,0.6167513594878677,0.13802843542666637,0.08176475106818731,0.7112597547380156,0.0438,0.9036458333333333,1.0,0.051328303954095815,0.2137218135950679,0.06770738189977503,0.0371805010256291
311,21,majority_only,W4A8_pooled_p995,4,8,False,99.5,0,0.6063920882661957,0.13381652850598447,0.08215400229959717,0.6711259754738016,0.1585,0.6927083333333333,1.0,0.13579637417830925,0.2137218135950679,0.0643225748687157,0.03355667024751998
311,21,majority_only,W8A4_pooled_p995,8,4,False,99.5,0,0.6073447676908553,0.13259218923686905,0.08357816922542156,0.7681159420289855,0.1449,0.5564304461942258,0.9921875,0.2913160678473182,0.2137218135950679,0.09226643872593616,0.05226847381190666
311,21,majority_only,W4A4_pooled_p995,4,4,False,99.5,0,0.5968796840224797,0.12629571347734633,0.08393014412082285,0.7235228539576366,0.1909,0.5494791666666667,1.0,0.26331159214423916,0.2137218135950679,0.08506116412873861,0.046530856101252405
311,21,majority_only,W8A4_channel_p995,8,4,True,99.5,0,0.6016234862482397,0.1322357061040984,0.08350315988066906,0.7302118171683389,0.1504,0.5889328063241107,0.98828125,0.25830940463463414,0.2137218135950679,0.08746087732993522,0.050758971172686476
311,21,majority_only,W8A4_channel_minmax,8,4,True,100.0,0,0.5867155044994171,0.12007825398078657,0.08782768801426546,0.7023411371237458,0.1947,0.5351925630810094,0.98046875,0.39534001980504413,0.2137218135950679,0.10486439027441355,0.06124404781979219
311,22,representative,W8A8_pooled_p995,8,8,False,99.5,18,0.6167721178324468,0.13816269176754192,0.0817602020825153,0.7123745819397993,0.0429,0.9010416666666665,1.0,0.05077853667161839,0.2137218135950679,0.06776119377841705,0.0370971839282879
311,22,representative,W4A8_pooled_p995,4,8,False,99.5,18,0.6061104728481466,0.13393549890526626,0.08215490199338807,0.673355629877369,0.1584,0.6927083333333333,1.0,0.13595075318997898,0.2137218135950679,0.06492482225313795,0.0336244934584305
311,22,representative,W8A4_pooled_p995,8,4,False,99.5,18,0.6065560118309092,0.13249508789248593,0.08358077228194363,0.7614269788182831,0.1435,0.5620915032679739,0.99609375,0.2888631837618545,0.2137218135950679,0.09011494339820805,0.05297075122482676
311,22,representative,W4A4_pooled_p995,4,4,False,99.5,18,0.5970709179756365,0.12622627885590984,0.08382747909297002,0.7357859531772575,0.1917,0.54296875,1.0,0.26465617358946514,0.2137218135950679,0.08273579629784136,0.046601992791608024
311,22,representative,W8A4_channel_p995,8,4,True,99.5,18,0.6019600286134492,0.1297474636692434,0.08367162801862833,0.745819397993311,0.154,0.5699346405228758,0.99609375,0.25897666805092256,0.2137218135950679,0.08087078116551191,0.04583419767798675
311,22,representative,W8A4_channel_minmax,8,4,True,100.0,18,0.597352410925576,0.1281229843164968,0.08573532694747617,0.7413600891861761,0.1838,0.5349143610013175,0.98828125,0.3574547117385083,0.2137218135950679,0.09575798623164045,0.05697064915446152
311,22,balanced,W8A8_pooled_p995,8,8,False,99.5,128,0.6173853156572662,0.1386066251543604,0.0817270909270285,0.6989966555183946,0.0345,0.9179687499999999,1.0,0.04459535629501303,0.2137218135950679,0.06691198372449592,0.03679399035003729
311,22,balanced,W4A8_pooled_p995,4,8,False,99.5,128,0.6068195019687361,0.13409345475451662,0.08215699527251819,0.6622073578595318,0.1601,0.6979166666666665,1.0,0.13488009571484616,0.2137218135950679,0.06473189302723972,0.033009305981796785
311,22,balanced,W8A4_pooled_p995,8,4,False,99.5,128,0.6081782244108089,0.13351250902731004,0.08277886390013987,0.705685618729097,0.1348,0.5625,1.0,0.2526031672497623,0.2137218135950679,0.08215892214922674,0.04430446857090374
311,22,balanced,W4A4_pooled_p995,4,4,False,99.5,128,0.5933530923381379,0.1242005887830939,0.08349367210758823,0.6510590858416946,0.192,0.5751633986928104,0.99609375,0.25099563968041116,0.2137218135950679,0.07904372126813995,0.044261033111500155
311,22,balanced,W8A4_channel_p995,8,4,True,99.5,128,0.612501042509783,0.13164411765932105,0.08373169709770642,0.7670011148272018,0.1545,0.6130718954248366,0.99609375,0.2602756362381874,0.2137218135950679,0.0863378759538799,0.047061918171744634
311,22,balanced,W8A4_channel_minmax,8,4,True,100.0,128,0.5844067969310961,0.11692243104316438,0.08903258179270995,0.7268673355629878,0.2103,0.530961791831357,0.98828125,0.43240167451073863,0.2137218135950679,0.11388174789055497,0.06330791750376591
311,22,majority_only,W8A8_pooled_p995,8,8,False,99.5,0,0.6172881984463451,0.13817281399793774,0.08176910181760441,0.7112597547380156,0.0399,0.91015625,1.0,0.04376251989886884,0.2137218135950679,0.067539129233825,0.03696218463993416
311,22,majority_only,W4A8_pooled_p995,4,8,False,99.5,0,0.6064132752491583,0.1342554269236447,0.08215543766141528,0.6722408026755853,0.1576,0.6848958333333333,1.0,0.13577806529683806,0.2137218135950679,0.06470150868505087,0.03376761373515934
311,22,majority_only,W8A4_pooled_p995,8,4,False,99.5,0,0.6082727085573734,0.13361222808121975,0.08270327370521179,0.6867335562987736,0.1318,0.5783926218708828,0.98828125,0.22150189108353424,0.2137218135950679,0.07700935199557035,0.04585697655372664
311,22,majority_only,W4A4_pooled_p995,4,4,False,99.5,0,0.6003738828918298,0.13351301263701398,0.08258218737275806,0.6588628762541806,0.1912,0.5577427821522309,0.9921875,0.25233003676359556,0.2137218135950679,0.07949385506632807,0.042951769361597156
311,22,majority_only,W8A4_channel_p995,8,4,True,99.5,0,0.606201834057916,0.13416202278582828,0.08351961821140756,0.7313266443701226,0.1525,0.6167979002624673,0.9921875,0.26709429818861474,0.2137218135950679,0.0859178999530267,0.053681336369383006
311,22,majority_only,W8A4_channel_minmax,8,4,True,100.0,0,0.5911148651668978,0.12430857966754112,0.08535090081011712,0.7324414715719063,0.1746,0.5695538057742782,0.9921875,0.3413950788000724,0.2137218135950679,0.09646310300935654,0.0545782327624072
311,23,representative,W8A8_pooled_p995,8,8,False,99.5,22,0.6182144859933836,0.1391511111846902,0.08169741093582496,0.7123745819397993,0.0349,0.9114583333333333,1.0,0.040239737791273725,0.2137218135950679,0.06693636641470713,0.037232281210457685
311,23,representative,W4A8_pooled_p995,4,8,False,99.5,22,0.6075920920382135,0.13482524501454973,0.08210757022746251,0.6722408026755853,0.1589,0.7005208333333333,1.0,0.13533714318157736,0.2137218135950679,0.06480835087920238,0.033338886844484966
311,23,representative,W8A4_pooled_p995,8,4,False,99.5,22,0.6106260557516474,0.13510658161447603,0.0824091335339697,0.5930880713489409,0.1537,0.5934640522875816,0.99609375,0.19908629373372005,0.2137218135950679,0.07030695827545624,0.041996808235650225
311,23,representative,W4A4_pooled_p995,4,4,False,99.5,22,0.6037657596556001,0.1342576957938611,0.08257470330056908,0.5607580824972129,0.2229,0.5712418300653594,0.99609375,0.22872302430296076,0.2137218135950679,0.07433941661464512,0.0358315094699262
311,23,representative,W8A4_channel_p995,8,4,True,99.5,22,0.6032829291334609,0.1341049566488357,0.08345333187985743,0.7435897435897436,0.143,0.5768229166666666,1.0,0.2787043193306053,0.2137218135950679,0.08089458426199955,0.05019639350229231
311,23,representative,W8A4_channel_minmax,8,4,True,100.0,22,0.597172933910942,0.1199142800278909,0.08858542194499217,0.7614269788182831,0.2065,0.5322793148880105,0.98828125,0.4509752170948017,0.2137218135950679,0.10606773708318637,0.06798920311090767
311,23,balanced,W8A8_pooled_p995,8,8,False,99.5,128,0.61682453418336,0.13814109972508326,0.08173192769528943,0.693422519509476,0.0382,0.9088541666666666,1.0,0.04966519659608,0.2137218135950679,0.06637230209855106,0.0363748141102348
311,23,balanced,W4A8_pooled_p995,4,8,False,99.5,128,0.6061810144792821,0.1339389397708889,0.08214103079918322,0.6555183946488294,0.1595,0.6979166666666666,1.0,0.13526108342000254,0.2137218135950679,0.06361092900815458,0.033000910484728745
311,23,balanced,W8A4_pooled_p995,8,4,False,99.5,128,0.609984567793508,0.13027716321387994,0.08384651565249263,0.770345596432553,0.1474,0.5572916666666666,1.0,0.29390755337833874,0.2137218135950679,0.09134428593200083,0.05486987744767751
311,23,balanced,W4A4_pooled_p995,4,4,False,99.5,128,0.5921626410786698,0.12400704702514742,0.08376349693091391,0.7034559643255296,0.1886,0.5520833333333333,1.0,0.26610134706754235,0.2137218135950679,0.08321012009981893,0.04591197597792886
311,23,balanced,W8A4_channel_p995,8,4,True,99.5,128,0.6105394095640979,0.1351511784909028,0.08365359533679227,0.7335562987736901,0.1505,0.5826771653543307,0.9921875,0.26249433329632615,0.2137218135950679,0.09285728674784043,0.051433966220695335
311,23,balanced,W8A4_channel_minmax,8,4,True,100.0,128,0.5747483494666699,0.11424035808653242,0.10180643380296962,0.7413600891861761,0.2636,0.4746666666666666,0.9765625,0.8149373758001985,0.2137218135950679,0.1683969981169809,0.10769634673110677
311,23,majority_only,W8A8_pooled_p995,8,8,False,99.5,0,0.6169768232776606,0.13876152664022834,0.08169562012343645,0.6989966555183946,0.0413,0.8984374999999999,1.0,0.05072122102699798,0.2137218135950679,0.06739132266601566,0.036525196838413515
311,23,majority_only,W4A8_pooled_p995,4,8,False,99.5,0,0.6067594313609722,0.1341465125518735,0.08212121018249598,0.6555183946488294,0.1604,0.6953125,1.0,0.13600620024197024,0.2137218135950679,0.06530626486866957,0.033185670601966734
311,23,majority_only,W8A4_pooled_p995,8,4,False,99.5,0,0.6109371247500579,0.13365868230010006,0.08330049969037827,0.7636566332218506,0.1443,0.5725490196078431,0.99609375,0.27805077858642113,0.2137218135950679,0.09020306311591887,0.054877637639744695
311,23,majority_only,W4A4_pooled_p995,4,4,False,99.5,0,0.5953376880543749,0.1271521190671033,0.0837926465049039,0.7157190635451505,0.1888,0.5559895833333333,1.0,0.26607078425899644,0.2137218135950679,0.08433410548247551,0.04677249230716559
311,23,majority_only,W8A4_channel_p995,8,4,True,99.5,0,0.6113456783637183,0.1346159237338781,0.0829198040204596,0.7034559643255296,0.1468,0.5958005249343832,0.9921875,0.24566222731586387,0.2137218135950679,0.081626339427918,0.047198106689754604
311,23,majority_only,W8A4_channel_minmax,8,4,True,100.0,0,0.5859191556166754,0.1189563395119726,0.09163376392957936,0.7045707915273133,0.2337,0.4954248366013071,0.99609375,0.6248543126567213,0.2137218135950679,0.12973128726739214,0.08778928366361219
312,0,representative,W8A8_pooled_p995,8,8,False,99.5,26,0.6053756029564291,0.14303028197891166,0.08284565852946774,0.6655518394648829,0.0336,0.8854166666666665,1.0,0.06552577945994448,0.2628747778189272,0.07516041874186088,0.04526464790622357
312,0,representative,W4A8_pooled_p995,4,8,False,99.5,26,0.592724953403946,0.1367308927147305,0.08389222071497844,0.653288740245262,0.1748,0.6901041666666667,1.0,0.16666028425806304,0.2628747778189272,0.07745692028757861,0.04171814866221516
312,0,representative,W8A4_pooled_p995,8,4,False,99.5,26,0.585256235739354,0.12868874106223546,0.08625216909088917,0.6956521739130435,0.153,0.5442708333333333,1.0,0.33332087905601493,0.2628747778189272,0.0933562404295042,0.06301194325185877
312,0,representative,W4A4_pooled_p995,4,4,False,99.5,26,0.5925265550663772,0.13488944763358388,0.0863989184519804,0.6978818283166109,0.2179,0.54296875,1.0,0.3538114450106508,0.2628747778189272,0.0949043329504772,0.05998770709823673
312,0,representative,W8A4_channel_p995,8,4,True,99.5,26,0.5902046209422181,0.13277435131706555,0.08525542309472942,0.6900780379041248,0.1584,0.5729166666666667,1.0,0.3432368533348321,0.2628747778189272,0.10764350698381286,0.06304919141759677
312,0,representative,W8A4_channel_minmax,8,4,True,100.0,26,0.5908571922642774,0.13054179214297626,0.08884625715682655,0.6666666666666666,0.2138,0.5104166666666666,1.0,0.5075599912248168,0.2628747778189272,0.11522906036087677,0.07032119250309829
312,0,balanced,W8A8_pooled_p995,8,8,False,99.5,128,0.6055379344357178,0.14369304567011243,0.08287395879053136,0.6688963210702341,0.0233,0.9114583333333333,1.0,0.05282631366921292,0.2628747778189272,0.07608239369584627,0.043848444094459926
312,0,balanced,W4A8_pooled_p995,4,8,False,99.5,128,0.5938883392111902,0.13837632914234554,0.08389082170411812,0.6488294314381271,0.1746,0.6979166666666666,1.0,0.16206895459507137,0.2628747778189272,0.08210600301689784,0.04208576789463761
312,0,balanced,W8A4_pooled_p995,8,4,False,99.5,128,0.5968099996681113,0.13529947598541342,0.08511868471842575,0.5986622073578596,0.1606,0.5437908496732027,0.99609375,0.3303196283896742,0.2628747778189272,0.08841550265610608,0.06002811828819731
312,0,balanced,W4A4_pooled_p995,4,4,False,99.5,128,0.5820879245096775,0.1363727106909623,0.08517210528516705,0.568561872909699,0.2292,0.5325520833333333,1.0,0.34254412551246116,0.2628747778189272,0.09130483967324869,0.051463353286731836
312,0,balanced,W8A4_channel_p995,8,4,True,99.5,128,0.5829803496244087,0.1281982006671822,0.08818058243775338,0.6945373467112598,0.1818,0.5406824146981627,0.9921875,0.3688091092924794,0.2628747778189272,0.11158263979362579,0.06504137976243832
312,0,balanced,W8A4_channel_minmax,8,4,True,100.0,128,0.5736468100547787,0.11863661552560073,0.10682376961991745,0.6956521739130435,0.2697,0.46719160104986873,0.9921875,0.8563334153296591,0.2628747778189272,0.18374556063224926,0.11776438910624876
312,0,majority_only,W8A8_pooled_p995,8,8,False,99.5,0,0.6052987542176487,0.14293527840629056,0.08286947307638957,0.6688963210702341,0.0337,0.8893229166666665,1.0,0.0676691411180761,0.2628747778189272,0.07603043890326373,0.04555788329541527
312,0,majority_only,W4A8_pooled_p995,4,8,False,99.5,0,0.5926599228377429,0.13651027599499416,0.08390014323360835,0.6577480490523969,0.1738,0.69140625,1.0,0.16826320952481938,0.2628747778189272,0.0776357239998888,0.04208480908456889
312,0,majority_only,W8A4_pooled_p995,8,4,False,99.5,0,0.5934912363657785,0.13380515251261432,0.08602034269414492,0.7246376811594203,0.1593,0.5533854166666666,1.0,0.3574258838269534,0.2628747778189272,0.10054115761262038,0.06419650766881081
312,0,majority_only,W4A4_pooled_p995,4,4,False,99.5,0,0.591962283251347,0.13622942815593111,0.08663373205312175,0.7090301003344481,0.2283,0.5455729166666667,1.0,0.36180005423472106,0.2628747778189272,0.10555111604853862,0.06222592333495954
312,0,majority_only,W8A4_channel_p995,8,4,True,99.5,0,0.5951178577976242,0.13219960202921383,0.0850668302670853,0.6700111482720178,0.1543,0.5620915032679737,0.99609375,0.32013852981753055,0.2628747778189272,0.09108564009942374,0.05702017390867054
312,0,majority_only,W8A4_channel_minmax,8,4,True,100.0,0,0.5936372795864888,0.13183804211253983,0.08854907978285648,0.6655518394648829,0.2066,0.4993464052287582,0.99609375,0.49554071979870146,0.2628747778189272,0.11569128485631922,0.07652053614837578
312,1,representative,W8A8_pooled_p995,8,8,False,99.5,28,0.6049336767828999,0.14303884533784825,0.08289569384313772,0.6688963210702341,0.0306,0.8997395833333333,1.0,0.06158699272216288,0.2628747778189272,0.07760424830008913,0.04449640308936233
312,1,representative,W4A8_pooled_p995,4,8,False,99.5,28,0.5927279538726314,0.13732631356194608,0.0839564840422762,0.6521739130434783,0.1744,0.6927083333333333,1.0,0.16575055600844646,0.2628747778189272,0.08082727284925707,0.04181154017451466
312,1,representative,W8A4_pooled_p995,8,4,False,99.5,28,0.5901064015183106,0.13172338187403462,0.08559120046460066,0.6700111482720178,0.1421,0.55078125,1.0,0.31192507540415376,0.2628747778189272,0.09833803555712946,0.057141246754991784
312,1,representative,W4A4_pooled_p995,4,4,False,99.5,28,0.5920735455289281,0.13592248913556074,0.08543850627306404,0.653288740245262,0.2096,0.5169270833333334,1.0,0.35259649225617384,0.2628747778189272,0.08950577553624922,0.057492689792124685
312,1,representative,W8A4_channel_p995,8,4,True,99.5,28,0.5933511328483841,0.13257621188462498,0.08590606846835,0.6900780379041248,0.1668,0.5455729166666667,1.0,0.3341119409465305,0.2628747778189272,0.09409838683688314,0.06370581698072024
312,1,representative,W8A4_channel_minmax,8,4,True,100.0,28,0.5725265330221173,0.11399196079118726,0.10734211225754241,0.6845039018952063,0.2674,0.4729907773386034,0.98828125,0.8337185316952365,0.2628747778189272,0.17384633711584063,0.11436187607395903
312,1,balanced,W8A8_pooled_p995,8,8,False,99.5,128,0.6042063999139784,0.14307679025928646,0.08291257394291618,0.6588628762541806,0.0281,0.9309895833333333,1.0,0.05094836872790567,0.2628747778189272,0.07683356288678758,0.04401570511743766
312,1,balanced,W4A8_pooled_p995,4,8,False,99.5,128,0.5923887784430654,0.13803101080847635,0.08388602511301853,0.6477146042363434,0.1746,0.6979166666666667,1.0,0.16299802263903157,0.2628747778189272,0.07991050623234117,0.04179829257673738
312,1,balanced,W8A4_pooled_p995,8,4,False,99.5,128,0.5925910957601418,0.13918674997332586,0.08449575843295018,0.5819397993311036,0.1626,0.5572916666666666,1.0,0.2975256810446676,0.2628747778189272,0.08877134424590877,0.05319492547425686
312,1,balanced,W4A4_pooled_p995,4,4,False,99.5,128,0.5856102298101831,0.13924672066854765,0.08518662458217441,0.5808249721293199,0.2275,0.52734375,1.0,0.30709447931399614,0.2628747778189272,0.09872169862148628,0.04997530288613623
312,1,balanced,W8A4_channel_p995,8,4,True,99.5,128,0.5904419641386432,0.13416443260409425,0.08595385930439046,0.6744704570791528,0.1639,0.5633986928104576,0.99609375,0.3342935110083009,0.2628747778189272,0.09779805334840538,0.06542313764836097
312,1,balanced,W8A4_channel_minmax,8,4,True,100.0,128,0.579125543406311,0.12642164741465756,0.09505290596671864,0.6711259754738016,0.2375,0.5217391304347826,0.98828125,0.6809313047761573,0.2628747778189272,0.1572361017162177,0.1000768086371677
312,1,majority_only,W8A8_pooled_p995,8,8,False,99.5,0,0.6051321975885784,0.14283126579770622,0.08286242249719049,0.6700111482720178,0.0355,0.8958333333333333,1.0,0.06887294850143205,0.2628747778189272,0.07546584412524149,0.04568674575106429
312,1,majority_only,W4A8_pooled_p995,4,8,False,99.5,0,0.5922773936973746,0.13616415818796573,0.08395319912884612,0.6510590858416946,0.1766,0.6901041666666666,1.0,0.1680838760070735,0.2628747778189272,0.07904020844325887,0.04229014592689735
312,1,majority_only,W8A4_pooled_p995,8,4,False,99.5,0,0.5960013427403537,0.1340003453289686,0.08585049358542997,0.7302118171683389,0.154,0.5403645833333334,1.0,0.34426642813576924,0.2628747778189272,0.09517076297393887,0.06469517568479283
312,1,majority_only,W4A4_pooled_p995,4,4,False,99.5,0,0.5886486023755628,0.13532399566419726,0.0864764631733786,0.7001114827201784,0.2215,0.5208333333333333,1.0,0.35509904703349754,0.2628747778189272,0.10117310289671184,0.06037915742702052
312,1,majority_only,W8A4_channel_p995,8,4,True,99.5,0,0.5948856582618027,0.13287443882868782,0.08488503731324436,0.6945373467112598,0.1679,0.5520833333333333,1.0,0.31392260999124555,0.2628747778189272,0.09603208809299997,0.050181124827067845
312,1,majority_only,W8A4_channel_minmax,8,4,True,100.0,0,0.5885358704806665,0.12947277281572617,0.08994141999023493,0.673355629877369,0.2236,0.515625,1.0,0.5602030015115667,0.2628747778189272,0.12129992557941374,0.0722319372851344
312,2,representative,W8A8_pooled_p995,8,8,False,99.5,22,0.605721759068243,0.14355419908600045,0.0828322691658099,0.6566332218506131,0.0282,0.90234375,1.0,0.05352102098017399,0.2628747778189272,0.07513027189060476,0.04391087105537255
312,2,representative,W4A8_pooled_p995,4,8,False,99.5,22,0.5931134222476303,0.1378373423927023,0.08385210549950141,0.6399108138238573,0.1745,0.6966145833333333,1.0,0.1633138535826098,0.2628747778189272,0.0811811878352069,0.041374127726673836
312,2,representative,W8A4_pooled_p995,8,4,False,99.5,22,0.5908740316293488,0.13446118250855288,0.08518858613226726,0.5997770345596433,0.1543,0.5542483660130719,0.99609375,0.3286003067761165,0.2628747778189272,0.09137645821521621,0.061394725073786245
312,2,representative,W4A4_pooled_p995,4,4,False,99.5,22,0.5841327745358428,0.1363142397452744,0.08535980263990758,0.5975473801560758,0.224,0.54296875,1.0,0.3524176139357053,0.2628747778189272,0.09056540799558463,0.053450361692523846
312,2,representative,W8A4_channel_p995,8,4,True,99.5,22,0.5946056349291785,0.13298075204027002,0.08631150930109205,0.6767001114827201,0.1721,0.5377604166666666,1.0,0.370666288434525,0.2628747778189272,0.0940392139389706,0.059617821931874204
312,2,representative,W8A4_channel_minmax,8,4,True,100.0,22,0.5432953547478621,0.1060137308074354,0.16048865751722013,0.7725752508361204,0.3627,0.480225988700565,0.921875,1.2094218285747491,0.2628747778189272,0.29871363343271873,0.1723271544452849
312,2,balanced,W8A8_pooled_p995,8,8,False,99.5,128,0.6045139173372103,0.14283600414979322,0.0829046267828969,0.6711259754738016,0.0309,0.8945312499999999,1.0,0.06194548759055208,0.2628747778189272,0.07871497736602792,0.04469456145750746
312,2,balanced,W4A8_pooled_p995,4,8,False,99.5,128,0.5923530177550591,0.13693379100156677,0.0839274613004148,0.6544035674470458,0.1755,0.69921875,1.0,0.16561979407192245,0.2628747778189272,0.08068159026940412,0.04187883474982125
312,2,balanced,W8A4_pooled_p995,8,4,False,99.5,128,0.5914528159153677,0.13554117534908652,0.085234558980671,0.6688963210702341,0.1416,0.5794270833333334,1.0,0.31830841450580954,0.2628747778189272,0.09668970615450614,0.059342469159665186
312,2,balanced,W4A4_pooled_p995,4,4,False,99.5,128,0.5901992323453953,0.13451158910448385,0.08550943293772789,0.6465997770345596,0.2104,0.5455729166666666,1.0,0.34911605177947647,0.2628747778189272,0.09570089998740094,0.05869846340833925
312,2,balanced,W8A4_channel_p995,8,4,True,99.5,128,0.5987980857254723,0.13334851456636634,0.08547866004342132,0.7001114827201784,0.1598,0.5520833333333334,1.0,0.3381594733566389,0.2628747778189272,0.09604410194127655,0.059900266935763696
312,2,balanced,W8A4_channel_minmax,8,4,True,100.0,128,0.5813491968725074,0.1188505758774147,0.10413524933778595,0.6967670011148273,0.262,0.4808959156785244,0.98828125,0.7711255331444709,0.2628747778189272,0.1672069728099373,0.10981008600926034
312,2,majority_only,W8A8_pooled_p995,8,8,False,99.5,0,0.6046003798225952,0.1429182232858769,0.08281176221689672,0.6566332218506131,0.0381,0.8776041666666666,1.0,0.06905162639808629,0.2628747778189272,0.07325638121972844,0.045312749223335
312,2,majority_only,W4A8_pooled_p995,4,8,False,99.5,0,0.5922890894018424,0.1368261694203646,0.08381514300879521,0.6399108138238573,0.1777,0.6966145833333333,1.0,0.16691338562449154,0.2628747778189272,0.07936031920448684,0.04148574390399423
312,2,majority_only,W8A4_pooled_p995,8,4,False,99.5,0,0.5928490748330362,0.13422504502298435,0.08601582958389119,0.7224080267558528,0.1584,0.55859375,1.0,0.36142460209390537,0.2628747778189272,0.09753657739184035,0.06492375944111783
312,2,majority_only,W4A4_pooled_p995,4,4,False,99.5,0,0.5916198624168764,0.13516029328766876,0.08657291921409994,0.7068004459308808,0.2267,0.53125,1.0,0.3624717730421432,0.2628747778189272,0.10186461000416594,0.0625009260429869
312,2,majority_only,W8A4_channel_p995,8,4,True,99.5,0,0.589073260545637,0.13197508469135177,0.08544690076799663,0.6833890746934225,0.1664,0.5364583333333333,1.0,0.3252091456214379,0.2628747778189272,0.10015120532753115,0.06021920430327961
312,2,majority_only,W8A4_channel_minmax,8,4,True,100.0,0,0.5965415495718454,0.13710932201138332,0.08850550559459391,0.6744704570791528,0.2149,0.522875816993464,0.99609375,0.5178769180515715,0.2628747778189272,0.11434877783057629,0.07242121058455987
312,3,representative,W8A8_pooled_p995,8,8,False,99.5,23,0.605571796868025,0.1429558270370135,0.08279402448852612,0.6577480490523969,0.0369,0.8893229166666665,1.0,0.06679717484748465,0.2628747778189272,0.07550656483212292,0.04510396378103286
312,3,representative,W4A8_pooled_p995,4,8,False,99.5,23,0.5929816465616895,0.13709492051961542,0.08377109126329019,0.6410256410256411,0.176,0.6966145833333333,1.0,0.16646311073910092,0.2628747778189272,0.0784060698815166,0.041280711011619856
312,3,representative,W8A4_pooled_p995,8,4,False,99.5,23,0.5885119891992925,0.12888264541401545,0.08686644762277601,0.7268673355629878,0.1587,0.5260416666666667,1.0,0.3901789326441788,0.2628747778189272,0.100487963338555,0.0642799386702352
312,3,representative,W4A4_pooled_p995,4,4,False,99.5,23,0.5858637387970766,0.1298584253114171,0.08795633476592712,0.7235228539576366,0.2284,0.53125,1.0,0.39440614120869333,0.2628747778189272,0.10023701109585322,0.06813996937000683
312,3,representative,W8A4_channel_p995,8,4,True,99.5,23,0.5866200406079758,0.12825697725626306,0.08673502567632102,0.7012263099219621,0.1816,0.55078125,1.0,0.35109853222296517,0.2628747778189272,0.1030227704643425,0.05893632100905572
312,3,representative,W8A4_channel_minmax,8,4,True,100.0,23,0.5213449668240014,0.09866690725009661,0.21844867851859434,0.79041248606466,0.3885,0.4465408805031446,0.828125,1.4341926029175527,0.2628747778189272,0.4135829489202774,0.186766352915002
312,3,balanced,W8A8_pooled_p995,8,8,False,99.5,128,0.6044363950238268,0.14260328644681186,0.08288987669815924,0.6744704570791528,0.0313,0.890625,1.0,0.061929862364290614,0.2628747778189272,0.07659762912556349,0.04430669596702204
312,3,balanced,W4A8_pooled_p995,4,8,False,99.5,128,0.5922233852610365,0.1369876389867486,0.08391701260481352,0.653288740245262,0.1749,0.7018229166666667,1.0,0.16535747767099115,0.2628747778189272,0.07999867291170694,0.041569305878465204
312,3,balanced,W8A4_pooled_p995,8,4,False,99.5,128,0.5916885057923129,0.13543213706035767,0.08519870930176882,0.6767001114827201,0.1417,0.5885416666666666,1.0,0.30953428164480257,0.2628747778189272,0.09267140647568278,0.05943182317915493
312,3,balanced,W4A4_pooled_p995,4,4,False,99.5,128,0.5890387857727818,0.13553131143568772,0.08547536616141188,0.6510590858416946,0.2113,0.5464052287581699,0.99609375,0.33857940492882593,0.2628747778189272,0.09801160320616353,0.05911810105998895
312,3,balanced,W8A4_channel_p995,8,4,True,99.5,128,0.5950589506369015,0.13493275386977113,0.0851464393931112,0.6878483835005574,0.1574,0.5859375,1.0,0.3199731768416544,0.2628747778189272,0.09091690973120412,0.056799847249752816
312,3,balanced,W8A4_channel_minmax,8,4,True,100.0,128,0.5964103249923979,0.12919202734233565,0.08934302202994077,0.6778149386845039,0.2098,0.5396825396825397,0.984375,0.4780106707065097,0.2628747778189272,0.11050828443810955,0.07215143232715575
312,3,majority_only,W8A8_pooled_p995,8,8,False,99.5,0,0.6058057109573809,0.14304984385576613,0.08283257805401234,0.6711259754738016,0.033,0.8932291666666666,1.0,0.06734870972554895,0.2628747778189272,0.07390537840333672,0.04503351079371893
312,3,majority_only,W4A8_pooled_p995,4,8,False,99.5,0,0.5931555512773363,0.13665944007460762,0.08387504251166647,0.6488294314381271,0.1745,0.7018229166666667,1.0,0.1691165087230243,0.2628747778189272,0.07695856066578968,0.041612984225942985
312,3,majority_only,W8A4_pooled_p995,8,4,False,99.5,0,0.5871988248939947,0.1286146709190318,0.08689885697707052,0.7123745819397993,0.16,0.52734375,1.0,0.37616273046339954,0.2628747778189272,0.0966219313804756,0.06126979311195858
312,3,majority_only,W4A4_pooled_p995,4,4,False,99.5,0,0.5851251948620709,0.12870196650013466,0.08763321754311476,0.7079152731326644,0.2265,0.53125,1.0,0.38644211931438865,0.2628747778189272,0.10270965949741628,0.06507864431488178
312,3,majority_only,W8A4_channel_p995,8,4,True,99.5,0,0.6005581973967934,0.1315730093912163,0.08529752193753194,0.6644370122630993,0.153,0.5611979166666666,1.0,0.32171228876518343,0.2628747778189272,0.08762809592140779,0.05713058487998527
312,3,majority_only,W8A4_channel_minmax,8,4,True,100.0,0,0.5856332538147898,0.1276420644785826,0.08997137193918266,0.6566332218506131,0.2086,0.5098039215686274,0.99609375,0.5115470022005503,0.2628747778189272,0.1258989321148808,0.07165874788723475
312,4,representative,W8A8_pooled_p995,8,8,False,99.5,18,0.6061053291875429,0.14305253833296835,0.08277491862343288,0.6655518394648829,0.0335,0.8919270833333333,1.0,0.06809665831927458,0.2628747778189272,0.07458402151483387,0.04552355243431359
312,4,representative,W4A8_pooled_p995,4,8,False,99.5,18,0.5930569644490998,0.1366515247988801,0.08383295544510128,0.6477146042363434,0.1766,0.6901041666666667,1.0,0.16804886122379317,0.2628747778189272,0.07822829416431115,0.041750423535616935
312,4,representative,W8A4_pooled_p995,8,4,False,99.5,18,0.5875443686652605,0.1286707047026802,0.08685564840969852,0.7190635451505016,0.1617,0.5364583333333334,1.0,0.37830032031926897,0.2628747778189272,0.09657495138593741,0.06234415957006165
312,4,representative,W4A4_pooled_p995,4,4,False,99.5,18,0.5872170726423266,0.12995424115317308,0.08750893783550545,0.725752508361204,0.2299,0.522875816993464,0.99609375,0.40393055360556906,0.2628747778189272,0.10552624961346115,0.06329925498487243
312,4,representative,W8A4_channel_p995,8,4,True,99.5,18,0.5952396523326317,0.12981258346968516,0.08544508949672222,0.6510590858416946,0.1539,0.546875,1.0,0.32318913364910506,0.2628747778189272,0.09756261837232386,0.05591391796554919
312,4,representative,W8A4_channel_minmax,8,4,True,100.0,18,0.5733694197865111,0.11192069614684758,0.11604853823494223,0.7313266443701226,0.2904,0.46613545816733065,0.98046875,0.9649724086399759,0.2628747778189272,0.2130057818208559,0.14123179748946788
312,4,balanced,W8A8_pooled_p995,8,8,False,99.5,128,0.6052720561697534,0.14334037086823317,0.08290190828888495,0.6711259754738016,0.03,0.9179687499999999,1.0,0.061560238210175144,0.2628747778189272,0.0759002444813199,0.04442982964514641
312,4,balanced,W4A8_pooled_p995,4,8,False,99.5,128,0.5931058904588892,0.13735405517830251,0.08394111120855657,0.6510590858416946,0.1745,0.69921875,1.0,0.16552772627129125,0.2628747778189272,0.07988243969840456,0.041988210555181385
312,4,balanced,W8A4_pooled_p995,8,4,False,99.5,128,0.5918869041298819,0.132541581918336,0.08538811359629653,0.6755852842809364,0.1438,0.5546875,1.0,0.32456823856395095,0.2628747778189272,0.09678291393714117,0.0597217077290554
312,4,balanced,W4A4_pooled_p995,4,4,False,99.5,128,0.5925871155465795,0.13491833659452662,0.08532370798506198,0.6577480490523969,0.2124,0.5221354166666666,1.0,0.3583047560374376,0.2628747778189272,0.08921098662339812,0.0564419112936562
312,4,balanced,W8A4_channel_p995,8,4,True,99.5,128,0.5971609320362001,0.13565628195375345,0.08510917469426989,0.7001114827201784,0.1674,0.5234375,1.0,0.35572989574834823,0.2628747778189272,0.0956625440388153,0.060435573373217984
312,4,balanced,W8A4_channel_minmax,8,4,True,100.0,128,0.5405171656813496,0.10136358067175806,0.1486687749263495,0.7402452619843924,0.3494,0.4625,0.9375,1.1320816167852639,0.2628747778189272,0.2815558024609093,0.14868458960880415
312,4,majority_only,W8A8_pooled_p995,8,8,False,99.5,0,0.6050637379153062,0.14288749809269524,0.08287517122308871,0.6677814938684504,0.0356,0.890625,1.0,0.06708983106758294,0.2628747778189272,0.07464121578965927,0.04545270017269881
312,4,majority_only,W4A8_pooled_p995,4,8,False,99.5,0,0.5917483926979125,0.13655921708006746,0.0839329098560966,0.6510590858416946,0.175,0.6848958333333333,1.0,0.1687197138825424,0.2628747778189272,0.0775248665896556,0.042288751072213075
312,4,majority_only,W8A4_pooled_p995,8,4,False,99.5,0,0.5947721915582487,0.1342016862661226,0.08593500470238422,0.7279821627647715,0.1568,0.5416666666666667,1.0,0.3481704746928079,0.2628747778189272,0.09779114054668334,0.06415753338274713
312,4,majority_only,W4A4_pooled_p995,4,4,False,99.5,0,0.5886184752205987,0.13553808935957945,0.08642012295620212,0.7079152731326644,0.2219,0.5442708333333333,1.0,0.3563101088411954,0.2628747778189272,0.10221531763919567,0.062434386008531025
312,4,majority_only,W8A4_channel_p995,8,4,True,99.5,0,0.5974808187385026,0.1344681149053913,0.08537992987560288,0.6867335562987736,0.1738,0.55859375,1.0,0.33652712414223546,0.2628747778189272,0.0975349206611874,0.06105670698101375
312,4,majority_only,W8A4_channel_minmax,8,4,True,100.0,0,0.5947012825227842,0.13092454750435065,0.09021088268250778,0.6911928651059086,0.2224,0.5464052287581699,0.99609375,0.5203111349528678,0.2628747778189272,0.12140452653289602,0.07632188211222474
312,5,representative,W8A8_pooled_p995,8,8,False,99.5,25,0.6049916654328005,0.14267635844863977,0.08283118395260045,0.6666666666666666,0.0359,0.890625,1.0,0.07020423445960765,0.2628747778189272,0.0767864625807788,0.04509623738675492
312,5,representative,W4A8_pooled_p995,4,8,False,99.5,25,0.5926645153918532,0.13661709567022873,0.08384067654014532,0.6510590858416946,0.1747,0.6875,1.0,0.168597157314674,0.2628747778189272,0.07822536611140672,0.041797606604403126
312,5,representative,W8A4_pooled_p995,8,4,False,99.5,25,0.5963643994512939,0.1349963515641978,0.08603078269316068,0.7302118171683389,0.1616,0.5442708333333333,1.0,0.36586398123161645,0.2628747778189272,0.09567916560707025,0.06916422599384385
312,5,representative,W4A4_pooled_p995,4,4,False,99.5,25,0.5898264394197412,0.13536386508200987,0.08736079149485368,0.7335562987736901,0.2319,0.5286458333333333,1.0,0.37572342913230494,0.2628747778189272,0.09766296589941167,0.06321829491541278
312,5,representative,W8A4_channel_p995,8,4,True,99.5,25,0.5976688685208094,0.1340996458225936,0.08517705978629128,0.6923076923076923,0.1705,0.5572916666666666,1.0,0.32339888544258905,0.2628747778189272,0.09835905663194014,0.0621914386383738
312,5,representative,W8A4_channel_minmax,8,4,True,100.0,25,0.6024037918086226,0.13697508667908423,0.08629105973146782,0.6900780379041248,0.1806,0.54296875,1.0,0.40463292219384855,0.2628747778189272,0.10001719711986189,0.07152984747785018
312,5,balanced,W8A8_pooled_p995,8,8,False,99.5,128,0.6029711253263929,0.1427732416429559,0.08297269302094085,0.6700111482720178,0.0311,0.90625,1.0,0.05454936473169663,0.2628747778189272,0.07751552260448259,0.04462933255681584
312,5,balanced,W4A8_pooled_p995,4,8,False,99.5,128,0.5914011956071669,0.1370241352094832,0.08398544879651576,0.6521739130434783,0.1769,0.6979166666666667,1.0,0.16547666432366093,0.2628747778189272,0.08058608291653435,0.04228282809216062
312,5,balanced,W8A4_pooled_p995,8,4,False,99.5,128,0.5919810208721175,0.13683355466450228,0.08466612502747083,0.6098104793756968,0.1588,0.57421875,1.0,0.2946452933089735,0.2628747778189272,0.08918162497590199,0.05606417309215957
312,5,balanced,W4A4_pooled_p995,4,4,False,99.5,128,0.5862299796788666,0.1353777214686115,0.08494380457347449,0.5908584169453734,0.2232,0.5455729166666667,1.0,0.3150393153561394,0.2628747778189272,0.09693369234280992,0.04944730928846709
312,5,balanced,W8A4_channel_p995,8,4,True,99.5,128,0.5950520311887085,0.13435375079120587,0.08545725569338974,0.6923076923076923,0.1576,0.55859375,1.0,0.34482953476100775,0.2628747778189272,0.09671625993715618,0.06426644973070983
312,5,balanced,W8A4_channel_minmax,8,4,True,100.0,128,0.5933592769776732,0.13144070563590507,0.08775117877008685,0.6867335562987736,0.1971,0.5058823529411764,0.99609375,0.4528514835043368,0.2628747778189272,0.10646468299756053,0.06418932617111833
312,5,majority_only,W8A8_pooled_p995,8,8,False,99.5,0,0.6055697761442165,0.1433714398703034,0.08283673606723538,0.6655518394648829,0.0325,0.8841145833333333,1.0,0.0643644671303347,0.2628747778189272,0.07508139309857845,0.04457840819231761
312,5,majority_only,W4A8_pooled_p995,4,8,False,99.5,0,0.5933069830948696,0.1374849847002826,0.0838384595471889,0.6443701226309922,0.1739,0.7005208333333333,1.0,0.1653654760528106,0.2628747778189272,0.0801962135140458,0.041387873150676796
312,5,majority_only,W8A4_pooled_p995,8,4,False,99.5,0,0.5803181990917521,0.13004273522115134,0.08603324223475961,0.6700111482720178,0.147,0.5455729166666666,1.0,0.33824234992737967,0.2628747778189272,0.09868412035796731,0.06269126115871057
312,5,majority_only,W4A4_pooled_p995,4,4,False,99.5,0,0.5853497401410417,0.13058456272988736,0.08656312793985933,0.6666666666666666,0.219,0.5234375,1.0,0.3552167218794492,0.2628747778189272,0.09701965995789177,0.06154895588139766
312,5,majority_only,W8A4_channel_p995,8,4,True,99.5,0,0.5912426606392762,0.13546004293569436,0.08555701821219516,0.6900780379041248,0.1702,0.5598958333333334,1.0,0.34155290295213675,0.2628747778189272,0.096106345590769,0.0625098786903969
312,5,majority_only,W8A4_channel_minmax,8,4,True,100.0,0,0.5860309077666948,0.12406072556252956,0.09441485361757004,0.6945373467112598,0.2452,0.50199203187251,0.98046875,0.6512481794728009,0.2628747778189272,0.1465547899687028,0.08895234081193294
312,6,representative,W8A8_pooled_p995,8,8,False,99.5,27,0.6049249203130628,0.1425802328112588,0.08287789594292656,0.6655518394648829,0.0343,0.87890625,1.0,0.06779175198255682,0.2628747778189272,0.07354906955660673,0.04523063773504995
312,6,representative,W4A8_pooled_p995,4,8,False,99.5,27,0.5923321369423706,0.13691814661267834,0.0838775478309401,0.6521739130434783,0.1749,0.69921875,1.0,0.16881502140081123,0.2628747778189272,0.08029042302913637,0.042170366712175625
312,6,representative,W8A4_pooled_p995,8,4,False,99.5,27,0.5930685989195128,0.13366020462410994,0.08593158987074939,0.7212931995540691,0.1567,0.5390625,1.0,0.35906943974359695,0.2628747778189272,0.09604775768102239,0.06457206092012258
312,6,representative,W4A4_pooled_p995,4,4,False,99.5,27,0.5905145877276422,0.13655954797760964,0.0864985851914902,0.7045707915273133,0.2255,0.5494791666666667,1.0,0.36010700575748833,0.2628747778189272,0.09935216234460253,0.06349732427569085
312,6,representative,W8A4_channel_p995,8,4,True,99.5,27,0.5974936778900116,0.13730833213996982,0.085164421556201,0.6789297658862876,0.1599,0.5481770833333333,1.0,0.33745254582488105,0.2628747778189272,0.10435666088677262,0.05999903329765062
312,6,representative,W8A4_channel_minmax,8,4,True,100.0,27,0.5947510045752862,0.13067525794612106,0.08870735975465764,0.6722408026755853,0.2034,0.5052083333333333,1.0,0.49222733693527704,0.2628747778189272,0.10865676364502935,0.07866584117439357
312,6,balanced,W8A8_pooled_p995,8,8,False,99.5,128,0.6062320224469349,0.14363973211244058,0.08285169264867606,0.6700111482720178,0.0232,0.9166666666666666,1.0,0.05318044828043722,0.2628747778189272,0.07681220685562087,0.04370777027833185
312,6,balanced,W4A8_pooled_p995,4,8,False,99.5,128,0.594123233045423,0.1386687549930011,0.08383965845889564,0.6465997770345596,0.1727,0.7057291666666667,1.0,0.16376625928093863,0.2628747778189272,0.08346111079018104,0.04177854746427734
312,6,balanced,W8A4_pooled_p995,8,4,False,99.5,128,0.5919324622666569,0.1347391132177268,0.08571429981385544,0.5953177257525084,0.1673,0.5455729166666667,1.0,0.35331246250337744,0.2628747778189272,0.10062700260960611,0.06077173812719375
312,6,balanced,W4A4_pooled_p995,4,4,False,99.5,128,0.5758903033547322,0.13455719617216644,0.08600035350544401,0.5596432552954292,0.2307,0.52734375,1.0,0.35533102232134683,0.2628747778189272,0.09826602250969563,0.05411241994515627
312,6,balanced,W8A4_channel_p995,8,4,True,99.5,128,0.5806423721778907,0.13227269342373607,0.08788040010526517,0.6811594202898551,0.1853,0.52734375,1.0,0.41563784629974976,0.2628747778189272,0.11079259088502327,0.0652421998620149
312,6,balanced,W8A4_channel_minmax,8,4,True,100.0,128,0.5716156764568898,0.11346391361524497,0.11352700009235184,0.7101449275362319,0.3074,0.4457671957671957,0.984375,0.9620751935437197,0.2628747778189272,0.20939138014246114,0.13274635898266324
312,6,majority_only,W8A8_pooled_p995,8,8,False,99.5,0,0.6050391218252745,0.1431877455201893,0.08279813238959914,0.6555183946488294,0.0367,0.8802083333333333,1.0,0.06797875841097659,0.2628747778189272,0.07215488675191611,0.045251044078468965
312,6,majority_only,W4A8_pooled_p995,4,8,False,99.5,0,0.5924119861498366,0.13696957451884773,0.08380554745827133,0.6443701226309922,0.1763,0.69140625,1.0,0.16661373054277834,0.2628747778189272,0.08000406925912115,0.04159772313900213
312,6,majority_only,W8A4_pooled_p995,8,4,False,99.5,0,0.5917442287821857,0.13229605571902764,0.08625303416889028,0.7246376811594203,0.1563,0.5338541666666666,1.0,0.3614766197708209,0.2628747778189272,0.09674487964400737,0.06368171742504851
312,6,majority_only,W4A4_pooled_p995,4,4,False,99.5,0,0.5902188884769878,0.13514904693981836,0.08740802880378569,0.7068004459308808,0.2271,0.5481770833333333,1.0,0.3882529148698072,0.2628747778189272,0.11200594762940483,0.06377817558372023
312,6,majority_only,W8A4_channel_p995,8,4,True,99.5,0,0.5887450460118812,0.1302997186592313,0.08504945730296941,0.6343366778149386,0.1569,0.5520833333333333,1.0,0.3076103236044061,0.2628747778189272,0.09377611062765608,0.055241509102735675
312,6,majority_only,W8A4_channel_minmax,8,4,True,100.0,0,0.5948487341267552,0.13097674776128462,0.09106006333673512,0.6789297658862876,0.2313,0.5118110236220472,0.9921875,0.6183478309215553,0.2628747778189272,0.13079580285610004,0.08220822673091646
312,7,representative,W8A8_pooled_p995,8,8,False,99.5,24,0.6056712409730287,0.1431386088850854,0.08284832221158474,0.6688963210702341,0.0327,0.8919270833333333,1.0,0.06713959949245889,0.2628747778189272,0.07378972378803594,0.045327333345476305
312,7,representative,W4A8_pooled_p995,4,8,False,99.5,24,0.5926882129710629,0.13702842439244556,0.08390114441705226,0.6488294314381271,0.1757,0.69140625,1.0,0.1680941745691371,0.2628747778189272,0.08029660739989178,0.04176791495450134
312,7,representative,W8A4_pooled_p995,8,4,False,99.5,24,0.5925224523847051,0.13271538971208657,0.08621887537368435,0.7246376811594203,0.1558,0.52734375,1.0,0.36342116277986836,0.2628747778189272,0.09685658939757849,0.06362789389941545
312,7,representative,W4A4_pooled_p995,4,4,False,99.5,24,0.5903676872301645,0.13426293755349253,0.08752248057226791,0.7068004459308808,0.2244,0.5559895833333333,1.0,0.3788739076216512,0.2628747778189272,0.10848606608602504,0.06527090239407105
312,7,representative,W8A4_channel_p995,8,4,True,99.5,24,0.5889599163101926,0.1329890165957959,0.08536761875846202,0.6789297658862876,0.1606,0.546875,1.0,0.3303887851325523,0.2628747778189272,0.09368854124540353,0.06305336784100218
312,7,representative,W8A4_channel_minmax,8,4,True,100.0,24,0.5988345199880815,0.13580712711062592,0.08731007817385805,0.693422519509476,0.1967,0.5264550264550264,0.984375,0.42805694868018784,0.2628747778189272,0.10617369153725348,0.07227904078290695
312,7,balanced,W8A8_pooled_p995,8,8,False,99.5,128,0.604180436674741,0.14340188503221793,0.08292383726035805,0.6722408026755853,0.0271,0.90625,1.0,0.05351793173346483,0.2628747778189272,0.07463405798406661,0.04391365920867878
312,7,balanced,W4A8_pooled_p995,4,8,False,99.5,128,0.5930505961074002,0.13845671489989508,0.08390303001026261,0.6477146042363434,0.1735,0.69140625,1.0,0.1636925227107252,0.2628747778189272,0.08356789642930726,0.04191729057333621
312,7,balanced,W8A4_pooled_p995,8,4,False,99.5,128,0.5928738746252322,0.1393710082554116,0.08480342980257628,0.5997770345596433,0.1569,0.5690104166666666,1.0,0.321023287958723,0.2628747778189272,0.0955579051775019,0.0536433413413865
312,7,balanced,W4A4_pooled_p995,4,4,False,99.5,128,0.5882357623780661,0.13793688959083333,0.08479960058779126,0.5942028985507246,0.2242,0.5372549019607843,0.99609375,0.32055260004932173,0.2628747778189272,0.08608653674764269,0.05083234831645647
312,7,balanced,W8A4_channel_p995,8,4,True,99.5,128,0.5951704578507019,0.13843368428927805,0.08510064800141585,0.68561872909699,0.1737,0.5364583333333333,1.0,0.36478709749407867,0.2628747778189272,0.09767979646173977,0.0644832804156
312,7,balanced,W8A4_channel_minmax,8,4,True,100.0,128,0.5676114591450673,0.10872393367374877,0.11007587185403027,0.6956521739130435,0.2851,0.4813333333333334,0.9765625,0.835314315312308,0.2628747778189272,0.1762327489916526,0.11446875577752177
312,7,majority_only,W8A8_pooled_p995,8,8,False,99.5,0,0.6048322731881425,0.14294042961090242,0.08284231590387049,0.6577480490523969,0.0344,0.8893229166666666,1.0,0.0643896305920486,0.2628747778189272,0.07555717112187955,0.04505162709914233
312,7,majority_only,W4A8_pooled_p995,4,8,False,99.5,0,0.5926885191413369,0.13688807425121471,0.08387862522611422,0.6510590858416946,0.1733,0.6940104166666666,1.0,0.16644003238978278,0.2628747778189272,0.07788450114138187,0.041588731584254815
312,7,majority_only,W8A4_pooled_p995,8,4,False,99.5,0,0.5833920261748642,0.1304085813762167,0.0859680876337501,0.6789297658862876,0.1473,0.5416666666666666,1.0,0.32357860182097486,0.2628747778189272,0.09454559239036976,0.06073802449228835
312,7,majority_only,W4A4_pooled_p995,4,4,False,99.5,0,0.5858492263260877,0.13200689373400548,0.08650290397310892,0.6711259754738016,0.2224,0.5333333333333333,0.99609375,0.34803870020358507,0.2628747778189272,0.09740835778355682,0.059372534256493706
312,7,majority_only,W8A4_channel_p995,8,4,True,99.5,0,0.5885336660546936,0.12773647211779615,0.0853916984367783,0.6811594202898551,0.169,0.5416666666666666,1.0,0.32659104977768383,0.2628747778189272,0.09488671678842753,0.06126660249156736
312,7,majority_only,W8A4_channel_minmax,8,4,True,100.0,0,0.5926402667061503,0.12323812415779259,0.09368577115573412,0.6889632107023411,0.2472,0.477124183006536,0.99609375,0.6469447305519831,0.2628747778189272,0.12834524596672164,0.1011078635239347
312,8,representative,W8A8_pooled_p995,8,8,False,99.5,24,0.605054369104921,0.14286819035782627,0.08289270834168311,0.6711259754738016,0.0304,0.90625,1.0,0.06180225347305691,0.2628747778189272,0.07638572740006903,0.04471318854891629
312,8,representative,W4A8_pooled_p995,4,8,False,99.5,24,0.5927853914160387,0.13735321221212762,0.08393140787339093,0.6521739130434783,0.1735,0.7005208333333334,1.0,0.16580480851472384,0.2628747778189272,0.08036736165355046,0.04196416472978134
312,8,representative,W8A4_pooled_p995,8,4,False,99.5,24,0.5903554404192034,0.13183361064522373,0.08554863930561656,0.6744704570791528,0.1424,0.5520833333333334,1.0,0.30740000145066854,0.2628747778189272,0.09769764938220844,0.057591857211428746
312,8,representative,W4A4_pooled_p995,4,4,False,99.5,24,0.5924076385319453,0.13445259289880826,0.08567657500643895,0.6599777034559643,0.2124,0.5247395833333333,1.0,0.3606515364094043,0.2628747778189272,0.0934579777058151,0.056146276963753655
312,8,representative,W8A4_channel_p995,8,4,True,99.5,24,0.5925313925567067,0.12941906621971058,0.08599472481938765,0.68561872909699,0.1667,0.5611979166666666,1.0,0.33458572982154156,0.2628747778189272,0.09712450098921456,0.059978112537210776
312,8,representative,W8A4_channel_minmax,8,4,True,100.0,24,0.5835240467970242,0.12394841264183351,0.09815283119062214,0.6833890746934225,0.2484,0.47035573122529645,0.98828125,0.7024113710823321,0.2628747778189272,0.15856298985569378,0.09903464728113395
312,8,balanced,W8A8_pooled_p995,8,8,False,99.5,128,0.6048978548608389,0.1427593495914158,0.08290132119413672,0.6700111482720178,0.0338,0.9114583333333334,1.0,0.06186977276271798,0.2628747778189272,0.07746215795801568,0.044914677978902195
312,8,balanced,W4A8_pooled_p995,4,8,False,99.5,128,0.5927202996157808,0.13722925775951503,0.08392857845950123,0.6521739130434783,0.1742,0.6953125,1.0,0.1658389196580993,0.2628747778189272,0.08072192788298885,0.04164404063958105
312,8,balanced,W8A4_pooled_p995,8,4,False,99.5,128,0.590878685417514,0.13265811942139072,0.08534814451930624,0.673355629877369,0.1413,0.5755208333333334,1.0,0.3110158491422815,0.2628747778189272,0.10225367234079565,0.05878987751450494
312,8,balanced,W4A4_pooled_p995,4,4,False,99.5,128,0.5895041033552465,0.13572701513334345,0.08532500239744455,0.6387959866220736,0.2136,0.5234375,1.0,0.3590718594325495,0.2628747778189272,0.09791408096766052,0.0568776210273277
312,8,balanced,W8A4_channel_p995,8,4,True,99.5,128,0.5962333585740107,0.13998559761803658,0.08512641610147953,0.6889632107023411,0.1601,0.5546875,1.0,0.3400832866605414,0.2628747778189272,0.0888726916159567,0.05932010874884294
312,8,balanced,W8A4_channel_minmax,8,4,True,100.0,128,0.5837117291750021,0.12281148943465736,0.10003314470177875,0.6889632107023411,0.2592,0.47320261437908495,0.99609375,0.7363990887414318,0.2628747778189272,0.15876777119583727,0.11464355685328084
312,8,majority_only,W8A8_pooled_p995,8,8,False,99.5,0,0.6041187127474974,0.1426580720342619,0.08290947000121286,0.6644370122630993,0.0314,0.8958333333333333,1.0,0.06291527473815028,0.2628747778189272,0.07622641220073442,0.045065538250499124
312,8,majority_only,W4A8_pooled_p995,4,8,False,99.5,0,0.5925213501717187,0.13753119697450267,0.08392992269895934,0.6555183946488294,0.1739,0.6901041666666666,1.0,0.16595753565785043,0.2628747778189272,0.08006186879920778,0.04199703133386133
312,8,majority_only,W8A4_pooled_p995,8,4,False,99.5,0,0.596253075939658,0.13656511826683282,0.08484779840386736,0.6755852842809364,0.1437,0.5716145833333333,1.0,0.3038692653822944,0.2628747778189272,0.09541146791180882,0.057979867812563146
312,8,majority_only,W4A4_pooled_p995,4,4,False,99.5,0,0.5904439848624518,0.13463464320723534,0.08564724618980893,0.6622073578595318,0.2119,0.5390625,1.0,0.3471802132225995,0.2628747778189272,0.09814126087653534,0.06269468817665079
312,8,majority_only,W8A4_channel_p995,8,4,True,99.5,0,0.5959704807767319,0.13783892610846216,0.08567990566608312,0.6945373467112598,0.1792,0.5807291666666666,1.0,0.3629498734981095,0.2628747778189272,0.1013658934407373,0.06530697789354563
312,8,majority_only,W8A4_channel_minmax,8,4,True,100.0,0,0.6008254228119633,0.13429779428303426,0.08740450765507218,0.6767001114827201,0.1887,0.5398692810457516,0.99609375,0.4127778114711594,0.2628747778189272,0.10634273635519405,0.06293871737135331
312,9,representative,W8A8_pooled_p995,8,8,False,99.5,28,0.6045908885441004,0.14294699210438702,0.08289444474095618,0.6722408026755853,0.0313,0.8984375,1.0,0.06239687117654549,0.2628747778189272,0.07556732608175579,0.0448292312394972
312,9,representative,W4A8_pooled_p995,4,8,False,99.5,28,0.5923848594635579,0.1372064163021709,0.08391895827136533,0.653288740245262,0.1752,0.6979166666666667,1.0,0.16604930417862623,0.2628747778189272,0.08121632200284372,0.04193296925017086
312,9,representative,W8A4_pooled_p995,8,4,False,99.5,28,0.5907547476905882,0.13395665223159228,0.08533792244563584,0.673355629877369,0.1394,0.5846354166666666,1.0,0.3099836797830635,0.2628747778189272,0.09587423830515601,0.05895172812617387
312,9,representative,W4A4_pooled_p995,4,4,False,99.5,28,0.58905978905358,0.13476679125540725,0.08538662117724227,0.6432552954292085,0.2104,0.5494791666666666,1.0,0.34419659535705494,0.2628747778189272,0.0898007139678791,0.05664431975587271
312,9,representative,W8A4_channel_p995,8,4,True,99.5,28,0.5881383389968711,0.13408632082507294,0.08655734128721325,0.6833890746934225,0.1762,0.5533854166666666,1.0,0.37507447834221963,0.2628747778189272,0.10530175865905292,0.06603626381484562
312,9,representative,W8A4_channel_minmax,8,4,True,100.0,28,0.5881080281397424,0.1248983602119009,0.08957987231159947,0.6811594202898551,0.2004,0.5091863517060367,0.9921875,0.5057427271957442,0.2628747778189272,0.1122095348582964,0.07153781375552704
312,9,balanced,W8A8_pooled_p995,8,8,False,99.5,128,0.6057697665672104,0.14298006965981885,0.08278783241478714,0.6544035674470458,0.0383,0.89453125,1.0,0.06801766410514695,0.2628747778189272,0.0736880696278396,0.04493299463674526
312,9,balanced,W4A8_pooled_p995,4,8,False,99.5,128,0.5926049958905826,0.13672989045242184,0.0837715630710082,0.6421404682274248,0.1771,0.68359375,1.0,0.16733412708000212,0.2628747778189272,0.07719180581109221,0.041467261908938235
312,9,balanced,W8A4_pooled_p995,8,4,False,99.5,128,0.5900582103171789,0.13016936003082946,0.0863712454228914,0.7246376811594203,0.1562,0.5455729166666666,1.0,0.3619367495539391,0.2628747778189272,0.10007284838756825,0.06298971655803391
312,9,balanced,W4A4_pooled_p995,4,4,False,99.5,128,0.5897642256200591,0.13392143305764384,0.08733714508292807,0.7134894091415831,0.2252,0.5260416666666666,1.0,0.3983618527329953,0.2628747778189272,0.10698934363437604,0.06353588152524739
312,9,balanced,W8A4_channel_p995,8,4,True,99.5,128,0.5997789328153422,0.13802861978982514,0.08538783387964746,0.7101449275362319,0.1676,0.5481770833333333,1.0,0.3388680033927952,0.2628747778189272,0.0964248356194869,0.057378683259327413
312,9,balanced,W8A4_channel_minmax,8,4,True,100.0,128,0.5739918027195513,0.11802605161706689,0.10226886390677332,0.6633221850613155,0.2638,0.4769433465085638,0.98828125,0.7709093734451469,0.2628747778189272,0.17063715482489009,0.10245837402825461
312,9,majority_only,W8A8_pooled_p995,8,8,False,99.5,0,0.6052130877749762,0.142794756802163,0.08280232574011769,0.6566332218506131,0.0405,0.8789062499999999,1.0,0.06905884109653637,0.2628747778189272,0.07329979585576962,0.045221256324330744
312,9,majority_only,W4A8_pooled_p995,4,8,False,99.5,0,0.5916245774390962,0.13633665794809408,0.08382873505179055,0.6399108138238573,0.1791,0.6927083333333333,1.0,0.1673398559353022,0.2628747778189272,0.07957982623792102,0.04176324619407067
312,9,majority_only,W8A4_pooled_p995,8,4,False,99.5,0,0.5967732592352283,0.13413115634227427,0.0857218394005818,0.7324414715719063,0.1538,0.5442708333333333,1.0,0.34998612026560105,0.2628747778189272,0.09489616805489443,0.0665643388446113
312,9,majority_only,W4A4_pooled_p995,4,4,False,99.5,0,0.5870630689944915,0.13367716952842204,0.08736087246123123,0.7201783723522854,0.2317,0.52734375,1.0,0.36893463982033226,0.2628747778189272,0.10285764477408102,0.061247038283539286
312,9,majority_only,W8A4_channel_p995,8,4,True,99.5,0,0.5958626476062201,0.13558313272090533,0.08502048037193122,0.6978818283166109,0.162,0.5568627450980392,0.99609375,0.3319863890357197,0.2628747778189272,0.09378453522789729,0.058679486190897946
312,9,majority_only,W8A4_channel_minmax,8,4,True,100.0,0,0.5996042320569829,0.13146365239496852,0.08716329280376034,0.6889632107023411,0.1949,0.5143229166666666,1.0,0.44137836717367446,0.2628747778189272,0.1050886283901048,0.06612154190708097
312,10,representative,W8A8_pooled_p995,8,8,False,99.5,21,0.6036520480158268,0.1426594819617348,0.0829380913924877,0.6677814938684504,0.029,0.9166666666666666,1.0,0.052694554045434855,0.2628747778189272,0.08045701480299618,0.043955812574763165
312,10,representative,W4A8_pooled_p995,4,8,False,99.5,21,0.5920881804680266,0.1379542390656534,0.08391516131867245,0.6499442586399108,0.1759,0.6888020833333333,1.0,0.16490804603173048,0.2628747778189272,0.0799115899989022,0.04185023438510681
312,10,representative,W8A4_pooled_p995,8,4,False,99.5,21,0.5915227452059553,0.1369607608489668,0.08466999306440973,0.600891861761427,0.1529,0.5546875,1.0,0.32476444508950175,0.2628747778189272,0.08989481525413516,0.057726314699470205
312,10,representative,W4A4_pooled_p995,4,4,False,99.5,21,0.5857933808681054,0.13830522312418855,0.0852667794871612,0.5975473801560758,0.2245,0.5364583333333334,1.0,0.31850114790761985,0.2628747778189272,0.10294288754905509,0.049448127057704606
312,10,representative,W8A4_channel_p995,8,4,True,99.5,21,0.6001762193629184,0.133448676180507,0.08481379195365257,0.6555183946488294,0.1624,0.5299479166666666,1.0,0.3126527471441533,0.2628747778189272,0.09071012282540979,0.059011048938485085
312,10,representative,W8A4_channel_minmax,8,4,True,100.0,21,0.5899467031033787,0.12582887104734666,0.09171567843553378,0.6867335562987736,0.2239,0.5393700787401575,0.9921875,0.5763031159863862,0.2628747778189272,0.12933022705971686,0.08077302642510745
312,10,balanced,W8A8_pooled_p995,8,8,False,99.5,128,0.6064197048249128,0.1435392813930467,0.08284317271605872,0.6655518394648829,0.0286,0.90234375,1.0,0.05711330720970848,0.2628747778189272,0.07817636242178325,0.043913521651629345
312,10,balanced,W4A8_pooled_p995,4,8,False,99.5,128,0.5942528655394457,0.13795053531479132,0.08386835936224146,0.6465997770345596,0.1723,0.6992187499999999,1.0,0.16342555984716362,0.2628747778189272,0.07846771193474089,0.04176543984164792
312,10,balanced,W8A4_pooled_p995,8,4,False,99.5,128,0.5970605081863195,0.13617462652147244,0.08493006969975456,0.653288740245262,0.1438,0.5442708333333333,1.0,0.35526962627604475,0.2628747778189272,0.10008064073725784,0.060421018470871925
312,10,balanced,W4A4_pooled_p995,4,4,False,99.5,128,0.5823732752050699,0.13169222131962338,0.08555656108910475,0.6020066889632107,0.2217,0.526797385620915,0.99609375,0.3416088533456942,0.2628747778189272,0.09363687429321403,0.05453703213009314
312,10,balanced,W8A4_channel_p995,8,4,True,99.5,128,0.5869972423855759,0.13199031310582016,0.08677940371862748,0.6767001114827201,0.1746,0.5651041666666666,1.0,0.37599814132202763,0.2628747778189272,0.1136632782580769,0.06428981797170943
312,10,balanced,W8A4_channel_minmax,8,4,True,100.0,128,0.571165422451907,0.12109554524900733,0.10333582580546358,0.6722408026755853,0.2643,0.5071895424836601,0.99609375,0.852941552021306,0.2628747778189272,0.18853123673680364,0.13125789856384706
312,10,majority_only,W8A8_pooled_p995,8,8,False,99.5,0,0.6051143784786301,0.14270779585755716,0.08282913830197053,0.6610925306577481,0.0321,0.9062499999999999,1.0,0.06303619665247052,0.2628747778189272,0.07424839592745161,0.04456696638676428
312,10,majority_only,W4A8_pooled_p995,4,8,False,99.5,0,0.5927845953733263,0.13709413372019819,0.08383682012263576,0.6465997770345596,0.1738,0.69921875,1.0,0.16581531858957826,0.2628747778189272,0.08164667963030806,0.04097534907716832
312,10,majority_only,W8A4_pooled_p995,8,4,False,99.5,0,0.5898843668355869,0.13331052532447407,0.08548737993485918,0.6700111482720178,0.1388,0.5651041666666667,1.0,0.322749876309695,0.2628747778189272,0.09969197580171818,0.060119655421417575
312,10,majority_only,W4A4_pooled_p995,4,4,False,99.5,0,0.590990621269698,0.1344584771661223,0.08536874984005408,0.653288740245262,0.2127,0.5437908496732025,0.99609375,0.34271552773509606,0.2628747778189272,0.09195784260186182,0.054105653116041666
312,10,majority_only,W8A4_channel_p995,8,4,True,99.5,0,0.5999091776499129,0.1441995447533938,0.08479887961326836,0.6956521739130435,0.1736,0.5611979166666666,1.0,0.3696356786227427,0.2628747778189272,0.09864694243616759,0.06325295923493984
312,10,majority_only,W8A4_channel_minmax,8,4,True,100.0,0,0.6013154789525694,0.13548469463330562,0.08822658744381924,0.6923076923076923,0.2073,0.5026041666666667,1.0,0.48551148381156295,0.2628747778189272,0.11513879226062204,0.07375120217669905
312,11,representative,W8A8_pooled_p995,8,8,False,99.5,26,0.6049186132054178,0.1428466623952424,0.08278982474396172,0.6610925306577481,0.0383,0.875,1.0,0.06932672807864076,0.2628747778189272,0.07170001581342349,0.045032151283258666
312,11,representative,W4A8_pooled_p995,4,8,False,99.5,26,0.5919521796323042,0.1367087093368347,0.0837795569446817,0.6399108138238573,0.176,0.7057291666666666,1.0,0.16706460481544202,0.2628747778189272,0.07846537791123835,0.0413379012190367
312,11,representative,W8A4_pooled_p995,8,4,False,99.5,26,0.5948124223322557,0.13240778100489614,0.08604505952934495,0.7324414715719063,0.1582,0.54296875,1.0,0.3606725964432014,0.2628747778189272,0.0981075718484647,0.06410079767061361
312,11,representative,W4A4_pooled_p995,4,4,False,99.5,26,0.5906172772375506,0.1352986857636589,0.08665387448804969,0.7101449275362319,0.2233,0.5169270833333333,1.0,0.3751829837551552,0.2628747778189272,0.10382528819706369,0.06374199466549248
312,11,representative,W8A4_channel_p995,8,4,True,99.5,26,0.5919531593771811,0.13356737119033799,0.085169487563755,0.673355629877369,0.1545,0.5442708333333333,1.0,0.3244493614418966,0.2628747778189272,0.09063758025795249,0.05921564735329945
312,11,representative,W8A4_channel_minmax,8,4,True,100.0,26,0.5826209057227021,0.12343644354071007,0.0968573912272713,0.6644370122630993,0.2521,0.4862745098039215,0.99609375,0.6876086110387085,0.2628747778189272,0.15668136235740437,0.10032665675547517
312,11,balanced,W8A8_pooled_p995,8,8,False,99.5,128,0.6051680195106395,0.14279749076151785,0.0828386866884959,0.6644370122630993,0.0389,0.8932291666666666,1.0,0.06979454853808029,0.2628747778189272,0.0758334735499097,0.04551973409332498
312,11,balanced,W4A8_pooled_p995,4,8,False,99.5,128,0.5920075964519029,0.13624708331870272,0.08389564224390765,0.6465997770345596,0.1755,0.69140625,1.0,0.1678719254832865,0.2628747778189272,0.07969487884020898,0.04181159576765866
312,11,balanced,W8A4_pooled_p995,8,4,False,99.5,128,0.5979501777685845,0.13607829998133036,0.08575792456361339,0.745819397993311,0.1576,0.5494791666666666,1.0,0.3451960364622403,0.2628747778189272,0.09907481021626527,0.06677744689580123
312,11,balanced,W4A4_pooled_p995,4,4,False,99.5,128,0.5909257131716044,0.1350255608519807,0.08775412173701787,0.7558528428093646,0.2376,0.5377604166666666,1.0,0.36323787394858303,0.2628747778189272,0.0969999149875185,0.061439517945577
312,11,balanced,W8A4_channel_p995,8,4,True,99.5,128,0.5951475563142047,0.13280047958687627,0.0850286932290671,0.6477146042363434,0.1502,0.5611979166666666,1.0,0.2935987303886168,0.2628747778189272,0.09115466173176143,0.051547504169887876
312,11,balanced,W8A4_channel_minmax,8,4,True,100.0,128,0.5500203848168447,0.10837157117819624,0.1472513579207843,0.7335562987736901,0.3489,0.4761904761904762,0.9296875,1.14935364092356,0.2628747778189272,0.2798239017079602,0.1617533929866728
312,11,majority_only,W8A8_pooled_p995,8,8,False,99.5,0,0.6057861160598432,0.1430680419878816,0.08281423787140704,0.6644370122630993,0.0328,0.8984375,1.0,0.06524541268886962,0.2628747778189272,0.0758790173211348,0.04481129476599773
312,11,majority_only,W4A8_pooled_p995,4,8,False,99.5,0,0.5931071151399854,0.13675064231943512,0.08386730933619672,0.6465997770345596,0.1749,0.7018229166666666,1.0,0.1666570123718757,0.2628747778189272,0.08007519010389971,0.04124629118115884
312,11,majority_only,W8A4_pooled_p995,8,4,False,99.5,0,0.5930208975908196,0.1338117187485331,0.08585007770748379,0.7034559643255296,0.1535,0.5546875,1.0,0.3732388294793119,0.2628747778189272,0.09908557361566409,0.06372351838391294
312,11,majority_only,W4A4_pooled_p995,4,4,False,99.5,0,0.5833419979520882,0.13148661016719093,0.08755526263196675,0.6889632107023411,0.2268,0.5143229166666667,1.0,0.3850751790980735,0.2628747778189272,0.1005884164996024,0.0635279268387212
312,11,majority_only,W8A4_channel_p995,8,4,True,99.5,0,0.5954791387209749,0.13042573936534796,0.08496162689604507,0.6399108138238573,0.1551,0.5882352941176471,0.99609375,0.2835440004816703,0.2628747778189272,0.08489783262624609,0.054243317898629614
312,11,majority_only,W8A4_channel_minmax,8,4,True,100.0,0,0.5917713554684644,0.133722238559207,0.088899277270105,0.6789297658862876,0.214,0.526797385620915,0.99609375,0.4928404236199817,0.2628747778189272,0.10292056487854359,0.07735265017431978
312,12,representative,W8A8_pooled_p995,8,8,False,99.5,31,0.6037440215661443,0.14273312470470917,0.08294262099511429,0.6711259754738016,0.0271,0.9140625,1.0,0.0529158466006337,0.2628747778189272,0.07821732039627174,0.04399382102939626
312,12,representative,W4A8_pooled_p995,4,8,False,99.5,31,0.591913234773448,0.13770152094940702,0.0839439371797423,0.6499442586399108,0.1751,0.6875,1.0,0.1644279943171001,0.2628747778189272,0.08074214244195188,0.04171558149034291
312,12,representative,W8A4_pooled_p995,8,4,False,99.5,31,0.5922200173880222,0.13768414728505368,0.0846431024846727,0.5975473801560758,0.1574,0.5611979166666666,1.0,0.3235640884311388,0.2628747778189272,0.0854337830678393,0.05615899308532662
312,12,representative,W4A4_pooled_p995,4,4,False,99.5,31,0.5864555047027142,0.1389178613346067,0.08522970283833155,0.5819397993311036,0.2267,0.546875,1.0,0.3179736672186487,0.2628747778189272,0.10079250392160026,0.05030484297535456
312,12,representative,W8A4_channel_p995,8,4,True,99.5,31,0.5961257091056631,0.13547957893416296,0.0850771839691306,0.7023411371237458,0.1622,0.5794270833333333,1.0,0.33551181359240445,0.2628747778189272,0.09532763052060512,0.057453675275917784
312,12,representative,W8A4_channel_minmax,8,4,True,100.0,31,0.6001843634922076,0.13353107702362443,0.08883981270166448,0.7034559643255296,0.2022,0.51953125,1.0,0.4970891602815003,0.2628747778189272,0.11493369651137833,0.07656318617391111
312,12,balanced,W8A8_pooled_p995,8,8,False,99.5,128,0.6053076943896502,0.14308421019234474,0.08285378773906511,0.6688963210702341,0.0316,0.9010416666666666,1.0,0.06467423968931163,0.2628747778189272,0.07563576618289988,0.045384352254562194
312,12,balanced,W4A8_pooled_p995,4,8,False,99.5,128,0.5921947277233875,0.13674043671036,0.08389054186968314,0.6499442586399108,0.1745,0.7018229166666666,1.0,0.1655073515637424,0.2628747778189272,0.08125396391218409,0.041743048783044294
312,12,balanced,W8A4_pooled_p995,8,4,False,99.5,128,0.5849490857204511,0.13075324615962114,0.08586874740150649,0.6811594202898551,0.1487,0.55859375,1.0,0.3233178375239336,0.2628747778189272,0.09611804021453207,0.06387081460470924
312,12,balanced,W4A4_pooled_p995,4,4,False,99.5,128,0.5876750421382148,0.1323834526942597,0.08642702266464146,0.6744704570791528,0.2155,0.5338541666666667,1.0,0.3549588259659582,0.2628747778189272,0.09713671681253801,0.06276519764263389
312,12,balanced,W8A4_channel_p995,8,4,True,99.5,128,0.6021717147409108,0.13827814671660493,0.08518639327994167,0.7068004459308808,0.163,0.5455729166666667,1.0,0.31664552464906887,0.2628747778189272,0.09352316978908105,0.06037119242075581
312,12,balanced,W8A4_channel_minmax,8,4,True,100.0,128,0.5929867902222932,0.12655309907873422,0.08909785519671591,0.6800445930880713,0.197,0.5202614379084967,0.99609375,0.4755767701110218,0.2628747778189272,0.11096284419059227,0.07562618699874141
312,12,majority_only,W8A8_pooled_p995,8,8,False,99.5,0,0.6063363040422681,0.14303972345168017,0.08283756429285238,0.6677814938684504,0.0322,0.9010416666666666,1.0,0.06794075624869833,0.2628747778189272,0.07447286380103668,0.045003857340443
312,12,majority_only,W4A8_pooled_p995,4,8,False,99.5,0,0.5929681138355775,0.13665886699609733,0.08388799596330618,0.6454849498327759,0.1765,0.6979166666666666,1.0,0.1679751221232063,0.2628747778189272,0.07909361904405354,0.042095286928404106
312,12,majority_only,W8A4_pooled_p995,8,4,False,99.5,0,0.5895140845061798,0.13121773995685185,0.08655627332127555,0.7190635451505016,0.1586,0.515625,1.0,0.37869384407090767,0.2628747778189272,0.09845778535876024,0.06142164444163771
312,12,majority_only,W4A4_pooled_p995,4,4,False,99.5,0,0.5864419719766022,0.13174332362041033,0.08789837631881588,0.7123745819397993,0.2293,0.5325520833333333,1.0,0.3899603986786959,0.2628747778189272,0.10324640195755354,0.06595861848562931
312,12,majority_only,W8A4_channel_p995,8,4,True,99.5,0,0.5913515347887198,0.13259577509778314,0.08507683719177858,0.6722408026755853,0.1644,0.5677083333333333,1.0,0.33572263287240767,0.2628747778189272,0.08996548646959512,0.06041921918394366
312,12,majority_only,W8A4_channel_minmax,8,4,True,100.0,0,0.5779083940989477,0.12370178648784289,0.09404044659740653,0.6755852842809364,0.2334,0.48235294117647054,0.99609375,0.6633320789609385,0.2628747778189272,0.15123828700680747,0.10046135171147248
312,13,representative,W8A8_pooled_p995,8,8,False,99.5,31,0.6044201679993034,0.14260890506788687,0.0828158862174664,0.6544035674470458,0.0395,0.89453125,1.0,0.0699127690757681,0.2628747778189272,0.07358694409497636,0.04557435245709961
312,13,representative,W4A8_pooled_p995,4,8,False,99.5,31,0.5915836730904864,0.13641769261000064,0.0838244678756328,0.6432552954292085,0.1788,0.6901041666666667,1.0,0.16682440149930206,0.2628747778189272,0.07831282671874835,0.041752483558258335
312,13,representative,W8A4_pooled_p995,8,4,False,99.5,31,0.5912520906837162,0.1331080186195389,0.08592319070117088,0.7224080267558528,0.1544,0.5546875,1.0,0.33721495844626215,0.2628747778189272,0.09569766712069686,0.0664433447332281
312,13,representative,W4A4_pooled_p995,4,4,False,99.5,31,0.5900623742329058,0.1348601223367225,0.08714645624059565,0.7302118171683389,0.2268,0.5403645833333333,1.0,0.37450831524174205,0.2628747778189272,0.10522614173585623,0.0628991115558713
312,13,representative,W8A4_channel_p995,8,4,True,99.5,31,0.5960514321971844,0.1349238116082888,0.08618722091529818,0.7090301003344481,0.1695,0.5729166666666666,1.0,0.3318716421420441,0.2628747778189272,0.10111014286052081,0.06236139889212071
312,13,representative,W8A4_channel_minmax,8,4,True,100.0,31,0.591229495317493,0.13300223738097638,0.09166347127370535,0.6889632107023411,0.2314,0.4967061923583662,0.98828125,0.6644817030672803,0.2628747778189272,0.14531850240230682,0.09269622344016629
312,13,balanced,W8A8_pooled_p995,8,8,False,99.5,128,0.6056867331888944,0.14294494037362648,0.08284599233631999,0.6700111482720178,0.0331,0.8919270833333333,1.0,0.0670916275066541,0.2628747778189272,0.07353653392821141,0.045245437985627635
312,13,balanced,W4A8_pooled_p995,4,8,False,99.5,128,0.5926212841491608,0.1365863193372467,0.08389197112905301,0.6488294314381271,0.1768,0.6822916666666667,1.0,0.16799458442187717,0.2628747778189272,0.0809624959424681,0.04172234730041845
312,13,balanced,W8A4_pooled_p995,8,4,False,99.5,128,0.5947413295946269,0.13431296654987593,0.08599829122167535,0.7246376811594203,0.1577,0.5403645833333333,1.0,0.3567870312674287,0.2628747778189272,0.09604446490175489,0.06253641494314985
312,13,balanced,W4A4_pooled_p995,4,4,False,99.5,128,0.5903357230535561,0.13471746705422177,0.0873721509441405,0.7045707915273133,0.2252,0.5403645833333334,1.0,0.3789340398752318,0.2628747778189272,0.10896928281843044,0.06306737574180182
312,13,balanced,W8A4_channel_p995,8,4,True,99.5,128,0.5949846737284228,0.13583464573290205,0.08526895876074793,0.6811594202898551,0.1591,0.5325520833333333,1.0,0.34304345166924366,0.2628747778189272,0.09514817967177755,0.055644550497273904
312,13,balanced,W8A4_channel_minmax,8,4,True,100.0,128,0.589274169479453,0.13128243304748002,0.09269391171631691,0.68561872909699,0.2246,0.5283267457180499,0.98828125,0.6053844853063062,0.2628747778189272,0.13506742890244525,0.08167017285311888
312,13,majority_only,W8A8_pooled_p995,8,8,False,99.5,0,0.6057845239744184,0.14329766420606904,0.08284027352092688,0.6644370122630993,0.0321,0.890625,1.0,0.06732525777889656,0.2628747778189272,0.07409921593469188,0.045522383894693624
312,13,majority_only,W4A8_pooled_p995,4,8,False,99.5,0,0.593012937163695,0.13659708974837578,0.08390852340347406,0.6521739130434783,0.1737,0.69921875,1.0,0.16850724971519954,0.2628747778189272,0.08092419789500116,0.04218625930414505
312,13,majority_only,W8A4_pooled_p995,8,4,False,99.5,0,0.5896503302781214,0.1321744098339158,0.08639947438292611,0.7168338907469343,0.1567,0.5247395833333334,1.0,0.38501030511942036,0.2628747778189272,0.09800027298956522,0.06169298870611324
312,13,majority_only,W4A4_pooled_p995,4,4,False,99.5,0,0.5887996667887674,0.13240445123780759,0.08758130070996567,0.7112597547380156,0.227,0.5442708333333333,1.0,0.385213668332225,0.2628747778189272,0.10993498142870767,0.06719592884105449
312,13,majority_only,W8A4_channel_p995,8,4,True,99.5,0,0.5861498855351813,0.12695982395869115,0.08563222495771408,0.6722408026755853,0.1638,0.5058823529411764,0.99609375,0.35148813713797694,0.2628747778189272,0.08004281351075765,0.05718716454032767
312,13,majority_only,W8A4_channel_minmax,8,4,True,100.0,0,0.5838072543004983,0.12387569917425388,0.09292523904979276,0.6755852842809364,0.2322,0.5105820105820106,0.984375,0.612070839684141,0.2628747778189272,0.1317891261018912,0.08016912371220283
312,14,representative,W8A8_pooled_p995,8,8,False,99.5,24,0.6033855574093145,0.14262492504793278,0.08294351261539915,0.6599777034559643,0.0293,0.91015625,1.0,0.05152899470167451,0.2628747778189272,0.07521442126527586,0.04447311102445389
312,14,representative,W4A8_pooled_p995,4,8,False,99.5,24,0.5921191036657032,0.13753530303098468,0.08391725832461772,0.6499442586399108,0.176,0.6927083333333334,1.0,0.16425395128593878,0.2628747778189272,0.08087441938058693,0.041816049892132806
312,14,representative,W8A4_pooled_p995,8,4,False,99.5,24,0.5982843320056566,0.13815096065953797,0.0844261835051665,0.5875139353400223,0.1672,0.5703125,1.0,0.305258324251346,0.2628747778189272,0.09237991386646874,0.0545725419956065
312,14,representative,W4A4_pooled_p995,4,4,False,99.5,24,0.5854166077288889,0.13925203529304786,0.08491963374720615,0.5652173913043478,0.2277,0.5520833333333334,1.0,0.30048889899084685,0.2628747778189272,0.09063317614120708,0.04920779171590929
312,14,representative,W8A4_channel_p995,8,4,True,99.5,24,0.593574698382478,0.13166946806435623,0.085602251554381,0.6822742474916388,0.1603,0.5455729166666667,1.0,0.31460701939556424,0.2628747778189272,0.09475822545867181,0.05796696469017863
312,14,representative,W8A4_channel_minmax,8,4,True,100.0,24,0.5858143841489036,0.12510224092054,0.09660011602384207,0.6800445930880713,0.2498,0.49866666666666665,0.9765625,0.6977103357337339,0.2628747778189272,0.1553173213058243,0.09796010909908061
312,14,balanced,W8A8_pooled_p995,8,8,False,99.5,128,0.604573436838481,0.14362013755737296,0.08291871978356469,0.6633221850613155,0.0272,0.9114583333333333,1.0,0.05204881485515858,0.2628747778189272,0.07620526582214947,0.044203790779908686
312,14,balanced,W4A8_pooled_p995,4,8,False,99.5,128,0.593043064318659,0.13881328908561552,0.08389686148766332,0.6477146042363434,0.1751,0.7096354166666665,1.0,0.16322289632236564,0.2628747778189272,0.08005624016839837,0.04178248958083025
312,14,balanced,W8A4_pooled_p995,8,4,False,99.5,128,0.5956580646291159,0.1361723703519084,0.08498401498412032,0.600891861761427,0.1597,0.5620915032679737,0.99609375,0.32288040609114727,0.2628747778189272,0.0886794747371934,0.05765813770998699
312,14,balanced,W4A4_pooled_p995,4,4,False,99.5,128,0.5872334833690144,0.1376212284373768,0.08504148954165464,0.5808249721293199,0.2261,0.5299479166666666,1.0,0.3381063977860556,0.2628747778189272,0.08801567651914925,0.05438743898005657
312,14,balanced,W8A4_channel_p995,8,4,True,99.5,128,0.5846788598365957,0.1293833351730588,0.0876693398886397,0.693422519509476,0.1773,0.5660130718954248,0.99609375,0.366783710200159,0.2628747778189272,0.11376726521746636,0.06593694069896064
312,14,balanced,W8A4_channel_minmax,8,4,True,100.0,128,0.5839879559962285,0.12148750079255446,0.1048579309152632,0.7123745819397993,0.2699,0.47619047619047616,0.984375,0.797364693579569,0.2628747778189272,0.17345466397684312,0.11545254502923731
312,14,majority_only,W8A8_pooled_p995,8,8,False,99.5,0,0.605153996912089,0.14325029945474735,0.08277463536342217,0.6588628762541806,0.0386,0.87890625,1.0,0.06990239637947565,0.2628747778189272,0.07508463040820584,0.045114812777431
312,14,majority_only,W4A8_pooled_p995,4,8,False,99.5,0,0.5922239363675297,0.13624721867497852,0.08382710567212956,0.6432552954292085,0.1768,0.6861979166666666,1.0,0.16748464729062068,0.2628747778189272,0.07673235673139284,0.04139716208585243
312,14,majority_only,W8A4_pooled_p995,8,4,False,99.5,0,0.5928927347141123,0.13403681243074217,0.08585121990309669,0.7224080267558528,0.1566,0.5481770833333333,1.0,0.35615468420988583,0.2628747778189272,0.0957819155516322,0.065420590724622
312,14,majority_only,W4A4_pooled_p995,4,4,False,99.5,0,0.5914661037052604,0.13742364784509734,0.08656503426103679,0.7146042363433668,0.227,0.5481770833333334,1.0,0.3666045864896025,0.2628747778189272,0.10505171594420443,0.06498826828798751
312,14,majority_only,W8A4_channel_p995,8,4,True,99.5,0,0.5909908662059171,0.1362826130559633,0.08523238223786304,0.6644370122630993,0.1587,0.55078125,1.0,0.3291215354908237,0.2628747778189272,0.10164925216838544,0.060069947335703956
312,14,majority_only,W8A4_channel_minmax,8,4,True,100.0,0,0.5865930363898066,0.13057579307019895,0.08946478305318434,0.6655518394648829,0.2041,0.515625,1.0,0.49874161187800425,0.2628747778189272,0.11159432768444011,0.07643807376238547
312,15,representative,W8A8_pooled_p995,8,8,False,99.5,30,0.604117549300456,0.1430566287115865,0.08292121660652017,0.6700111482720178,0.0273,0.9075520833333333,1.0,0.05370167849976607,0.2628747778189272,0.0779585758334065,0.04386992405733682
312,15,representative,W4A8_pooled_p995,4,8,False,99.5,30,0.5926785379904036,0.1379418855985629,0.08393059216118863,0.6465997770345596,0.1759,0.6940104166666666,1.0,0.16363886653116344,0.2628747778189272,0.08142706281812556,0.04200363024668764
312,15,representative,W8A4_pooled_p995,8,4,False,99.5,30,0.5929365782973528,0.13838376660383883,0.08487288201320284,0.6042363433667781,0.1538,0.5651041666666666,1.0,0.32427439140796077,0.2628747778189272,0.09205730218565479,0.05462904688522529
312,15,representative,W4A4_pooled_p995,4,4,False,99.5,30,0.5872609162255672,0.1384725665466697,0.08486000269814956,0.5785953177257525,0.2249,0.5625,1.0,0.31692014031357196,0.2628747778189272,0.08539997556517517,0.05073345189994026
312,15,representative,W8A4_channel_p995,8,4,True,99.5,30,0.5952930484284219,0.1350360278151083,0.08566060235185591,0.6889632107023411,0.1639,0.53515625,1.0,0.35066527498284544,0.2628747778189272,0.10226663204633456,0.06091360558765236
312,15,representative,W8A4_channel_minmax,8,4,True,100.0,30,0.5757195828099353,0.11457338641079763,0.11216023588979712,0.6989966555183946,0.302,0.4629629629629629,0.984375,0.9342984346580473,0.2628747778189272,0.2179881693550414,0.12982875667228289
312,15,balanced,W8A8_pooled_p995,8,8,False,99.5,128,0.6051855324503137,0.14269228256140304,0.08282339245571857,0.6633221850613155,0.037,0.8919270833333333,1.0,0.06685791107675948,0.2628747778189272,0.07726236834606878,0.044812315230488994
312,15,balanced,W4A8_pooled_p995,4,8,False,99.5,128,0.5918625942101242,0.13638599515610272,0.0838809573214855,0.6477146042363434,0.176,0.6914062499999999,1.0,0.16686402803246603,0.2628747778189272,0.08011661486328821,0.04177766276636888
312,15,balanced,W8A4_pooled_p995,8,4,False,99.5,128,0.5882151265015968,0.13204871645080463,0.08578276883850187,0.7023411371237458,0.1485,0.55859375,1.0,0.3256642798444668,0.2628747778189272,0.09430384632363314,0.06334117528935775
312,15,balanced,W4A4_pooled_p995,4,4,False,99.5,128,0.5920018404507512,0.1336149976855028,0.086545349877298,0.6967670011148273,0.2254,0.53515625,1.0,0.3710331013763331,0.2628747778189272,0.10858115234630183,0.06452515087649255
312,15,balanced,W8A4_channel_p995,8,4,True,99.5,128,0.5935357535236218,0.13437017574666243,0.08594466043859973,0.7112597547380156,0.166,0.5690104166666667,1.0,0.3270432478068698,0.2628747778189272,0.1107510374860863,0.06418837568548386
312,15,balanced,W8A4_channel_minmax,8,4,True,100.0,128,0.5826104346993304,0.1237023156069638,0.09524722752050108,0.6811594202898551,0.2435,0.4967061923583662,0.98828125,0.6766276664310789,0.2628747778189272,0.1653842463454666,0.09152806753980314
312,15,majority_only,W8A8_pooled_p995,8,8,False,99.5,0,0.6048567055760098,0.1428032398060363,0.08280119098998008,0.6577480490523969,0.038,0.87890625,1.0,0.06977467983284133,0.2628747778189272,0.07498422403082737,0.04521356910425615
312,15,majority_only,W4A8_pooled_p995,4,8,False,99.5,0,0.5924611570958451,0.13650392572647385,0.0837937923731527,0.6488294314381271,0.1752,0.69140625,1.0,0.16712208178078813,0.2628747778189272,0.07689354485333996,0.04142761324967156
312,15,majority_only,W8A4_pooled_p995,8,4,False,99.5,0,0.5946596433655168,0.13252110751368162,0.08613899167587212,0.7346711259754738,0.1588,0.546875,1.0,0.3598435469117717,0.2628747778189272,0.09889274753379752,0.06489792803031802
312,15,majority_only,W4A4_pooled_p995,4,4,False,99.5,0,0.5937140058571598,0.13499218357595344,0.0867636560497533,0.7157190635451505,0.2226,0.5338541666666667,1.0,0.3753885693255846,0.2628747778189272,0.10294909966276863,0.06287646789921886
312,15,majority_only,W8A4_channel_p995,8,4,True,99.5,0,0.596186759458304,0.13258823401352288,0.08468626251255802,0.6443701226309922,0.1548,0.53125,1.0,0.3043430992270202,0.2628747778189272,0.08703965505657439,0.05534194652653652
312,15,majority_only,W8A4_channel_minmax,8,4,True,100.0,0,0.5931663284709819,0.13254269543371977,0.08859075336816913,0.6767001114827201,0.2082,0.49869791666666663,1.0,0.49890939839304266,0.2628747778189272,0.10711130610986262,0.06653792878545015
312,16,representative,W8A8_pooled_p995,8,8,False,99.5,22,0.6059161771922495,0.14355724822786017,0.08282481685479443,0.6599777034559643,0.0304,0.9127604166666667,1.0,0.05594811636091999,0.2628747778189272,0.07598219524142419,0.04377531184220616
312,16,representative,W4A8_pooled_p995,4,8,False,99.5,22,0.5929944444791437,0.1383237218497823,0.08382750752660893,0.6399108138238573,0.1748,0.6953125,1.0,0.16297576016324805,0.2628747778189272,0.0804535518413319,0.04160579381640029
312,16,representative,W8A4_pooled_p995,8,4,False,99.5,22,0.5930123860572016,0.13296773823915767,0.08503707888598491,0.6187290969899666,0.1443,0.5607843137254902,0.99609375,0.33970482784160183,0.2628747778189272,0.09967846150930275,0.059716516393105316
312,16,representative,W4A4_pooled_p995,4,4,False,99.5,22,0.591488576603374,0.1356742441828235,0.08502195246843065,0.6086956521739131,0.2255,0.5299479166666667,1.0,0.33845580127264807,0.2628747778189272,0.08957310447800312,0.05187932290554305
312,16,representative,W8A4_channel_p995,8,4,True,99.5,22,0.5962475648747255,0.12902453486616697,0.08681446979873085,0.7068004459308808,0.174,0.5546874999999999,1.0,0.35289447025906306,0.2628747778189272,0.0967453822015029,0.0634274042330766
312,16,representative,W8A4_channel_minmax,8,4,True,100.0,22,0.5445744116846334,0.10517462376733533,0.14780268249413528,0.7290969899665551,0.3488,0.4490934449093445,0.93359375,1.1524552342626164,0.2628747778189272,0.29334913028557763,0.15630501840269062
312,16,balanced,W8A8_pooled_p995,8,8,False,99.5,128,0.6063750039649051,0.14368178320850675,0.08283508842534743,0.6700111482720178,0.0261,0.9010416666666666,1.0,0.0613987287264933,0.2628747778189272,0.07753437132628796,0.04430898655867467
312,16,balanced,W4A8_pooled_p995,4,8,False,99.5,128,0.5938989327026716,0.1376978805456105,0.08388688211411183,0.6521739130434783,0.173,0.6953125,1.0,0.16531007420502372,0.2628747778189272,0.0796400848243889,0.041926044059033704
312,16,balanced,W8A4_pooled_p995,8,4,False,99.5,128,0.5859619582209842,0.13379453211804837,0.08578239436112949,0.6722408026755853,0.1513,0.5572916666666667,1.0,0.37219882151296785,0.2628747778189272,0.09665139983845548,0.064603061324812
312,16,balanced,W4A4_pooled_p995,4,4,False,99.5,128,0.5905653507590758,0.1349184984065386,0.08556751733401222,0.6432552954292085,0.2171,0.5091145833333334,1.0,0.38011915278126995,0.2628747778189272,0.09756274237639723,0.05755216458566821
312,16,balanced,W8A4_channel_p995,8,4,True,99.5,128,0.5945053947814624,0.13347682347084727,0.0864977266592832,0.6967670011148273,0.1728,0.546875,1.0,0.37029542807435534,0.2628747778189272,0.09628005259883587,0.06719654998890232
312,16,balanced,W8A4_channel_minmax,8,4,True,100.0,128,0.5641477548350103,0.11196064116859326,0.12203701147265901,0.7324414715719063,0.3,0.4573333333333333,0.9765625,1.0076346602987676,0.2628747778189272,0.21790168935043636,0.13414065547371087
312,16,majority_only,W8A8_pooled_p995,8,8,False,99.5,0,0.6052893241732086,0.14304304910745758,0.08283355211001801,0.6677814938684504,0.0313,0.8958333333333333,1.0,0.06536042918093338,0.2628747778189272,0.07548435190398137,0.04477568110648897
312,16,majority_only,W4A8_pooled_p995,4,8,False,99.5,0,0.5928917549692354,0.1367675298676909,0.0839044280062116,0.6499442586399108,0.1748,0.6901041666666666,1.0,0.1679452001425214,0.2628747778189272,0.07823814496401398,0.04192343810188438
312,16,majority_only,W8A4_pooled_p995,8,4,False,99.5,0,0.5887970337244107,0.12870200553275793,0.08625424115078127,0.705685618729097,0.1567,0.5533854166666666,1.0,0.3524114301016197,0.2628747778189272,0.09392588984437696,0.06478118260552795
312,16,majority_only,W4A4_pooled_p995,4,4,False,99.5,0,0.5884377122908137,0.13326802160361975,0.08659725512570574,0.68561872909699,0.2232,0.5377604166666666,1.0,0.3562069888991182,0.2628747778189272,0.09386055792165066,0.05718180915122417
312,16,majority_only,W8A4_channel_p995,8,4,True,99.5,0,0.5926458390051377,0.1305991852564546,0.0850102114104276,0.6633221850613155,0.1537,0.5651041666666667,1.0,0.30626831648185293,0.2628747778189272,0.09617481400201465,0.052136796423942394
312,16,majority_only,W8A4_channel_minmax,8,4,True,100.0,0,0.5878170439113082,0.13002857380955404,0.09027493125167974,0.6778149386845039,0.2214,0.5019607843137255,0.99609375,0.5468423473435154,0.2628747778189272,0.1252174792502948,0.07950664318468573
312,17,representative,W8A8_pooled_p995,8,8,False,99.5,25,0.6044447228552803,0.14270513498336138,0.08281805161708955,0.6510590858416946,0.0402,0.8971354166666666,1.0,0.0692009171674487,0.2628747778189272,0.07444717706329093,0.045474880343278186
312,17,representative,W4A8_pooled_p995,4,8,False,99.5,25,0.5914815959211261,0.13644665347536547,0.08382899680651867,0.6432552954292085,0.1785,0.69921875,1.0,0.16698843096670185,0.2628747778189272,0.07924295254217814,0.04180817562875012
312,17,representative,W8A4_pooled_p995,8,4,False,99.5,25,0.5904442910327259,0.1334231650100376,0.08588724420064951,0.7201783723522854,0.1551,0.5494791666666667,1.0,0.33631399668913275,0.2628747778189272,0.09570237170149952,0.06554209891292287
312,17,representative,W4A4_pooled_p995,4,4,False,99.5,25,0.5902232360948789,0.13440314205069098,0.08706061230370744,0.7212931995540691,0.224,0.5390625,1.0,0.374164603032705,0.2628747778189272,0.10355055911329861,0.06272638929901586
312,17,representative,W8A4_channel_p995,8,4,True,99.5,25,0.6027768909045508,0.13359719912197746,0.08497641710341912,0.6610925306577481,0.1478,0.5494791666666666,1.0,0.30604120895088116,0.2628747778189272,0.08245551095690541,0.055932832054439316
312,17,representative,W8A4_channel_minmax,8,4,True,100.0,25,0.5892364493016929,0.1300177682680654,0.08966803152994085,0.6588628762541806,0.2114,0.4960629921259842,0.9921875,0.5289666981292476,0.2628747778189272,0.11875082371352014,0.07451087703269405
312,17,balanced,W8A8_pooled_p995,8,8,False,99.5,128,0.6058727622473927,0.142979813927624,0.08276071852763855,0.6566332218506131,0.0374,0.8893229166666666,1.0,0.0675473151374082,0.2628747778189272,0.07450026238272572,0.045242395124501594
312,17,balanced,W4A8_pooled_p995,4,8,False,99.5,128,0.5929671340907006,0.1370380126801421,0.08372371450131527,0.6421404682274248,0.1761,0.6927083333333333,1.0,0.1669621923733522,0.2628747778189272,0.07813412718979905,0.04131098157844843
312,17,balanced,W8A4_pooled_p995,8,4,False,99.5,128,0.5903877107660858,0.12976741302323141,0.0866707911583005,0.7279821627647715,0.1623,0.5286458333333333,1.0,0.37591176016502725,0.2628747778189272,0.10066443019067996,0.06153727103942817
312,17,balanced,W4A4_pooled_p995,4,4,False,99.5,128,0.5858108938077797,0.1306130064195969,0.08791227496840553,0.7201783723522854,0.2295,0.5286458333333333,1.0,0.4032362154669408,0.2628747778189272,0.10695676833816874,0.06795735261653724
312,17,balanced,W8A4_channel_p995,8,4,True,99.5,128,0.59620212920606,0.13386390232936984,0.08565821253111139,0.6900780379041248,0.1704,0.5598958333333334,1.0,0.338020527225238,0.2628747778189272,0.09137872466572011,0.06121299181370123
312,17,balanced,W8A4_channel_minmax,8,4,True,100.0,128,0.5890861809312009,0.12794877073206162,0.08984766709149689,0.6767001114827201,0.2174,0.5144356955380577,0.9921875,0.5230319534714055,0.2628747778189272,0.11469649959248554,0.07463804090134707
312,17,majority_only,W8A8_pooled_p995,8,8,False,99.5,0,0.6033835366855059,0.14296068827214453,0.08297007186440915,0.6622073578595318,0.0292,0.9153645833333333,1.0,0.052941672504758584,0.2628747778189272,0.07813438520842769,0.04429745747539038
312,17,majority_only,W4A8_pooled_p995,4,8,False,99.5,0,0.5918185056906644,0.13777747792738002,0.08395151534208305,0.653288740245262,0.1761,0.6901041666666666,1.0,0.16402094991597543,0.2628747778189272,0.0808613356536716,0.04186975073073322
312,17,majority_only,W8A4_pooled_p995,8,4,False,99.5,0,0.5930258575492589,0.1368848661510637,0.08467548616757158,0.6042363433667781,0.1552,0.5533854166666667,1.0,0.32696550070865604,0.2628747778189272,0.09170606229875737,0.057247430977445835
312,17,majority_only,W4A4_pooled_p995,4,4,False,99.5,0,0.5860623820708648,0.1399669703358503,0.08506216110603561,0.5886287625418061,0.2227,0.5546875,1.0,0.3174397203386313,0.2628747778189272,0.0968947098287129,0.05047390527666214
312,17,majority_only,W8A4_channel_p995,8,4,True,99.5,0,0.5948496526375773,0.1332336343863983,0.08566388650287825,0.6945373467112598,0.1613,0.5416666666666666,1.0,0.3459639721362552,0.2628747778189272,0.09818533104503359,0.06406905821112485
312,17,majority_only,W8A4_channel_minmax,8,4,True,100.0,0,0.5921658252495196,0.12563574969580615,0.09045834997935856,0.6833890746934225,0.2194,0.5533596837944664,0.98828125,0.5145220897897711,0.2628747778189272,0.10891463733849124,0.07591458277870372
312,18,representative,W8A8_pooled_p995,8,8,False,99.5,26,0.6050841288555563,0.14278859122026466,0.08286192715378947,0.6666666666666666,0.035,0.8932291666666666,1.0,0.06795953142781716,0.2628747778189272,0.07447059370238232,0.04518098873205318
312,18,representative,W4A8_pooled_p995,4,8,False,99.5,26,0.5922137102803773,0.13649259186872703,0.08390037463494614,0.6521739130434783,0.1744,0.6875,1.0,0.16935581215605766,0.2628747778189272,0.07838663616111484,0.042269467761841026
312,18,representative,W8A4_pooled_p995,8,4,False,99.5,26,0.5922636160350435,0.13356063888311007,0.08590382421324252,0.717948717948718,0.1564,0.546875,1.0,0.35562359620590334,0.2628747778189272,0.09355183612445524,0.06599130685981364
312,18,representative,W4A4_pooled_p995,4,4,False,99.5,26,0.5902433820989099,0.1370421700937624,0.08630259791409951,0.7090301003344481,0.2249,0.54296875,1.0,0.3546980245119141,0.2628747778189272,0.09939121216568901,0.06423392249614181
312,18,representative,W8A4_channel_p995,8,4,True,99.5,26,0.5980570924282744,0.138122157145411,0.08519961441960766,0.7034559643255296,0.1598,0.5546875,1.0,0.31653289767165826,0.2628747778189272,0.0909163782760628,0.05647875511704466
312,18,representative,W8A4_channel_minmax,8,4,True,100.0,26,0.5357541359623808,0.1027162946702352,0.1609688444921779,0.7536231884057971,0.3643,0.46579330422125176,0.89453125,1.1849969760813588,0.2628747778189272,0.3036252612969744,0.15832057794226137
312,18,balanced,W8A8_pooled_p995,8,8,False,99.5,128,0.6062016503557515,0.1434304006062634,0.08278820264241138,0.6622073578595318,0.0328,0.9036458333333333,1.0,0.06474654276675662,0.2628747778189272,0.07471214094023379,0.04491895504050966
312,18,balanced,W4A8_pooled_p995,4,8,False,99.5,128,0.5933898940050758,0.13741116886061855,0.08380589252615234,0.6454849498327759,0.173,0.6940104166666667,1.0,0.16505309350613745,0.2628747778189272,0.07843268154630036,0.04182842055999708
312,18,balanced,W8A4_pooled_p995,8,4,False,99.5,128,0.5902095809006574,0.1296188118333504,0.08672819409843674,0.7034559643255296,0.1572,0.5286458333333333,1.0,0.39439526570917766,0.2628747778189272,0.10315668742957301,0.0650674240159103
312,18,balanced,W4A4_pooled_p995,4,4,False,99.5,128,0.580616225236489,0.1295145803614718,0.08783578861153456,0.6833890746934225,0.2228,0.5221354166666666,1.0,0.3934946903136468,0.2628747778189272,0.10928875796165093,0.06327383234099207
312,18,balanced,W8A4_channel_p995,8,4,True,99.5,128,0.5971696885060372,0.13099884675667106,0.08601743215921828,0.6778149386845039,0.163,0.5104166666666666,1.0,0.347855505856482,0.2628747778189272,0.09228814120658302,0.05898566469106927
312,18,balanced,W8A4_channel_minmax,8,4,True,100.0,128,0.5763383529337419,0.11873716925301345,0.1068140244917538,0.68561872909699,0.285,0.48148148148148145,0.984375,0.8653339916311447,0.2628747778189272,0.18463309997072777,0.12207951394194655
312,18,majority_only,W8A8_pooled_p995,8,8,False,99.5,0,0.6043450338140574,0.1424667481434173,0.08289770527952978,0.6655518394648829,0.0357,0.8984375,1.0,0.06757072034948869,0.2628747778189272,0.07610602420171061,0.045542792560649525
312,18,majority_only,W4A8_pooled_p995,4,8,False,99.5,0,0.5919953496409419,0.13631407973559762,0.08395221118329307,0.653288740245262,0.1765,0.7005208333333333,1.0,0.16844102891272877,0.2628747778189272,0.07937488578972746,0.04214507123677672
312,18,majority_only,W8A4_pooled_p995,8,4,False,99.5,0,0.5940043777450461,0.13368041110859016,0.08579551312165001,0.7235228539576366,0.1555,0.5364583333333333,1.0,0.3406261414859012,0.2628747778189272,0.09882436075756929,0.06357166300274177
312,18,majority_only,W4A4_pooled_p995,4,4,False,99.5,0,0.5901821480441047,0.13323331279587666,0.08711813293106145,0.717948717948718,0.2271,0.54296875,1.0,0.37606390293927705,0.2628747778189272,0.09850443821093294,0.06311432427832836
312,18,majority_only,W8A4_channel_p995,8,4,True,99.5,0,0.6023041027673997,0.1385899002429151,0.08425877853362983,0.7068004459308808,0.1637,0.5673202614379085,0.99609375,0.32468572747402324,0.2628747778189272,0.0947937315134374,0.05731102694878629
312,18,majority_only,W8A4_channel_minmax,8,4,True,100.0,0,0.5854334470939604,0.12770715930954957,0.09497526051245973,0.7001114827201784,0.2347,0.46928104575163393,0.99609375,0.7059436708155125,0.2628747778189272,0.161077184081987,0.09661391653342308
312,19,representative,W8A8_pooled_p995,8,8,False,99.5,28,0.6056291731773775,0.14327031942996482,0.08283593207345825,0.6711259754738016,0.0328,0.8880208333333333,1.0,0.06759719474312556,0.2628747778189272,0.07426316832411131,0.0450402148096961
312,19,representative,W4A8_pooled_p995,4,8,False,99.5,28,0.5931668795774753,0.13670299707744582,0.08389118946021616,0.6521739130434783,0.1737,0.7057291666666667,1.0,0.16893376714262676,0.2628747778189272,0.07854124420305508,0.04166776009177105
312,19,representative,W8A4_pooled_p995,8,4,False,99.5,28,0.5863466305532705,0.12784357488566703,0.08707715761116774,0.7201783723522854,0.1608,0.5294117647058824,0.99609375,0.38431391662074554,0.2628747778189272,0.09494957160012538,0.06221860193076923
312,19,representative,W4A4_pooled_p995,4,4,False,99.5,28,0.5850992316228335,0.12944820892324208,0.08773407536316852,0.7134894091415831,0.2267,0.5182291666666665,1.0,0.3848769758278623,0.2628747778189272,0.10053732967229712,0.06527280280141629
312,19,representative,W8A4_channel_p995,8,4,True,99.5,28,0.5906385866886228,0.12835155124903014,0.08561876767695459,0.6566332218506131,0.159,0.5377604166666666,1.0,0.3464029026050979,0.2628747778189272,0.10342033892129321,0.05796450952071282
312,19,representative,W8A4_channel_minmax,8,4,True,100.0,28,0.5806740914182799,0.1252104421543237,0.09192376289495455,0.6711259754738016,0.2273,0.5105820105820106,0.984375,0.5727349506075836,0.2628747778189272,0.13239044001565317,0.08559159069996777
312,19,balanced,W8A8_pooled_p995,8,8,False,99.5,128,0.6058776609717771,0.1431057785584784,0.08286916905796263,0.6767001114827201,0.0293,0.8971354166666666,1.0,0.06062983383255702,0.2628747778189272,0.07641348447085677,0.04463379706044693
312,19,balanced,W4A8_pooled_p995,4,8,False,99.5,128,0.5930207138886551,0.13726122770305135,0.08390864626140157,0.6510590858416946,0.1747,0.6927083333333333,1.0,0.1645245881275804,0.2628747778189272,0.07803414089585575,0.04167231575460986
312,19,balanced,W8A4_pooled_p995,8,4,False,99.5,128,0.5872421786047968,0.13379659980866362,0.08553903016984375,0.6833890746934225,0.1466,0.5738562091503268,0.99609375,0.33809463566773135,0.2628747778189272,0.10289409339574251,0.06351091819569207
312,19,balanced,W4A4_pooled_p995,4,4,False,99.5,128,0.5880116457374791,0.1327392301823714,0.08575354996904173,0.633221850613155,0.2186,0.5013020833333333,1.0,0.36419027390936975,0.2628747778189272,0.09743409482538187,0.059621022125061235
312,19,balanced,W8A4_channel_p995,8,4,True,99.5,128,0.5932175201407991,0.12968477205298456,0.08676788322647339,0.6978818283166109,0.1683,0.5143229166666667,1.0,0.3578059974060046,0.2628747778189272,0.10416089761676714,0.06055068971529744
312,19,balanced,W8A4_channel_minmax,8,4,True,100.0,128,0.5704277357936687,0.11487803344427336,0.10591866241329971,0.6610925306577481,0.2791,0.4701195219123506,0.98046875,0.8550207959274796,0.2628747778189272,0.19380580219143098,0.11216499400483987
312,19,majority_only,W8A8_pooled_p995,8,8,False,99.5,0,0.6050994373692576,0.14277859456955125,0.08288123510978791,0.6677814938684504,0.0348,0.8854166666666666,1.0,0.06813728968504332,0.2628747778189272,0.07505883775313271,0.04536477378716883
312,19,majority_only,W4A8_pooled_p995,4,8,False,99.5,0,0.592073606762983,0.13669229543199854,0.08392592542707492,0.653288740245262,0.1751,0.6953125,1.0,0.16912243211970146,0.2628747778189272,0.07881509907672338,0.04219654765230954
312,19,majority_only,W8A4_pooled_p995,8,4,False,99.5,0,0.5901441829301255,0.13305807276920562,0.08606535194372625,0.7123745819397993,0.1579,0.55078125,1.0,0.3551706876797095,0.2628747778189272,0.09825967507677788,0.06432432321637523
312,19,majority_only,W4A4_pooled_p995,4,4,False,99.5,0,0.590807347743666,0.13625566847451426,0.0864333934231017,0.7146042363433668,0.2229,0.546875,1.0,0.3663560281585179,0.2628747778189272,0.10239109270067828,0.06430705374057166
312,19,majority_only,W8A4_channel_p995,8,4,True,99.5,0,0.5895830340518905,0.13269155435330698,0.08485690286293104,0.6555183946488294,0.157,0.5677083333333334,1.0,0.3052992506893332,0.2628747778189272,0.08896890809839193,0.05545464148269744
312,19,majority_only,W8A4_channel_minmax,8,4,True,100.0,0,0.5920040448767242,0.13295970929736559,0.08874497281373889,0.6722408026755853,0.2167,0.48697916666666663,1.0,0.5391920316445211,0.2628747778189272,0.11557262903597842,0.07737847840199717
312,20,representative,W8A8_pooled_p995,8,8,False,99.5,12,0.6057575809903041,0.14294467853234816,0.08286909502087261,0.6644370122630993,0.0329,0.8854166666666666,1.0,0.06789897676200585,0.2628747778189272,0.07511228046016868,0.04548335980022264
312,20,representative,W4A8_pooled_p995,4,8,False,99.5,12,0.593087397774338,0.1369200681228402,0.08389879155603498,0.6510590858416946,0.1744,0.6966145833333333,1.0,0.1681682738527842,0.2628747778189272,0.08224478092895768,0.04196086644172459
312,20,representative,W8A4_pooled_p995,8,4,False,99.5,12,0.5884240570965922,0.13125857190779916,0.08650273902359136,0.7212931995540691,0.1569,0.5325520833333333,1.0,0.38386715231099267,0.2628747778189272,0.09675924623339886,0.06206972099498669
312,20,representative,W4A4_pooled_p995,4,4,False,99.5,12,0.5855456891164184,0.13205311512481827,0.08809022338043718,0.717948717948718,0.2262,0.5520833333333333,1.0,0.39373765364937885,0.2628747778189272,0.10835593681699668,0.06779903543357421
312,20,representative,W8A4_channel_p995,8,4,True,99.5,12,0.5932472798914346,0.13332388007910043,0.08561480217767958,0.68561872909699,0.1737,0.5481770833333334,1.0,0.3450171805207275,0.2628747778189272,0.09787163829414537,0.060134773959006085
312,20,representative,W8A4_channel_minmax,8,4,True,100.0,12,0.6064698555157984,0.13466057328220515,0.08809959074567583,0.7023411371237458,0.1958,0.4856770833333333,1.0,0.488449770554631,0.2628747778189272,0.10470477300736049,0.07106087430978882
312,20,balanced,W8A8_pooled_p995,8,8,False,99.5,128,0.6060459321543819,0.14323745916416392,0.08279768860070921,0.6644370122630993,0.0309,0.8971354166666666,1.0,0.06064023877574441,0.2628747778189272,0.07520457050185367,0.04431609739287397
312,20,balanced,W4A8_pooled_p995,4,8,False,99.5,128,0.5935126682849603,0.13779252946448273,0.0838014372349259,0.6488294314381271,0.1756,0.68359375,1.0,0.1650870165686996,0.2628747778189272,0.07942284770699247,0.04156254122114679
312,20,balanced,W8A4_pooled_p995,8,4,False,99.5,128,0.5907233958545279,0.13287781893796663,0.08537581380907955,0.6688963210702341,0.1458,0.5611979166666666,1.0,0.32975465125332715,0.2628747778189272,0.09909111352665291,0.05950291541400629
312,20,balanced,W4A4_pooled_p995,4,4,False,99.5,128,0.588527542649213,0.13287153262760817,0.0852426001360943,0.6343366778149386,0.2154,0.5130208333333333,1.0,0.3496632880589982,0.2628747778189272,0.09550272720914926,0.0579599500380228
312,20,balanced,W8A4_channel_p995,8,4,True,99.5,128,0.5914848413260307,0.12901787133259968,0.08723707408084984,0.7168338907469343,0.1775,0.5494791666666667,1.0,0.3560668309758127,0.2628747778189272,0.10863897600652397,0.05980926512580742
312,20,balanced,W8A4_channel_minmax,8,4,True,100.0,128,0.5338259368106194,0.09989414901612147,0.21707936404446737,0.802675585284281,0.3941,0.43137254901960786,0.796875,1.4001725127840146,0.2628747778189272,0.3994409698546703,0.17792617597890345
312,20,majority_only,W8A8_pooled_p995,8,8,False,99.5,0,0.6051733468734075,0.14275790961901275,0.08288685365201214,0.6688963210702341,0.0322,0.8815104166666666,1.0,0.06861095886311847,0.2628747778189272,0.07367935403661417,0.0455515239341567
312,20,majority_only,W4A8_pooled_p995,4,8,False,99.5,0,0.5927298521283304,0.13660787518088838,0.083906669205604,0.653288740245262,0.1764,0.68359375,1.0,0.16830975939964388,0.2628747778189272,0.07951804942530398,0.04185233943573151
312,20,majority_only,W8A4_pooled_p995,8,4,False,99.5,0,0.5932638130862319,0.13397788815972944,0.08613641511028639,0.7290969899665551,0.1587,0.5364583333333333,1.0,0.3664002932553879,0.2628747778189272,0.10079904298798781,0.0657603300592223
312,20,majority_only,W4A4_pooled_p995,4,4,False,99.5,0,0.5929284954021186,0.13642250077881335,0.08657855078046252,0.7045707915273133,0.229,0.5455729166666667,1.0,0.36079405381885343,0.2628747778189272,0.10097465177825317,0.06329710304397045
312,20,majority_only,W8A4_channel_p995,8,4,True,99.5,0,0.5955592328646601,0.13451598963753608,0.08548605051920431,0.6700111482720178,0.1602,0.5633986928104575,0.99609375,0.3130602360732729,0.2628747778189272,0.10133874990041547,0.05509175202069163
312,20,majority_only,W8A4_channel_minmax,8,4,True,100.0,0,0.5923321369423705,0.1299246280770897,0.08799555041336461,0.693422519509476,0.1971,0.49150326797385613,0.99609375,0.47374341763774436,0.2628747778189272,0.11019451043803,0.0694031246191339
312,21,representative,W8A8_pooled_p995,8,8,False,99.5,23,0.6049262062282137,0.14282991170538437,0.08287882603956662,0.6666666666666666,0.0356,0.8919270833333334,1.0,0.06846437364560932,0.2628747778189272,0.07362333666863527,0.04524116317650493
312,21,representative,W4A8_pooled_p995,4,8,False,99.5,23,0.5921007334492616,0.13661005397628456,0.08391923912848176,0.6499442586399108,0.1749,0.6940104166666666,1.0,0.16823617881149402,0.2628747778189272,0.0784228185891325,0.04225313169694021
312,21,representative,W8A4_pooled_p995,8,4,False,99.5,23,0.595945007409933,0.13407944912290656,0.08592139988203364,0.7290969899665551,0.154,0.55078125,1.0,0.34489231620266547,0.2628747778189272,0.09343881667695503,0.06462275260594486
312,21,representative,W4A4_pooled_p995,4,4,False,99.5,23,0.5881414619336661,0.13587585800284568,0.0865028172781649,0.705685618729097,0.223,0.5325520833333334,1.0,0.35723983407971976,0.2628747778189272,0.10402478456763219,0.06041251340696117
312,21,representative,W8A4_channel_p995,8,4,True,99.5,23,0.586346140680832,0.13171828312285616,0.08600962672112301,0.6878483835005574,0.1793,0.5325520833333333,1.0,0.36587777419021983,0.2628747778189272,0.09992223534173451,0.06259167886400056
312,21,representative,W8A4_channel_minmax,8,4,True,100.0,23,0.5948787388136098,0.12977626319215746,0.08909377318116704,0.6967670011148273,0.2116,0.5372549019607843,0.99609375,0.5219691224425393,0.2628747778189272,0.11452532505376549,0.07171591392444454
312,21,balanced,W8A8_pooled_p995,8,8,False,99.5,128,0.604780897816161,0.14324564910989707,0.08289544947597087,0.6566332218506131,0.027,0.91015625,1.0,0.05235083685258654,0.2628747778189272,0.0752392765765534,0.04401261410406125
312,21,balanced,W4A8_pooled_p995,4,8,False,99.5,128,0.5931480194885952,0.13826774552394933,0.08388699858773423,0.6443701226309922,0.1734,0.69921875,1.0,0.16313699847367197,0.2628747778189272,0.08203530781009521,0.04163169849482841
312,21,balanced,W8A4_pooled_p995,8,4,False,99.5,128,0.5974269327702739,0.1387962891790588,0.08469764927764374,0.5897435897435898,0.1582,0.5686274509803921,0.99609375,0.3317193121414904,0.2628747778189272,0.09359708827272101,0.05983386661960512
312,21,balanced,W4A4_pooled_p995,4,4,False,99.5,128,0.5861485383859756,0.13612796801213045,0.08525763126699422,0.5819397993311036,0.2275,0.5267973856209149,0.99609375,0.3346914732459628,0.2628747778189272,0.09380451591196963,0.052708100948884715
312,21,balanced,W8A4_channel_p995,8,4,True,99.5,128,0.5971755669752985,0.13247726881786304,0.08602038480332573,0.68561872909699,0.1685,0.54296875,1.0,0.3426115051986375,0.2628747778189272,0.09496706904366531,0.05885939013604216
312,21,balanced,W8A4_channel_minmax,8,4,True,100.0,128,0.565344023329685,0.11151830107754007,0.10850116541287412,0.6677814938684504,0.288,0.48412698412698413,0.984375,0.8129279555267539,0.2628747778189272,0.17783606332405222,0.11578054768013127
312,21,majority_only,W8A8_pooled_p995,8,8,False,99.5,0,0.6037668618685865,0.14242573119568736,0.08294409464514227,0.6688963210702341,0.0283,0.90625,1.0,0.05210903306113917,0.2628747778189272,0.0786352265241129,0.044067465285666775
312,21,majority_only,W4A8_pooled_p995,4,8,False,99.5,0,0.5919036822608985,0.13758782924238572,0.0839470499397927,0.6499442586399108,0.1749,0.6940104166666666,1.0,0.1647732572137115,0.2628747778189272,0.08141770063264772,0.04192524910801578
312,21,majority_only,W8A4_pooled_p995,8,4,False,99.5,0,0.594439200768218,0.13773783821631158,0.084735537171819,0.6053511705685619,0.1541,0.5559895833333334,1.0,0.32982085882908524,0.2628747778189272,0.09076080311649698,0.05693947962536253
312,21,majority_only,W4A4_pooled_p995,4,4,False,99.5,0,0.585924299277279,0.1390775249212263,0.08524795567796437,0.5696767001114827,0.2261,0.5390625,1.0,0.31439568399409223,0.2628747778189272,0.09638144000070602,0.05014282370338148
312,21,majority_only,W8A4_channel_p995,8,4,True,99.5,0,0.592853851089311,0.13389761694184812,0.08575585139774755,0.68561872909699,0.1583,0.5572916666666666,1.0,0.34426738028823234,0.2628747778189272,0.09683591670754635,0.06573099669030821
312,21,majority_only,W8A4_channel_minmax,8,4,True,100.0,0,0.5933567663814262,0.13115165400510884,0.09070542331164574,0.6655518394648829,0.2243,0.5078740157480315,0.9921875,0.6086890650629055,0.2628747778189272,0.13501197791101083,0.07864375957020649
312,22,representative,W8A8_pooled_p995,8,8,False,99.5,24,0.6060415233024359,0.14282299182029082,0.0828603368496905,0.6711259754738016,0.0328,0.8854166666666666,1.0,0.06783695374519508,0.2628747778189272,0.07384105528629253,0.04547210969029136
312,22,representative,W4A8_pooled_p995,4,8,False,99.5,24,0.5932797339404812,0.1372775276921388,0.08385554208642287,0.6499442586399108,0.1739,0.6966145833333333,1.0,0.16762798869056564,0.2628747778189272,0.0799398593673476,0.04219112777681852
312,22,representative,W8A4_pooled_p995,8,4,False,99.5,24,0.5843984690996427,0.12930686836238944,0.08703717019103376,0.7157190635451505,0.1594,0.5260416666666666,1.0,0.39651668033379395,0.2628747778189272,0.09526239816060607,0.06277432456186387
312,22,representative,W4A4_pooled_p995,4,4,False,99.5,24,0.5806131635337487,0.12789481234594624,0.08788689471635926,0.7001114827201784,0.2258,0.5221354166666666,1.0,0.3913392405711769,0.2628747778189272,0.09504201208449566,0.06356426539123061
312,22,representative,W8A4_channel_p995,8,4,True,99.5,24,0.590243994439458,0.12802930455832479,0.08572585846172048,0.6811594202898551,0.1624,0.53515625,1.0,0.3468520291128492,0.2628747778189272,0.09208015518944036,0.05772042823354388
312,22,representative,W8A4_channel_minmax,8,4,True,100.0,24,0.5681923866230043,0.11538427864435162,0.10689206618279923,0.6878483835005574,0.267,0.4814814814814814,0.984375,0.799843812205224,0.2628747778189272,0.17862381215071754,0.11491141871372894
312,22,balanced,W8A8_pooled_p995,8,8,False,99.5,128,0.603922028963463,0.1422926541143823,0.08288155994743254,0.6588628762541806,0.0348,0.9075520833333333,1.0,0.06205051728481174,0.2628747778189272,0.07474606384325504,0.04420401941888074
312,22,balanced,W4A8_pooled_p995,4,8,False,99.5,128,0.5922212420691183,0.1373753211796351,0.08382018158203203,0.6432552954292085,0.1762,0.69140625,1.0,0.164069477249259,0.2628747778189272,0.07684216710127131,0.041333719593884065
312,22,balanced,W8A4_pooled_p995,8,4,False,99.5,128,0.5960136507853696,0.1362986198534477,0.08497084369437077,0.6633221850613155,0.1382,0.58984375,1.0,0.3091117865152339,0.2628747778189272,0.09525912398306453,0.06059955760133923
312,22,balanced,W4A4_pooled_p995,4,4,False,99.5,128,0.5911160898479938,0.1364531704644176,0.08517464526732257,0.6510590858416946,0.2078,0.5325520833333333,1.0,0.33862911478798724,0.2628747778189272,0.0992508022091618,0.058643507160471224
312,22,balanced,W8A4_channel_p995,8,4,True,99.5,128,0.5936111938791419,0.13111047416310734,0.0860990760235951,0.6755852842809364,0.1658,0.5416666666666666,1.0,0.32794151908821145,0.2628747778189272,0.095189454689486,0.05852221072711447
312,22,balanced,W8A4_channel_minmax,8,4,True,100.0,128,0.5879948676064625,0.12711492690228732,0.09305620469574877,0.6822742474916388,0.2312,0.5098814229249012,0.98828125,0.6306164548400646,0.2628747778189272,0.1361233829670989,0.0909957776645875
312,22,majority_only,W8A8_pooled_p995,8,8,False,99.5,0,0.6041301635157459,0.14246595764617637,0.0829443935558486,0.6711259754738016,0.0313,0.8997395833333333,1.0,0.06056051208480138,0.2628747778189272,0.07536272529871395,0.04457115573736041
312,22,majority_only,W4A8_pooled_p995,4,8,False,99.5,0,0.5920876905955881,0.1368204282462915,0.08399571271351601,0.653288740245262,0.1754,0.6927083333333334,1.0,0.16560277165017212,0.2628747778189272,0.08038098055522942,0.04188156554599683
312,22,majority_only,W8A4_pooled_p995,8,4,False,99.5,0,0.5921919109568666,0.13466347605386506,0.0853345602311078,0.6700111482720178,0.1423,0.5729166666666666,1.0,0.3039407295808725,0.2628747778189272,0.09959159391227894,0.05821834280802267
312,22,majority_only,W4A4_pooled_p995,4,4,False,99.5,0,0.5858726177350233,0.1327852271045779,0.08569315179362945,0.6499442586399108,0.2103,0.53515625,1.0,0.348330515391494,0.2628747778189272,0.0974055829421854,0.06085228661346109
312,22,majority_only,W8A4_channel_p995,8,4,True,99.5,0,0.5959654595842379,0.13452196797805943,0.08589125336787277,0.7012263099219621,0.1736,0.55078125,1.0,0.36264740741676343,0.2628747778189272,0.09649817636916319,0.06274859857227563
312,22,majority_only,W8A4_channel_minmax,8,4,True,100.0,0,0.5882358848461757,0.12731901818848226,0.08838594191024145,0.6633221850613155,0.2024,0.489501312335958,0.9921875,0.4703627275133031,0.2628747778189272,0.09977247067393451,0.07104335558086639
312,23,representative,W8A8_pooled_p995,8,8,False,99.5,26,0.6049126122680468,0.1426471508301525,0.08287105944347131,0.6677814938684504,0.0352,0.890625,1.0,0.06878363151592418,0.2628747778189272,0.07484091451588472,0.045133741754167844
312,23,representative,W4A8_pooled_p995,4,8,False,99.5,26,0.592355895755635,0.13659106313265273,0.08389766238158397,0.653288740245262,0.1743,0.6901041666666667,1.0,0.16805890268842405,0.2628747778189272,0.08103666219303138,0.042098638648993915
312,23,representative,W8A4_pooled_p995,8,4,False,99.5,26,0.5928634036018606,0.13356539723173272,0.08594955814988336,0.7235228539576366,0.1574,0.5364583333333333,1.0,0.3614025873500214,0.2628747778189272,0.09853866563883917,0.06491462450732455
312,23,representative,W4A4_pooled_p995,4,4,False,99.5,26,0.590836862558082,0.135968022755813,0.08645025753823987,0.6967670011148273,0.2243,0.5416666666666666,1.0,0.35660427620870483,0.2628747778189272,0.10213176400725724,0.06358793101246672
312,23,representative,W8A4_channel_p995,8,4,True,99.5,26,0.5984882414081579,0.13731574856283463,0.08522921128110468,0.6945373467112598,0.1605,0.5351562499999999,1.0,0.35290062686855606,0.2628747778189272,0.10021428107870554,0.06186609087705187
312,23,representative,W8A4_channel_minmax,8,4,True,100.0,26,0.5949066003085461,0.12918283794088423,0.0913422621370625,0.68561872909699,0.225,0.5085638998682476,0.98828125,0.6049350829829552,0.2628747778189272,0.1334218578197038,0.0919284561926233
312,23,balanced,W8A8_pooled_p995,8,8,False,99.5,128,0.6061278020856564,0.14389723161999285,0.08285360662594564,0.6722408026755853,0.0283,0.89453125,1.0,0.060871307185120724,0.2628747778189272,0.07684039786569896,0.04459962956162689
312,23,balanced,W4A8_pooled_p995,4,8,False,99.5,128,0.5939609015661345,0.13728377031932043,0.0839123456494207,0.6521739130434783,0.1747,0.6979166666666666,1.0,0.1648974814224014,0.2628747778189272,0.0801449404592383,0.04178233225423828
312,23,balanced,W8A4_pooled_p995,8,4,False,99.5,128,0.5871998046388716,0.13556860563442827,0.08567247468015286,0.6622073578595318,0.148,0.5464052287581699,0.99609375,0.34986133216288323,0.2628747778189272,0.10004151700760106,0.06501690115661377
312,23,balanced,W4A4_pooled_p995,4,4,False,99.5,128,0.5948291392292175,0.138413461714682,0.08537409952679585,0.6410256410256411,0.2184,0.49739583333333326,1.0,0.3800343007342871,0.2628747778189272,0.10232486444734352,0.06049614700845063
312,23,balanced,W8A4_channel_p995,8,4,True,99.5,128,0.5991104406390337,0.13457732199377462,0.08648779841273459,0.6923076923076923,0.18,0.5320261437908498,0.99609375,0.370442602481365,0.2628747778189272,0.09284831813412339,0.060617668443843906
312,23,balanced,W8A4_channel_minmax,8,4,True,100.0,128,0.5674259811930622,0.11243412594980084,0.11656026501460251,0.7134894091415831,0.2962,0.45683930942895085,0.98046875,0.9593758616371924,0.2628747778189272,0.21650501942230854,0.14027905667435442
312,23,majority_only,W8A8_pooled_p995,8,8,False,99.5,0,0.6046592257492629,0.14293981153753782,0.08289146587084711,0.6767001114827201,0.031,0.9049479166666665,1.0,0.061823676933241256,0.2628747778189272,0.07620087240736453,0.044703669490355674
312,23,majority_only,W4A8_pooled_p995,4,8,False,99.5,0,0.5926732718616904,0.13711874189655207,0.08390331956474073,0.6555183946488294,0.1751,0.6940104166666665,1.0,0.16554321427474628,0.2628747778189272,0.08079632822601425,0.04197593838765655
312,23,majority_only,W8A4_pooled_p995,8,4,False,99.5,0,0.588548300993792,0.13216728942932382,0.08557000408868295,0.6700111482720178,0.1395,0.56640625,1.0,0.31664613326229807,0.2628747778189272,0.0955778604949222,0.05868097284968182
312,23,majority_only,W4A4_pooled_p995,4,4,False,99.5,0,0.5884746364258612,0.13294666127080057,0.08558362085395925,0.633221850613155,0.2107,0.5390625,1.0,0.3472054122666635,0.2628747778189272,0.09184090166708647,0.05532413407935069
312,23,majority_only,W8A4_channel_p995,8,4,True,99.5,0,0.5913051193751775,0.1329193850176753,0.08565634757188952,0.6822742474916388,0.1614,0.5533854166666667,1.0,0.33711089651603576,0.2628747778189272,0.09984031154623137,0.06213592132149995
312,23,majority_only,W8A4_channel_minmax,8,4,True,100.0,0,0.5962111306121165,0.12756040344641678,0.08812752558108602,0.6878483835005574,0.1948,0.5084967320261439,0.99609375,0.4677129395169766,0.2628747778189272,0.1019033231804766,0.07228540016121594
313,0,representative,W8A8_pooled_p995,8,8,False,99.5,18,0.5923070309799005,0.1327904682631623,0.08209217900059368,0.6878483835005574,0.0386,0.8828125,1.0,0.051392996451048945,0.22386085809196918,0.0689337273163704,0.03308472287602858
313,0,representative,W4A8_pooled_p995,4,8,False,99.5,18,0.5981014258839534,0.12997101606366362,0.08229635078969214,0.6967670011148273,0.1466,0.70703125,1.0,0.12691264907608849,0.22386085809196918,0.06583588054559057,0.03470098235966241
313,0,representative,W8A4_pooled_p995,8,4,False,99.5,18,0.5833500808473226,0.13001042369646462,0.0837141594697046,0.7424749163879598,0.1568,0.55859375,1.0,0.3094743358052972,0.22386085809196918,0.09327206620277652,0.046641124223008784
313,0,representative,W4A4_pooled_p995,4,4,False,99.5,18,0.5820682071440302,0.12145992875024689,0.08434472900352223,0.745819397993311,0.1947,0.53125,1.0,0.3096052680739289,0.22386085809196918,0.08965359135103189,0.04765419355840633
313,0,representative,W8A4_channel_p995,8,4,True,99.5,18,0.5805626454385344,0.12315116179605526,0.08401229732147053,0.7068004459308808,0.1516,0.578125,1.0,0.2650869755720724,0.22386085809196918,0.0901335741873572,0.047565081336766665
313,0,representative,W8A4_channel_minmax,8,4,True,100.0,18,0.5324224522744838,0.10082118508681115,0.16447373446680522,0.7447045707915273,0.3522,0.4391304347826087,0.8984375,1.1150974255394157,0.22386085809196918,0.2877660542101439,0.16722356207958305
313,0,balanced,W8A8_pooled_p995,8,8,False,99.5,128,0.5923695509498565,0.1328352523126524,0.08211461144587306,0.7034559643255296,0.0263,0.9075520833333333,1.0,0.03911005260496998,0.22386085809196918,0.06898360415274905,0.03413622597214194
313,0,balanced,W4A8_pooled_p995,4,8,False,99.5,128,0.5974129714057783,0.12967960512322615,0.08235169658600672,0.7134894091415831,0.1407,0.703125,1.0,0.12400790230894286,0.22386085809196918,0.06844765585153503,0.034806911797014686
313,0,balanced,W8A4_pooled_p995,8,4,False,99.5,128,0.58660301754074,0.1267019176491977,0.08332435090575861,0.6187290969899666,0.1637,0.5729166666666667,1.0,0.25134432931849415,0.22386085809196918,0.08521914372646758,0.048125887039864465
313,0,balanced,W4A4_pooled_p995,4,4,False,99.5,128,0.5854520010125663,0.12586591686041892,0.08341067749096501,0.6176142697881828,0.2022,0.5390625,1.0,0.2680206180021446,0.22386085809196918,0.08123885787629574,0.04603025772802817
313,0,balanced,W8A4_channel_p995,8,4,True,99.5,128,0.5799759007253908,0.12850921258739365,0.08365109043772222,0.717948717948718,0.1751,0.59765625,1.0,0.28050940254116075,0.22386085809196918,0.09020713826350656,0.0458715786057768
313,0,balanced,W8A4_channel_minmax,8,4,True,100.0,128,0.5680195228862892,0.11949911003371408,0.08978028672833328,0.7045707915273133,0.2447,0.5260416666666666,1.0,0.5831511257919391,0.22386085809196918,0.1295072300721417,0.08939683513716105
313,0,majority_only,W8A8_pooled_p995,8,8,False,99.5,0,0.5918213836912403,0.1331269784175637,0.0821297177810439,0.7045707915273133,0.0361,0.8893229166666665,1.0,0.05328718307128647,0.22386085809196918,0.07125596518084236,0.03371932999339796
313,0,majority_only,W4A8_pooled_p995,4,8,False,99.5,0,0.5981460042758516,0.1298985336457897,0.08232750948462142,0.7224080267558528,0.1444,0.69921875,1.0,0.12832555664141715,0.22386085809196918,0.06694462092451778,0.03528735313487243
313,0,majority_only,W8A4_pooled_p995,8,4,False,99.5,0,0.5810566817927029,0.12489717341372836,0.08391258094003867,0.7591973244147158,0.1545,0.57421875,1.0,0.2953406865128144,0.22386085809196918,0.0918302732338488,0.046026590017733016
313,0,majority_only,W4A4_pooled_p995,4,4,False,99.5,0,0.5869377228843051,0.12486801368565198,0.08384109322973539,0.758082497212932,0.193,0.5260416666666667,1.0,0.29806571703442364,0.22386085809196918,0.08922477687721748,0.05052690712164307
313,0,majority_only,W8A4_channel_p995,8,4,True,99.5,0,0.5850706965532942,0.1260494691403498,0.08302106287402965,0.6778149386845039,0.1525,0.56640625,1.0,0.26696441198830834,0.22386085809196918,0.0867940525094058,0.048166005002666636
313,0,majority_only,W8A4_channel_minmax,8,4,True,100.0,0,0.5836467598428539,0.12249920192319948,0.08504642510735347,0.7224080267558528,0.1931,0.52734375,1.0,0.40678888196311214,0.22386085809196918,0.10423893139376719,0.0632520754802918
313,1,representative,W8A8_pooled_p995,8,8,False,99.5,20,0.5923091129377638,0.13343634477033617,0.08210811033747434,0.7045707915273133,0.0357,0.8945312499999999,1.0,0.051447108853906715,0.22386085809196918,0.07116106236759712,0.033596587569123655
313,1,representative,W4A8_pooled_p995,4,8,False,99.5,20,0.5980572761304388,0.1298770763346982,0.08231071234422757,0.7134894091415831,0.1444,0.6979166666666665,1.0,0.12755069047026385,0.22386085809196918,0.06847235195631625,0.035147109296730705
313,1,representative,W8A4_pooled_p995,8,4,False,99.5,20,0.5816268320769942,0.12650608432967317,0.08396703266996511,0.7469342251950948,0.161,0.5768229166666667,1.0,0.29502698811041705,0.22386085809196918,0.0882547616308817,0.04769651622837996
313,1,representative,W4A4_pooled_p995,4,4,False,99.5,20,0.5843706688387611,0.12186142403459052,0.08409521568798176,0.7357859531772575,0.1976,0.5052083333333334,1.0,0.3117532072808674,0.22386085809196918,0.09018139471943755,0.04847567980766529
313,1,representative,W8A4_channel_p995,8,4,True,99.5,20,0.5879124465686947,0.12969706127371078,0.08342336943323742,0.7235228539576366,0.163,0.5859375,1.0,0.2802932306537394,0.22386085809196918,0.09199684251020826,0.05291433303208038
313,1,representative,W8A4_channel_minmax,8,4,True,100.0,20,0.5832796004502417,0.1237537404356486,0.08465937248297375,0.7235228539576366,0.1925,0.5286458333333333,1.0,0.37286261744018956,0.22386085809196918,0.0897957686750456,0.060435734392264906
313,1,balanced,W8A8_pooled_p995,8,8,False,99.5,128,0.5921805826567277,0.13297408587663595,0.08210288786481024,0.7045707915273133,0.0313,0.89453125,1.0,0.046100231935328584,0.22386085809196918,0.06969876437289386,0.033778518300384995
313,1,balanced,W4A8_pooled_p995,4,8,False,99.5,128,0.5978886375435053,0.12973923943787544,0.08234104468865387,0.7101449275362319,0.1419,0.7005208333333333,1.0,0.1262389299673653,0.22386085809196918,0.06743579277920217,0.034772978814684115
313,1,balanced,W8A4_pooled_p995,8,4,False,99.5,128,0.5825500579212924,0.12841224904504983,0.08324842333294756,0.6722408026755853,0.1528,0.56640625,1.0,0.2693849450762608,0.22386085809196918,0.08978125016491673,0.04651034898644005
313,1,balanced,W4A4_pooled_p995,4,4,False,99.5,128,0.5925523346034501,0.12724110285655701,0.08313332623589534,0.6978818283166109,0.1921,0.55859375,1.0,0.28571791793303675,0.22386085809196918,0.08559004561243666,0.048600180140150495
313,1,balanced,W8A4_channel_p995,8,4,True,99.5,128,0.5838665900996045,0.1278333181642482,0.08369644427594135,0.7224080267558528,0.1557,0.56640625,1.0,0.27463076154141003,0.22386085809196918,0.0931891808709506,0.05031842178052735
313,1,balanced,W8A4_channel_minmax,8,4,True,100.0,128,0.5769186680711309,0.12147087731345621,0.08683437868951517,0.7079152731326644,0.2156,0.51953125,1.0,0.4736009437653017,0.22386085809196918,0.12104973635192812,0.0761915742203044
313,1,majority_only,W8A8_pooled_p995,8,8,False,99.5,0,0.5930206526546005,0.13360708727560738,0.08206177742991753,0.705685618729097,0.0345,0.88671875,1.0,0.04895036383806601,0.22386085809196918,0.06905080216591036,0.033347283162907096
313,1,majority_only,W4A8_pooled_p995,4,8,False,99.5,0,0.5984717082133606,0.13012251270762834,0.08229163758296382,0.7157190635451505,0.144,0.6888020833333333,1.0,0.12646669111009504,0.22386085809196918,0.06801887563975145,0.03472061041005581
313,1,majority_only,W8A4_pooled_p995,8,4,False,99.5,0,0.5854232822408627,0.13423933573490104,0.08346671369326988,0.7558528428093646,0.1657,0.546875,1.0,0.316141107781725,0.22386085809196918,0.08741563396637961,0.04995422567536106
313,1,majority_only,W4A4_pooled_p995,4,4,False,99.5,0,0.5837628596107645,0.12395977374761562,0.08409948832915083,0.7224080267558528,0.1925,0.5143229166666666,1.0,0.3266025255698434,0.22386085809196918,0.09758380869176153,0.05204397196118968
313,1,majority_only,W8A4_channel_p995,8,4,True,99.5,0,0.5815573314247903,0.12914465191242563,0.08335308279599295,0.705685618729097,0.1542,0.53515625,1.0,0.2895293073477252,0.22386085809196918,0.09324889003873656,0.049323614526608134
313,1,majority_only,W8A4_channel_minmax,8,4,True,100.0,0,0.5624918635249677,0.11445565709394757,0.09325942060262797,0.6945373467112598,0.2552,0.5006535947712418,0.99609375,0.679669498009245,0.22386085809196918,0.15810331327721278,0.09397007418821812
313,2,representative,W8A8_pooled_p995,8,8,False,99.5,25,0.5925375159621873,0.1334364599831797,0.08208534496554976,0.7023411371237458,0.0348,0.875,1.0,0.05079197725840071,0.22386085809196918,0.06978701316621225,0.033201876204131474
313,2,representative,W4A8_pooled_p995,4,8,False,99.5,25,0.5987835120204287,0.12998324996263572,0.08229870066168019,0.7123745819397993,0.1439,0.6979166666666665,1.0,0.12724538516558004,0.22386085809196918,0.06870862763102631,0.03485814488428157
313,2,representative,W8A4_pooled_p995,8,4,False,99.5,25,0.5825948812494098,0.13250048282522275,0.08376646224513629,0.7469342251950948,0.1678,0.5390625,1.0,0.31791621543986787,0.22386085809196918,0.0859926111358836,0.051208540272025746
313,2,representative,W4A4_pooled_p995,4,4,False,99.5,25,0.5845904990955118,0.12103227723318022,0.0844648917769583,0.7424749163879598,0.2029,0.4934895833333333,1.0,0.3476960226521143,0.22386085809196918,0.08957397167742048,0.05158105115227268
313,2,representative,W8A4_channel_p995,8,4,True,99.5,25,0.5867906386846631,0.12370514889388592,0.0843800060093323,0.7469342251950948,0.1663,0.5494791666666666,1.0,0.29529431009304097,0.22386085809196918,0.08486639819905825,0.05148612872243516
313,2,representative,W8A4_channel_minmax,8,4,True,100.0,25,0.5309478750007195,0.10303808827241831,0.16442934778193244,0.7369007803790413,0.3549,0.4329004329004329,0.90234375,1.1833769985207283,0.22386085809196918,0.30148950822211285,0.173328490644963
313,2,balanced,W8A8_pooled_p995,8,8,False,99.5,128,0.5923283404309727,0.13270009993654214,0.08209737168740958,0.7034559643255296,0.029,0.90234375,1.0,0.04273875486829187,0.22386085809196918,0.07010889138689837,0.03366031103325883
313,2,balanced,W4A8_pooled_p995,4,8,False,99.5,128,0.598124143718286,0.12972994004461205,0.08233090402444994,0.7112597547380156,0.1403,0.6953125,1.0,0.12443924430412855,0.22386085809196918,0.06881172292445337,0.034516672383561334
313,2,balanced,W8A4_pooled_p995,8,4,False,99.5,128,0.5815122631604537,0.12315577783284253,0.08387436792812034,0.6789297658862876,0.1574,0.5624999999999999,1.0,0.29161159313661433,0.22386085809196918,0.08369158337023905,0.050202795328335235
313,2,balanced,W4A4_pooled_p995,4,4,False,99.5,128,0.5852191279021421,0.12121869995658771,0.08392421223928832,0.6610925306577481,0.1987,0.5169270833333334,1.0,0.32061457773804636,0.22386085809196918,0.08666184462338142,0.05389986268783577
313,2,balanced,W8A4_channel_p995,8,4,True,99.5,128,0.5803768000822005,0.1296956569474887,0.08389971778662689,0.7224080267558528,0.1672,0.546875,1.0,0.31056366147709275,0.22386085809196918,0.09737750929541716,0.05142392417509958
313,2,balanced,W8A4_channel_minmax,8,4,True,100.0,128,0.5660757090505525,0.11488144708091616,0.09509881710765587,0.6956521739130435,0.262,0.48828125,1.0,0.6657297049116142,0.22386085809196918,0.14661367026474678,0.10821552963547515
313,2,majority_only,W8A8_pooled_p995,8,8,False,99.5,0,0.5923527115847851,0.13338974771269885,0.08209601420147748,0.7045707915273133,0.035,0.8841145833333333,1.0,0.05188128547616675,0.22386085809196918,0.06919549961861068,0.033355025571678465
313,2,majority_only,W4A8_pooled_p995,4,8,False,99.5,0,0.5986800877018627,0.13007761134312945,0.08229121969042223,0.7168338907469343,0.1446,0.70703125,1.0,0.12622198736680484,0.22386085809196918,0.06723934514985366,0.03493207762688895
313,2,majority_only,W8A4_pooled_p995,8,4,False,99.5,0,0.586509941777436,0.13285073922222398,0.08356559264840567,0.7547380156075808,0.1584,0.5377604166666666,1.0,0.30835305207718555,0.22386085809196918,0.09116267080176353,0.04819020293587718
313,2,majority_only,W4A4_pooled_p995,4,4,False,99.5,0,0.5808588957956822,0.12001130766815044,0.0844482766458406,0.7614269788182831,0.1991,0.5325520833333333,1.0,0.31490973765688157,0.22386085809196918,0.0916217803864719,0.04843108606317771
313,2,majority_only,W8A4_channel_p995,8,4,True,99.5,0,0.5891936466973842,0.12722839267275132,0.0831122742447132,0.6789297658862876,0.1585,0.5703125,1.0,0.26550985269104377,0.22386085809196918,0.08113396846843107,0.04640615440227547
313,2,majority_only,W8A4_channel_minmax,8,4,True,100.0,0,0.5813172939299538,0.1274978074750002,0.08517603106778274,0.6978818283166109,0.198,0.47265624999999994,1.0,0.42143368039710055,0.22386085809196918,0.10485262637466725,0.06556936397129162
313,3,representative,W8A8_pooled_p995,8,8,False,99.5,20,0.5921373514140351,0.13275800239600494,0.08211168247325427,0.6822742474916388,0.0393,0.8893229166666665,1.0,0.05101782679952764,0.22386085809196918,0.06877005737209926,0.03314436761608583
313,3,representative,W4A8_pooled_p995,4,8,False,99.5,20,0.598371896704028,0.12988449915932776,0.08231335553732727,0.7012263099219621,0.1458,0.7018229166666666,1.0,0.12701177360792723,0.22386085809196918,0.06799408923277041,0.03461519732723943
313,3,representative,W8A4_pooled_p995,8,4,False,99.5,20,0.5880515091071573,0.1286073022511841,0.08357223901929463,0.7469342251950948,0.1552,0.5690104166666667,1.0,0.3113256765519581,0.22386085809196918,0.09116564436906646,0.04850761757350865
313,3,representative,W4A4_pooled_p995,4,4,False,99.5,20,0.5836063453666824,0.12107363973215116,0.0840474532662571,0.7290969899665551,0.1924,0.5078125,1.0,0.31122387453545863,0.22386085809196918,0.08896761754912368,0.04978800742478762
313,3,representative,W8A4_channel_p995,8,4,True,99.5,20,0.5843443381951948,0.1258746778849442,0.08377512766162552,0.738015607580825,0.1625,0.5716145833333333,1.0,0.2797658565656893,0.22386085809196918,0.08648802533605834,0.05313407251500796
313,3,representative,W8A4_channel_minmax,8,4,True,100.0,20,0.56973413765489,0.11934580104371326,0.08833977870188378,0.6845039018952063,0.223,0.5241830065359476,0.99609375,0.5056672364414859,0.22386085809196918,0.12888650541479268,0.07841142689086836
313,3,balanced,W8A8_pooled_p995,8,8,False,99.5,128,0.5921569463115728,0.13296297034344867,0.08209755998022013,0.705685618729097,0.0264,0.9153645833333333,1.0,0.03877868219883608,0.22386085809196918,0.06939638373012616,0.034149957743199684
313,3,balanced,W4A8_pooled_p995,4,8,False,99.5,128,0.5978807383504354,0.12984002302593578,0.08233127012631551,0.7101449275362319,0.1403,0.7096354166666666,1.0,0.12396318408168827,0.22386085809196918,0.0661216661269028,0.03475761597478631
313,3,balanced,W8A4_pooled_p995,8,4,False,99.5,128,0.5867662675308506,0.12773686064309417,0.08317494652605494,0.6020066889632107,0.1729,0.5572916666666666,1.0,0.2524600000950196,0.22386085809196918,0.07638785950403852,0.04516349242716203
313,3,balanced,W4A4_pooled_p995,4,4,False,99.5,128,0.5887918900638072,0.1271640478280053,0.08327534480203166,0.600891861761427,0.207,0.5416666666666666,1.0,0.26814090316278627,0.22386085809196918,0.08025530062371478,0.044176265803627005
313,3,balanced,W8A4_channel_p995,8,4,True,99.5,128,0.5908985252512708,0.13182734032205823,0.08341983429961063,0.717948717948718,0.1593,0.57421875,1.0,0.29664956420414224,0.22386085809196918,0.08541437818326825,0.04967110222688251
313,3,balanced,W8A4_channel_minmax,8,4,True,100.0,128,0.5707170054685685,0.12103731435606854,0.08788253397059537,0.68561872909699,0.2283,0.51953125,1.0,0.4841312799874963,0.22386085809196918,0.12091783280352986,0.07444722367460431
313,3,majority_only,W8A8_pooled_p995,8,8,False,99.5,0,0.5923746946104602,0.1334499687210856,0.08208814720358638,0.7023411371237458,0.0355,0.8854166666666665,1.0,0.0522625780776426,0.22386085809196918,0.06940482669305904,0.03342687185918726
313,3,majority_only,W4A8_pooled_p995,4,8,False,99.5,0,0.5987588346963422,0.13016019172830112,0.08228648612455253,0.7168338907469343,0.144,0.70703125,1.0,0.1259899608070467,0.22386085809196918,0.0676509620784723,0.03502115246134653
313,3,majority_only,W8A4_pooled_p995,8,4,False,99.5,0,0.5849512289123693,0.13284446441680034,0.08356736866229474,0.750278706800446,0.1576,0.5598958333333333,1.0,0.312971072586124,0.22386085809196918,0.09138190160940171,0.04698084009896567
313,3,majority_only,W4A4_pooled_p995,4,4,False,99.5,0,0.5816491212729433,0.12057905502222731,0.08431416741645353,0.7346711259754738,0.1931,0.5221354166666666,1.0,0.3100103227083981,0.22386085809196918,0.08817520267096116,0.04675152639047309
313,3,majority_only,W8A4_channel_p995,8,4,True,99.5,0,0.5834178057119371,0.12138470720633926,0.08444728919768545,0.7268673355629878,0.1672,0.5716145833333333,1.0,0.282816434527933,0.22386085809196918,0.093863155975869,0.05808121366431876
313,3,majority_only,W8A4_channel_minmax,8,4,True,100.0,0,0.5667092978156221,0.1120500420553025,0.09410602968560608,0.7068004459308808,0.257,0.5144356955380577,0.9921875,0.6785983059817423,0.22386085809196918,0.14742103900706555,0.10697307701982518
313,4,representative,W8A8_pooled_p995,8,8,False,99.5,18,0.5920129850487258,0.13279947791849706,0.08210670909317319,0.7023411371237458,0.0292,0.8932291666666666,1.0,0.04572277615384431,0.22386085809196918,0.06944362209263737,0.033531189154060836
313,4,representative,W4A8_pooled_p995,4,8,False,99.5,18,0.5981745393453908,0.13000140563543716,0.08231109481689973,0.7134894091415831,0.1416,0.703125,1.0,0.12558999021207168,0.22386085809196918,0.06922309993611328,0.03429106847045459
313,4,representative,W8A4_pooled_p995,8,4,False,99.5,18,0.5793001829306152,0.1231216392653659,0.08389313385283807,0.6833890746934225,0.1549,0.5611979166666666,1.0,0.29497162778965413,0.22386085809196918,0.08313422867126266,0.05055165459959307
313,4,representative,W4A4_pooled_p995,4,4,False,99.5,18,0.5864600972568246,0.12217674836431866,0.08405210620261641,0.6945373467112598,0.1987,0.5416666666666666,1.0,0.31704293831941777,0.22386085809196918,0.08409527711135625,0.05073044312817937
313,4,representative,W8A4_channel_p995,8,4,True,99.5,18,0.5803039315569823,0.13035873630754247,0.08358023481975378,0.7123745819397993,0.1698,0.5572916666666667,1.0,0.3068682153841606,0.22386085809196918,0.09372385397709211,0.048269501293838356
313,4,representative,W8A4_channel_minmax,8,4,True,100.0,18,0.558842926199125,0.11792301919280905,0.09029107435032253,0.6755852842809364,0.2373,0.50390625,1.0,0.6036949041037873,0.22386085809196918,0.136882678122503,0.09296036085796652
313,4,balanced,W8A8_pooled_p995,8,8,False,99.5,128,0.5921651516749167,0.13362301738675642,0.08209206433340302,0.7012263099219621,0.0309,0.8841145833333333,1.0,0.04666311042886822,0.22386085809196918,0.0697052199654491,0.033448606072875225
313,4,balanced,W4A8_pooled_p995,4,8,False,99.5,128,0.5982227917805772,0.12971553754823562,0.08231721780587348,0.7112597547380156,0.1424,0.69921875,1.0,0.12596261007444703,0.22386085809196918,0.06759180317651015,0.03438692237320827
313,4,balanced,W8A4_pooled_p995,8,4,False,99.5,128,0.5884405290573348,0.12792049553966944,0.08331911147020667,0.7023411371237458,0.1464,0.5403645833333333,1.0,0.292513375817095,0.22386085809196918,0.07474124279060929,0.048554677431958
313,4,balanced,W4A4_pooled_p995,4,4,False,99.5,128,0.5935340389700874,0.12653504569042787,0.08333497058639022,0.68561872909699,0.1975,0.5026041666666667,1.0,0.3014153648927683,0.22386085809196918,0.08849033827576044,0.04562186909150112
313,4,balanced,W8A4_channel_p995,8,4,True,99.5,128,0.5848775643444386,0.13049071261982972,0.08334510412655112,0.7134894091415831,0.1622,0.5833333333333333,1.0,0.2837809381368752,0.22386085809196918,0.09120661802128854,0.050891527712261936
313,4,balanced,W8A4_channel_minmax,8,4,True,100.0,128,0.5559716613693086,0.10903460758721165,0.09913525160414513,0.68561872909699,0.2738,0.5176470588235295,0.99609375,0.7235765134702195,0.22386085809196918,0.16476412888629988,0.11116799650084494
313,4,majority_only,W8A8_pooled_p995,8,8,False,99.5,0,0.5918037482834564,0.13374959520783625,0.08208694486547773,0.6833890746934225,0.0376,0.8697916666666665,1.0,0.05136752104922684,0.22386085809196918,0.07108758326419032,0.03328658604492013
313,4,majority_only,W4A8_pooled_p995,4,8,False,99.5,0,0.5990596163735453,0.1303388414513813,0.08226500444769194,0.7045707915273133,0.1452,0.703125,1.0,0.12564060803026084,0.22386085809196918,0.0670186210665969,0.03472430829891494
313,4,majority_only,W8A4_pooled_p995,8,4,False,99.5,0,0.5871483680328352,0.13317474484681482,0.08351745021513639,0.7658862876254181,0.1639,0.5377604166666667,1.0,0.3007339605010875,0.22386085809196918,0.08715608128897284,0.04897059729459921
313,4,majority_only,W4A4_pooled_p995,4,4,False,99.5,0,0.5835730952749232,0.1227620876895363,0.08418651124347497,0.7402452619843924,0.1967,0.5130208333333333,1.0,0.32174430490684663,0.22386085809196918,0.09674924083354228,0.04791404856365147
313,4,majority_only,W8A4_channel_p995,8,4,True,99.5,0,0.5793479454933634,0.1279306385925463,0.0837009349510507,0.7235228539576366,0.1676,0.5559895833333333,1.0,0.2888338748538192,0.22386085809196918,0.09542480554116797,0.050746066713129714
313,4,majority_only,W8A4_channel_minmax,8,4,True,100.0,0,0.5473282908313882,0.11145209976227413,0.09303986037291724,0.6633221850613155,0.2455,0.5104986876640418,0.9921875,0.6554547289808825,0.22386085809196918,0.13895177377104212,0.09298463182658878
313,5,representative,W8A8_pooled_p995,8,8,False,99.5,25,0.5923819202289272,0.1327701170565637,0.08209207783060829,0.7045707915273133,0.0344,0.8854166666666665,1.0,0.05177789751516537,0.22386085809196918,0.06946687154017911,0.03349628221209783
313,5,representative,W4A8_pooled_p995,4,8,False,99.5,25,0.5988319481577796,0.1303919239267042,0.08228702704800837,0.7224080267558528,0.1434,0.7070312499999999,1.0,0.12565263346462724,0.22386085809196918,0.06798211128336037,0.035143286330044196
313,5,representative,W8A4_pooled_p995,8,4,False,99.5,25,0.5877608310489969,0.1331901190274157,0.08352613984884735,0.7525083612040134,0.1586,0.53515625,1.0,0.3100364081847019,0.22386085809196918,0.08962500862768352,0.04827955503439161
313,5,representative,W4A4_pooled_p995,4,4,False,99.5,25,0.5821944717650386,0.1207008590285105,0.08437551851100258,0.745819397993311,0.1971,0.5299479166666666,1.0,0.312097983869512,0.22386085809196918,0.09062502489094587,0.04685295552542546
313,5,representative,W8A4_channel_p995,8,4,True,99.5,25,0.5798340214204072,0.12229163152260274,0.08366619466917759,0.7212931995540691,0.1577,0.5647058823529412,0.99609375,0.284604122246206,0.22386085809196918,0.0794673238215376,0.05370442973321453
313,5,representative,W8A4_channel_minmax,8,4,True,100.0,25,0.5665424962503327,0.11721664295388051,0.08851095172127246,0.6811594202898551,0.2303,0.5221354166666667,1.0,0.5310392831482471,0.22386085809196918,0.12801658854596987,0.08969390921433545
313,5,balanced,W8A8_pooled_p995,8,8,False,99.5,128,0.5928729561144102,0.13329434453015537,0.08208716256173669,0.7034559643255296,0.0299,0.8880208333333333,1.0,0.04547467631607163,0.22386085809196918,0.06926826320188702,0.03354182339042613
313,5,balanced,W4A8_pooled_p995,4,8,False,99.5,128,0.598026720337091,0.1297518440652127,0.08233035955107204,0.7146042363433668,0.1419,0.6953124999999999,1.0,0.1252366910470562,0.22386085809196918,0.06695076131756794,0.034449425433328906
313,5,balanced,W8A4_pooled_p995,8,4,False,99.5,128,0.5755391872844791,0.12469877953126093,0.08373039063863179,0.6833890746934225,0.1524,0.5690104166666667,1.0,0.29814352308793635,0.22386085809196918,0.08690230088167737,0.048501134954921456
313,5,balanced,W4A4_pooled_p995,4,4,False,99.5,128,0.5901182809249428,0.12443146492532256,0.08372742696542966,0.6956521739130435,0.1927,0.5559895833333334,1.0,0.3003917659165394,0.22386085809196918,0.08387859361290403,0.050554403727648085
313,5,balanced,W8A4_channel_p995,8,4,True,99.5,128,0.588879332294069,0.12797949568227382,0.08387957500243369,0.7391304347826086,0.1674,0.5611979166666666,1.0,0.3044493105260462,0.22386085809196918,0.09786957988630782,0.05306710019789461
313,5,balanced,W8A4_channel_minmax,8,4,True,100.0,128,0.5595406270195756,0.10804459493232209,0.09958151509080489,0.6789297658862876,0.2774,0.5124183006535948,0.99609375,0.6839563813426439,0.22386085809196918,0.1565860934269876,0.10337473847032698
313,5,majority_only,W8A8_pooled_p995,8,8,False,99.5,0,0.5919546902285512,0.13308093957586836,0.08210938978437668,0.68561872909699,0.0394,0.8841145833333333,1.0,0.051828602662294165,0.22386085809196918,0.07035330151984703,0.033312511758010116
313,5,majority_only,W4A8_pooled_p995,4,8,False,99.5,0,0.5980592356201926,0.12993237401729818,0.08231332985877578,0.7023411371237458,0.1451,0.7057291666666665,1.0,0.12716303577562443,0.22386085809196918,0.06617428352062876,0.03522602515800859
313,5,majority_only,W8A4_pooled_p995,8,4,False,99.5,0,0.5810138791883941,0.1266657660444755,0.08391955744147708,0.7591973244147158,0.1587,0.5611979166666667,1.0,0.2987368178658306,0.22386085809196918,0.09001166187133054,0.04728181959613552
313,5,majority_only,W4A4_pooled_p995,4,4,False,99.5,0,0.5865871579205454,0.12321445590833523,0.08397864694785713,0.7603121516164995,0.1973,0.5260416666666666,1.0,0.3052374645210827,0.22386085809196918,0.08426987581661752,0.04887057762384625
313,5,majority_only,W8A4_channel_p995,8,4,True,99.5,0,0.582710491144882,0.12881105602552748,0.0833346130495026,0.7424749163879598,0.1737,0.578125,1.0,0.28954226714979686,0.22386085809196918,0.08960090501330709,0.04859942901670107
313,5,majority_only,W8A4_channel_minmax,8,4,True,100.0,0,0.5806099181288441,0.12938542464123287,0.08527979623006152,0.6889632107023411,0.2101,0.51953125,1.0,0.4065782481807255,0.22386085809196918,0.10379028354910085,0.06665306644275679
313,6,representative,W8A8_pooled_p995,8,8,False,99.5,25,0.5921022643006318,0.1328662618411542,0.08210494973652137,0.7023411371237458,0.0306,0.8919270833333333,1.0,0.04584008122056464,0.22386085809196918,0.06952892324515034,0.033679608795778415
313,6,representative,W4A8_pooled_p995,4,8,False,99.5,25,0.5978335881282354,0.12974361483226313,0.08234141029693674,0.7123745819397993,0.1426,0.7005208333333333,1.0,0.12644493427193593,0.22386085809196918,0.06755222829288919,0.034862363028897114
313,6,representative,W8A4_pooled_p995,8,4,False,99.5,25,0.5825313815345768,0.12871020391182758,0.08322556626292443,0.6711259754738016,0.1514,0.57421875,1.0,0.26954332265673087,0.22386085809196918,0.09131982146008319,0.046088212172971675
313,6,representative,W4A4_pooled_p995,4,4,False,99.5,25,0.5928814676480281,0.12650496571635877,0.08316392738376131,0.7012263099219621,0.1924,0.5625,1.0,0.28780291954386106,0.22386085809196918,0.08545363383408125,0.048110981734775064
313,6,representative,W8A4_channel_p995,8,4,True,99.5,25,0.5861301681695341,0.13052470788831075,0.08366565355160258,0.7134894091415831,0.1605,0.58984375,1.0,0.29540000337743283,0.22386085809196918,0.09793854860332753,0.050886777026744205
313,6,representative,W8A4_channel_minmax,8,4,True,100.0,25,0.5764218761844964,0.12492502848115475,0.08516055946716669,0.6833890746934225,0.2027,0.5234375000000001,1.0,0.4208724948265662,0.22386085809196918,0.10805646651332868,0.06943874057948357
313,6,balanced,W8A8_pooled_p995,8,8,False,99.5,128,0.5926023015921711,0.13328075172349946,0.0820697073694706,0.705685618729097,0.025,0.9036458333333333,1.0,0.03871667380091705,0.22386085809196918,0.06900199039042565,0.03390252779234365
313,6,balanced,W4A8_pooled_p995,4,8,False,99.5,128,0.5978703897951734,0.13004244199790754,0.08231668568327354,0.7112597547380156,0.1405,0.70703125,1.0,0.12405089008233167,0.22386085809196918,0.0704497848393808,0.034655877133859474
313,6,balanced,W8A4_pooled_p995,8,4,False,99.5,128,0.5875994180805304,0.1301147286395193,0.08297440872356417,0.6142697881828316,0.1748,0.5481770833333333,1.0,0.26714580737605254,0.22386085809196918,0.07712750720254166,0.04477202498210961
313,6,balanced,W4A4_pooled_p995,4,4,False,99.5,128,0.5844563965154883,0.12339237825059812,0.08365193450703709,0.6086956521739131,0.2102,0.5130208333333333,1.0,0.2935169637814855,0.22386085809196918,0.08369161480533817,0.046217156073022056
313,6,balanced,W8A4_channel_p995,8,4,True,99.5,128,0.5930120186528729,0.1332321549360479,0.08340118040646856,0.717948717948718,0.1691,0.5572916666666666,1.0,0.3160837391789496,0.22386085809196918,0.09905435638022943,0.05480461802834506
313,6,balanced,W8A4_channel_minmax,8,4,True,100.0,128,0.5592523983236075,0.11200750719723665,0.09534268978786438,0.6900780379041248,0.2605,0.48697916666666663,1.0,0.714297543665777,0.22386085809196918,0.14419630771672864,0.10436594044671357
313,6,majority_only,W8A8_pooled_p995,8,8,False,99.5,0,0.5920047796853819,0.1333498483130006,0.08208889074190324,0.7034559643255296,0.036,0.8880208333333333,1.0,0.051811692487225294,0.22386085809196918,0.07023417620522626,0.03323462827624531
313,6,majority_only,W4A8_pooled_p995,4,8,False,99.5,0,0.5983540163600249,0.12994726179557695,0.08230834214777095,0.7212931995540691,0.1452,0.6979166666666666,1.0,0.12734284479308183,0.22386085809196918,0.06618461291404637,0.03479721321425741
313,6,majority_only,W8A4_pooled_p995,8,4,False,99.5,0,0.5847407674660038,0.13145876363126013,0.08364228360638296,0.745819397993311,0.1566,0.5559895833333334,1.0,0.3045752503822857,0.22386085809196918,0.09258974894968562,0.04800143844571085
313,6,majority_only,W4A4_pooled_p995,4,4,False,99.5,0,0.5843576872191423,0.12128119590629818,0.08432475811058807,0.7625418060200669,0.2004,0.5234375,1.0,0.3138832924796605,0.22386085809196918,0.09135668000631093,0.048486640421271876
313,6,majority_only,W8A4_channel_p995,8,4,True,99.5,0,0.5770178060058606,0.12248861126381591,0.08391164020924605,0.7224080267558528,0.1582,0.5820312499999999,1.0,0.28891646489404055,0.22386085809196918,0.08924505966622825,0.05142872303574275
313,6,majority_only,W8A4_channel_minmax,8,4,True,100.0,0,0.5640424322607454,0.11963782904143287,0.0888480205344336,0.6878483835005574,0.2262,0.5091145833333333,1.0,0.5357172968764917,0.22386085809196918,0.12268293401722488,0.08224329453174833
313,7,representative,W8A8_pooled_p995,8,8,False,99.5,24,0.5926732718616904,0.13335673226650308,0.08206789395181416,0.7045707915273133,0.0354,0.8828124999999999,1.0,0.048623411801213226,0.22386085809196918,0.0708919896568399,0.03345820112019825
313,7,representative,W4A8_pooled_p995,4,8,False,99.5,24,0.5982506532755136,0.12982698056280423,0.08230852585543343,0.717948717948718,0.1435,0.7057291666666666,1.0,0.1252270561876749,0.22386085809196918,0.0679952437996407,0.03445789802652207
313,7,representative,W8A4_pooled_p995,8,4,False,99.5,24,0.5845082617599084,0.13375484747989713,0.08355106147832564,0.7736900780379041,0.1648,0.55078125,1.0,0.31034753607665727,0.22386085809196918,0.08766580550604267,0.05062813699578157
313,7,representative,W4A4_pooled_p995,4,4,False,99.5,24,0.5819063043031252,0.12341795543137468,0.08428117794167501,0.725752508361204,0.1953,0.5208333333333333,1.0,0.3331237534568412,0.22386085809196918,0.09847586004140729,0.052542057055394074
313,7,representative,W8A4_channel_p995,8,4,True,99.5,24,0.5841131184042503,0.12777207034488103,0.08352122052420453,0.7268673355629878,0.165,0.57421875,1.0,0.2847779194009818,0.22386085809196918,0.09381331707906784,0.0525099213132897
313,7,representative,W8A4_channel_minmax,8,4,True,100.0,24,0.5737695231006085,0.11780088579227949,0.08847128998038171,0.6956521739130435,0.2184,0.5065104166666666,1.0,0.4948890478486198,0.22386085809196918,0.1119533440984497,0.08093665378748682
313,7,balanced,W8A8_pooled_p995,8,8,False,99.5,128,0.5921630084829985,0.13324071407670002,0.08212273708449373,0.6978818283166109,0.0313,0.89453125,1.0,0.04794795035530589,0.22386085809196918,0.0708063183015073,0.03351412943531548
313,7,balanced,W4A8_pooled_p995,4,8,False,99.5,128,0.5978996596733701,0.1300326963767205,0.08233397940568712,0.7112597547380156,0.1434,0.7005208333333333,1.0,0.12600444768454683,0.22386085809196918,0.06835598476461,0.03529173333653111
313,7,balanced,W8A4_pooled_p995,8,4,False,99.5,128,0.5829631428550084,0.12876907185668102,0.083346896530491,0.6833890746934225,0.1441,0.5859375,1.0,0.26234612913936634,0.22386085809196918,0.08752253144277868,0.04504265591197968
313,7,balanced,W4A4_pooled_p995,4,4,False,99.5,128,0.5950211079910319,0.12829538468527643,0.08303664402868044,0.7068004459308808,0.1864,0.5520833333333334,1.0,0.26508063864772513,0.22386085809196918,0.07989487397527203,0.045327334631314956
313,7,balanced,W8A4_channel_p995,8,4,True,99.5,128,0.5862740069642716,0.12979563683106837,0.0832157522009418,0.6833890746934225,0.1529,0.578125,1.0,0.26076776836859394,0.22386085809196918,0.08067543731952379,0.04325126109857903
313,7,balanced,W8A4_channel_minmax,8,4,True,100.0,128,0.5616724294035643,0.1158492172677725,0.0901819499554122,0.6655518394648829,0.2436,0.5403645833333334,1.0,0.5450921817670231,0.22386085809196918,0.13292708930832417,0.09014507286158575
313,7,majority_only,W8A8_pooled_p995,8,8,False,99.5,0,0.592419701640742,0.13324807815413503,0.08209908352548005,0.7023411371237458,0.035,0.8841145833333333,1.0,0.05130212497179275,0.22386085809196918,0.06914308449103833,0.0333643460593334
313,7,majority_only,W4A8_pooled_p995,4,8,False,99.5,0,0.5985901961094087,0.13025557964558054,0.08228745040532055,0.7134894091415831,0.1445,0.70703125,1.0,0.12597408609103006,0.22386085809196918,0.06747864550972518,0.03498307275598144
313,7,majority_only,W8A4_pooled_p995,8,4,False,99.5,0,0.5837377536482944,0.13244290074766818,0.08360712428924387,0.7480490523968785,0.1577,0.5598958333333334,1.0,0.3163633927063883,0.22386085809196918,0.09205977480058453,0.047510005537981626
313,7,majority_only,W4A4_pooled_p995,4,4,False,99.5,0,0.5808474450274335,0.11994037036102764,0.08444574599500049,0.7369007803790413,0.1932,0.5247395833333333,1.0,0.308266277941995,0.22386085809196918,0.08879556750995628,0.04631568468983342
313,7,majority_only,W8A4_channel_p995,8,4,True,99.5,0,0.589916147310031,0.13068037335992178,0.0835467699760195,0.7290969899665551,0.1592,0.5677083333333333,1.0,0.27906800426485057,0.22386085809196918,0.08863789000405352,0.04754020294273261
313,7,majority_only,W8A4_channel_minmax,8,4,True,100.0,0,0.5655003538716027,0.12443396658729347,0.08821091961945365,0.6800445930880713,0.2316,0.5234375,1.0,0.5453846644363682,0.22386085809196918,0.12052676821441005,0.09040950734008948
313,8,representative,W8A8_pooled_p995,8,8,False,99.5,28,0.5923560794577993,0.13293910865145703,0.0821093546312876,0.7023411371237458,0.0293,0.89453125,1.0,0.046321738966359355,0.22386085809196918,0.07023191888546339,0.03371793598335292
313,8,representative,W4A8_pooled_p995,4,8,False,99.5,28,0.5988114347494198,0.1297127490061942,0.08232381173512042,0.7224080267558528,0.1423,0.7057291666666665,1.0,0.12516924707403423,0.22386085809196918,0.06851679664279502,0.03485523035084746
313,8,representative,W8A4_pooled_p995,8,4,False,99.5,28,0.576442389592856,0.1241256478593647,0.08381098226950057,0.6811594202898551,0.1467,0.5677083333333333,1.0,0.2876165267330013,0.22386085809196918,0.08342260034434529,0.05084640273598278
313,8,representative,W4A4_pooled_p995,4,4,False,99.5,28,0.591685321621463,0.1266115152410683,0.0834499682704572,0.6889632107023411,0.196,0.55078125,1.0,0.3015551995415525,0.22386085809196918,0.08562378185394845,0.049610812950726196
313,8,representative,W8A4_channel_p995,8,4,True,99.5,28,0.5849269189926116,0.13189236601024662,0.08367138061981852,0.725752508361204,0.1642,0.5403645833333333,1.0,0.2772843985744188,0.22386085809196918,0.08574577976231412,0.052623047759302446
313,8,representative,W8A4_channel_minmax,8,4,True,100.0,28,0.568535481032078,0.11669895188700588,0.08991747908753761,0.6989966555183946,0.23,0.5104166666666667,1.0,0.5825512693620067,0.22386085809196918,0.12643560279061244,0.08238046325172858
313,8,balanced,W8A8_pooled_p995,8,8,False,99.5,128,0.592096569533535,0.13297295768923834,0.08209195731070054,0.6889632107023411,0.0287,0.9036458333333333,1.0,0.03857298955696541,0.22386085809196918,0.0701021162052984,0.0340425538906549
313,8,balanced,W4A8_pooled_p995,4,8,False,99.5,128,0.5978863106494227,0.12983737590038807,0.08232222233355072,0.6945373467112598,0.1417,0.7005208333333333,1.0,0.12316940499958261,0.22386085809196918,0.06739513572771788,0.03440497166148202
313,8,balanced,W8A4_pooled_p995,8,4,False,99.5,128,0.5851515867396919,0.13019394972421078,0.0831672811791343,0.6075808249721293,0.1822,0.5555555555555555,0.99609375,0.2900245821582855,0.22386085809196918,0.08778248372386399,0.04614054641860411
313,8,balanced,W4A4_pooled_p995,4,4,False,99.5,128,0.5844764200514097,0.12362949350759411,0.08369275994815446,0.5942028985507246,0.2183,0.5416666666666666,1.0,0.306797065943736,0.22386085809196918,0.08094772818285284,0.04445661889930588
313,8,balanced,W8A4_channel_p995,8,4,True,99.5,128,0.5781055065213656,0.1274713994607661,0.08414454797534504,0.6978818283166109,0.172,0.5403645833333333,1.0,0.33219671249536226,0.22386085809196918,0.10058415943380111,0.05327297538445161
313,8,balanced,W8A4_channel_minmax,8,4,True,100.0,128,0.544356663385746,0.10727434534054076,0.09698959732832123,0.6510590858416946,0.2741,0.4823529411764705,0.99609375,0.6865909487880958,0.22386085809196918,0.1562095151073296,0.10048240976875805
313,8,majority_only,W8A8_pooled_p995,8,8,False,99.5,0,0.5915563627020433,0.1331962268626062,0.0821404072547828,0.6989966555183946,0.0382,0.8763020833333333,1.0,0.054531817284605544,0.22386085809196918,0.07204266784660948,0.03382159642037675
313,8,majority_only,W4A8_pooled_p995,4,8,False,99.5,0,0.5983008039663992,0.13020915711677192,0.08231132281520724,0.7157190635451505,0.145,0.6966145833333333,1.0,0.13012894588197876,0.22386085809196918,0.06810093229752287,0.03553503982380591
313,8,majority_only,W8A4_pooled_p995,8,4,False,99.5,0,0.5809547883255071,0.12440845659707137,0.08405940338708744,0.7736900780379041,0.1569,0.5403645833333334,1.0,0.3091352290230288,0.22386085809196918,0.08367393789951925,0.04508620625337425
313,8,majority_only,W4A4_pooled_p995,4,4,False,99.5,0,0.586361877832917,0.12601555070826928,0.08382143774827511,0.778149386845039,0.1978,0.5234375,1.0,0.3089193099732238,0.22386085809196918,0.08854234153614757,0.05119940775559678
313,8,majority_only,W8A4_channel_p995,8,4,True,99.5,0,0.5790774746732887,0.1295442603931565,0.08338363002501974,0.7324414715719063,0.1588,0.5690104166666666,1.0,0.2913556732436672,0.22386085809196918,0.08906246026050366,0.05311221430979941
313,8,majority_only,W8A4_channel_minmax,8,4,True,100.0,0,0.5804109686847819,0.12373458405251653,0.08520558217652462,0.705685618729097,0.1979,0.5286458333333333,1.0,0.4081813940288779,0.22386085809196918,0.09746222880902815,0.0682994130531699
313,9,representative,W8A8_pooled_p995,8,8,False,99.5,22,0.5923862066127635,0.1334000958841517,0.0820935668724333,0.6978818283166109,0.0294,0.8736979166666666,1.0,0.04754436977398557,0.22386085809196918,0.0710881221709648,0.033466512286810204
313,9,representative,W4A8_pooled_p995,4,8,False,99.5,22,0.5987017645572638,0.12987841802348687,0.08230873574048263,0.7101449275362319,0.1439,0.7018229166666665,1.0,0.125471822014609,0.22386085809196918,0.06647572995945827,0.034836369367936486
313,9,representative,W8A4_pooled_p995,8,4,False,99.5,22,0.5870115099203455,0.12884233392454336,0.08334148680388126,0.717948717948718,0.1521,0.5677083333333333,1.0,0.30122133725007416,0.22386085809196918,0.08944382185588218,0.047747884084347325
313,9,representative,W4A4_pooled_p995,4,4,False,99.5,22,0.5850012571351452,0.12276463009003072,0.08412142652524339,0.7090301003344481,0.1944,0.5247395833333333,1.0,0.3193770874081904,0.22386085809196918,0.0861431966747159,0.04977074941884617
313,9,representative,W8A4_channel_p995,8,4,True,99.5,22,0.5779910600729347,0.1260661261873141,0.08357618043079063,0.725752508361204,0.1766,0.5546875,1.0,0.3051043977389547,0.22386085809196918,0.08332279976052673,0.04737806838105456
313,9,representative,W8A4_channel_minmax,8,4,True,100.0,22,0.5603042156829967,0.10940098435685774,0.09683729899751768,0.705685618729097,0.2799,0.496,0.9765625,0.6858472669306441,0.22386085809196918,0.14325562997060326,0.09287431777987287
313,9,balanced,W8A8_pooled_p995,8,8,False,99.5,128,0.5923707756309526,0.13302460455651965,0.08209299720475495,0.693422519509476,0.0283,0.8984375,1.0,0.039530502903811986,0.22386085809196918,0.06800741580085932,0.033904520852957434
313,9,balanced,W4A8_pooled_p995,4,8,False,99.5,128,0.5977626178587161,0.13001161235938755,0.08232714367092894,0.7023411371237458,0.1431,0.69921875,1.0,0.12432860319619093,0.22386085809196918,0.06793937836634652,0.03441742869947845
313,9,balanced,W8A4_pooled_p995,8,4,False,99.5,128,0.585011666924462,0.1257664516227867,0.08334662402076083,0.5886287625418061,0.1811,0.5638020833333333,1.0,0.25990509686319774,0.22386085809196918,0.08321006930436949,0.044994758220714456
313,9,balanced,W4A4_pooled_p995,4,4,False,99.5,128,0.5878521922587663,0.1281614446260464,0.08315484129995603,0.5897435897435898,0.2112,0.5364583333333334,1.0,0.2686576621967163,0.22386085809196918,0.081482179180826,0.045774365956920096
313,9,balanced,W8A4_channel_p995,8,4,True,99.5,128,0.5831483758707943,0.1253266703515493,0.08399801002480208,0.7101449275362319,0.1681,0.5703125,1.0,0.3040655215980713,0.22386085809196918,0.0922405020169488,0.049700911544055065
313,9,balanced,W8A4_channel_minmax,8,4,True,100.0,128,0.5763629077897189,0.11804123646513456,0.08788820020811433,0.7123745819397993,0.2166,0.49803921568627446,0.99609375,0.5193924926543765,0.22386085809196918,0.12334753479826183,0.07804934736223676
313,9,majority_only,W8A8_pooled_p995,8,8,False,99.5,0,0.5920982228530146,0.13343817124528767,0.08209876581864563,0.6811594202898551,0.0413,0.8854166666666666,1.0,0.05333449872021268,0.22386085809196918,0.0677341485771383,0.03338624807212322
313,9,majority_only,W4A8_pooled_p995,4,8,False,99.5,0,0.5985263289902468,0.13029086143595103,0.08227506890801388,0.6978818283166109,0.1448,0.7018229166666667,1.0,0.12775799295593748,0.22386085809196918,0.06839808180284164,0.03499205255047684
313,9,majority_only,W8A4_pooled_p995,8,4,False,99.5,0,0.5772165717477583,0.1262117131404469,0.08418097772796773,0.7714604236343366,0.1667,0.5403645833333334,1.0,0.30370135885652666,0.22386085809196918,0.0862145014012822,0.04949782836997628
313,9,majority_only,W4A4_pooled_p995,4,4,False,99.5,0,0.5832243673328075,0.12477480110242793,0.0843050534828636,0.7814938684503902,0.2025,0.5247395833333333,1.0,0.3382980647850944,0.22386085809196918,0.10130709451483688,0.05079189665598355
313,9,majority_only,W8A4_channel_p995,8,4,True,99.5,0,0.5890280698131908,0.13394451000943816,0.08255171946410583,0.6744704570791528,0.1604,0.578125,1.0,0.2723476943791812,0.22386085809196918,0.08675250490275616,0.04764172877891374
313,9,majority_only,W8A4_channel_minmax,8,4,True,100.0,0,0.5580365349313952,0.10939173429572058,0.09666669795947995,0.693422519509476,0.267,0.4881889763779528,0.9921875,0.7105419654819589,0.22386085809196918,0.15430768750503426,0.10265360879112567
313,10,representative,W8A8_pooled_p995,8,8,False,99.5,22,0.5921546194174903,0.1334186549415018,0.08211214448476158,0.7045707915273133,0.0352,0.89453125,1.0,0.05140628020986334,0.22386085809196918,0.06993789600394626,0.03333812619265859
313,10,representative,W4A8_pooled_p995,4,8,False,99.5,22,0.5984069838174314,0.13009291961688788,0.08229030161273525,0.7146042363433668,0.1437,0.7018229166666665,1.0,0.1279819313447159,0.22386085809196918,0.06624031484210666,0.03515685719680931
313,10,representative,W8A4_pooled_p995,8,4,False,99.5,22,0.5868903889599408,0.1291187578087132,0.08373284145534396,0.7491638795986622,0.1585,0.5620915032679737,0.99609375,0.30529303148784437,0.22386085809196918,0.08878523359755908,0.048374868321171396
313,10,representative,W4A4_pooled_p995,4,4,False,99.5,22,0.586678764066534,0.12220719967417049,0.08411744200652115,0.7447045707915273,0.1988,0.49739583333333337,1.0,0.31196159965011866,0.22386085809196918,0.09116988426960651,0.047442288004805336
313,10,representative,W8A4_channel_p995,8,4,True,99.5,22,0.5848972817100859,0.13121823736097515,0.08326496271669546,0.7391304347826086,0.1711,0.5651041666666667,1.0,0.26992613203080046,0.22386085809196918,0.08815728531550646,0.04897491744101806
313,10,representative,W8A4_channel_minmax,8,4,True,100.0,22,0.5829548150235548,0.12730045823831604,0.08468269824512965,0.7123745819397993,0.2034,0.5403645833333333,1.0,0.37307797417972627,0.22386085809196918,0.09824021205208358,0.06822018153042408
313,10,balanced,W8A8_pooled_p995,8,8,False,99.5,128,0.5919441579711248,0.13321692227820423,0.08210077800799297,0.7012263099219621,0.0297,0.8893229166666666,1.0,0.0458394471319409,0.22386085809196918,0.07044518189042037,0.03342102610549154
313,10,balanced,W4A8_pooled_p995,4,8,False,99.5,128,0.598607341644754,0.1297339807250561,0.08232443809063564,0.7134894091415831,0.1432,0.7005208333333333,1.0,0.12468577386822983,0.22386085809196918,0.06790872257313224,0.034354439064671706
313,10,balanced,W8A4_pooled_p995,8,4,False,99.5,128,0.5783222138413212,0.12362068761243711,0.08386378537608033,0.6878483835005574,0.1514,0.5690104166666666,1.0,0.2948947908932487,0.22386085809196918,0.09732454327060841,0.04944809217107175
313,10,balanced,W4A4_pooled_p995,4,4,False,99.5,128,0.5878929129052117,0.12248469451683397,0.08397129207746648,0.6967670011148273,0.1946,0.546875,1.0,0.29754909767343113,0.22386085809196918,0.08884762937563087,0.050958694290450454
313,10,balanced,W8A4_channel_p995,8,4,True,99.5,128,0.5797260045477308,0.12919337204956902,0.0842322441215275,0.738015607580825,0.1755,0.5481770833333333,1.0,0.3104408100758229,0.22386085809196918,0.09174106665921496,0.049789304237287633
313,10,balanced,W8A4_channel_minmax,8,4,True,100.0,128,0.5527060492265465,0.11206881460343496,0.09664721621928164,0.6700111482720178,0.2755,0.49542483660130715,0.99609375,0.6889058891116925,0.22386085809196918,0.16041767807509827,0.10087734169358434
313,10,majority_only,W8A8_pooled_p995,8,8,False,99.5,0,0.5924614632661191,0.13348922195514099,0.0820457052822711,0.6833890746934225,0.0403,0.8854166666666666,1.0,0.05307964180218498,0.22386085809196918,0.06810378329289775,0.033222812561342074
313,10,majority_only,W4A8_pooled_p995,4,8,False,99.5,0,0.5983227257580194,0.13016666253580586,0.08228298332352088,0.6956521739130435,0.1449,0.703125,1.0,0.1273890640469682,0.22386085809196918,0.06794605277902485,0.03460160699717242
313,10,majority_only,W8A4_pooled_p995,8,4,False,99.5,0,0.582784094478758,0.13021786557867288,0.08400858802672842,0.7714604236343366,0.1741,0.54296875,1.0,0.3269809223101659,0.22386085809196918,0.09747590308924317,0.04922723763180015
313,10,majority_only,W4A4_pooled_p995,4,4,False,99.5,0,0.5759773781806652,0.12297317002477665,0.08462587216567681,0.7636566332218506,0.2057,0.5065104166666666,1.0,0.3473734758763288,0.22386085809196918,0.10128663150883718,0.05240764078604945
313,10,majority_only,W8A4_channel_p995,8,4,True,99.5,0,0.5761853290307837,0.11872079707004071,0.08415838722560456,0.7212931995540691,0.1672,0.5520833333333333,1.0,0.2932723203272837,0.22386085809196918,0.08875458106375486,0.047601858261431054
313,10,majority_only,W8A4_channel_minmax,8,4,True,100.0,0,0.5713932743698373,0.12207150279697823,0.08919796888900024,0.6967670011148273,0.2275,0.5078125,1.0,0.5691205804777192,0.22386085809196918,0.12529091466003978,0.08333215022754761
313,11,representative,W8A8_pooled_p995,8,8,False,99.5,33,0.5924456648799794,0.13263151160906575,0.08208803758027025,0.705685618729097,0.0348,0.89453125,1.0,0.04920245135039619,0.22386085809196918,0.0702041757750202,0.03331705772308634
313,11,representative,W4A8_pooled_p995,4,8,False,99.5,33,0.598344892485859,0.1298739977846372,0.08230501422991368,0.7168338907469343,0.144,0.6940104166666666,1.0,0.1264241963599295,0.22386085809196918,0.0665895621679303,0.03492639697631293
313,11,representative,W8A4_pooled_p995,8,4,False,99.5,33,0.5866298992907995,0.13150673458729856,0.08364066509246552,0.7547380156075808,0.1667,0.5208333333333334,1.0,0.3124589514463216,0.22386085809196918,0.09141900356963203,0.049373357637688284
313,11,representative,W4A4_pooled_p995,4,4,False,99.5,33,0.5821182353668061,0.1230562276087561,0.08415002062911206,0.725752508361204,0.1964,0.5091145833333333,1.0,0.327669160362027,0.22386085809196918,0.10029203783784243,0.05315180739410106
313,11,representative,W8A4_channel_p995,8,4,True,99.5,33,0.5880522439158149,0.13290853891479665,0.08364221156318997,0.7346711259754738,0.163,0.5638020833333333,1.0,0.28706075064337744,0.22386085809196918,0.0931620650080274,0.05016268479356053
313,11,representative,W8A4_channel_minmax,8,4,True,100.0,33,0.5676641816662545,0.1204253358400269,0.09132398968907324,0.6767001114827201,0.2449,0.5071895424836601,0.99609375,0.6465159830137894,0.22386085809196918,0.14401844067446673,0.09698868082150132
313,11,balanced,W8A8_pooled_p995,8,8,False,99.5,128,0.592603893677596,0.13280200275585502,0.08210836564906936,0.7045707915273133,0.0261,0.8971354166666666,1.0,0.040772428902773744,0.22386085809196918,0.06852032226252372,0.0343358555809751
313,11,balanced,W4A8_pooled_p995,4,8,False,99.5,128,0.598018576207802,0.12983953303753282,0.08232359232486174,0.7134894091415831,0.1406,0.70703125,1.0,0.12318985146646823,0.22386085809196918,0.06565704218448294,0.03477082644160399
313,11,balanced,W8A4_pooled_p995,8,4,False,99.5,128,0.5823775003548514,0.12836540395264745,0.0836773327430814,0.6109253065774805,0.1883,0.546875,1.0,0.3259602352376933,0.22386085809196918,0.08656451945318819,0.048667877220972953
313,11,balanced,W4A4_pooled_p995,4,4,False,99.5,128,0.5844777059665606,0.1241542765347201,0.08408766317574293,0.5964325529542921,0.2225,0.5182291666666667,1.0,0.3390821947917015,0.22386085809196918,0.0920193508962982,0.05806264222921915
313,11,balanced,W8A4_channel_p995,8,4,True,99.5,128,0.583315361138248,0.1285545469750903,0.08434717352719175,0.7123745819397993,0.181,0.5611979166666667,1.0,0.3439431915267272,0.22386085809196918,0.09875377148148018,0.05576092999722783
313,11,balanced,W8A4_channel_minmax,8,4,True,100.0,128,0.5546408616562268,0.10868136859254385,0.12424103506191717,0.6789297658862876,0.3172,0.4656084656084655,0.984375,1.026067241787786,0.22386085809196918,0.229721248863065,0.15459809811134498
313,11,majority_only,W8A8_pooled_p995,8,8,False,99.5,0,0.5920799751046826,0.1328378158365795,0.08211806104029866,0.6978818283166109,0.0266,0.8932291666666666,1.0,0.040133170853066336,0.22386085809196918,0.06979304367334827,0.034037743681006045
313,11,majority_only,W4A8_pooled_p995,4,8,False,99.5,0,0.5980626034932068,0.1300028956066166,0.08233263370497675,0.7079152731326644,0.1407,0.7018229166666666,1.0,0.12369098190634101,0.22386085809196918,0.06835147945071446,0.03487608824128911
313,11,majority_only,W8A4_pooled_p995,8,4,False,99.5,0,0.5854534093958268,0.1276082745182148,0.08313805757310663,0.6120401337792643,0.1669,0.57421875,1.0,0.26509941869808357,0.22386085809196918,0.08427886528665869,0.04688777727829916
313,11,majority_only,W4A4_pooled_p995,4,4,False,99.5,0,0.5846182993563933,0.12496945929640446,0.08358517693217647,0.600891861761427,0.2137,0.5364583333333333,1.0,0.2849707252895021,0.22386085809196918,0.0825320250127499,0.047379681552806516
313,11,majority_only,W8A4_channel_p995,8,4,True,99.5,0,0.5874384337504475,0.13099092648433303,0.083344098499111,0.7090301003344481,0.1637,0.54296875,1.0,0.30295209915356386,0.22386085809196918,0.08842936527050116,0.05521349695529068
313,11,majority_only,W8A4_channel_minmax,8,4,True,100.0,0,0.5569859422531022,0.11531876315403232,0.08989658745711708,0.6722408026755853,0.2285,0.5247395833333334,1.0,0.5438491838186716,0.22386085809196918,0.12273018760316923,0.08100432396540479
313,12,representative,W8A8_pooled_p995,8,8,False,99.5,24,0.5927468139615114,0.13367976048837107,0.08208566715907285,0.6878483835005574,0.0377,0.8893229166666665,1.0,0.049531918553774694,0.22386085809196918,0.06807539211771622,0.033175284159142726
313,12,representative,W4A8_pooled_p995,4,8,False,99.5,24,0.5984288443749969,0.130061504593928,0.08229723535823832,0.6978818283166109,0.1452,0.7122395833333334,1.0,0.1263398560964135,0.22386085809196918,0.06585311543289729,0.03442515095647743
313,12,representative,W8A4_pooled_p995,8,4,False,99.5,24,0.5850064620298037,0.13019748565989242,0.0835248123865035,0.7391304347826086,0.1524,0.5494791666666666,1.0,0.3120424053286071,0.22386085809196918,0.09054011592313393,0.04744397626634973
313,12,representative,W4A4_pooled_p995,4,4,False,99.5,24,0.5853121424313912,0.12337373504937627,0.08409296842333971,0.7424749163879598,0.1959,0.5065104166666666,1.0,0.3295845976088115,0.22386085809196918,0.08927943184078499,0.05164204222580934
313,12,representative,W8A4_channel_p995,8,4,True,99.5,24,0.5794588403666157,0.1264174046162192,0.08373194144511492,0.7123745819397993,0.1614,0.5846354166666666,1.0,0.2946290436752871,0.22386085809196918,0.09232433892432149,0.05058215661903133
313,12,representative,W8A4_channel_minmax,8,4,True,100.0,24,0.5606407580482061,0.11582381536911249,0.08987063734587913,0.6755852842809364,0.221,0.5286458333333334,1.0,0.5590401507780663,0.22386085809196918,0.13263691945209863,0.08363960933602724
313,12,balanced,W8A8_pooled_p995,8,8,False,99.5,128,0.5922523489689593,0.1327596876891724,0.0821057487980172,0.6923076923076923,0.0397,0.8828124999999999,1.0,0.05126592762175421,0.22386085809196918,0.06904774833735544,0.03330821318090905
313,12,balanced,W4A8_pooled_p995,4,8,False,99.5,128,0.5979949398626472,0.12974404150484561,0.08232237876543728,0.7034559643255296,0.1455,0.7096354166666667,1.0,0.12695748544455693,0.22386085809196918,0.06601721907461679,0.03495532040035473
313,12,balanced,W8A4_pooled_p995,8,4,False,99.5,128,0.5827881359263751,0.12769306390241258,0.08378206517768966,0.7603121516164995,0.1574,0.5533854166666666,1.0,0.29455001019325217,0.22386085809196918,0.08861070117535506,0.04691586950515084
313,12,balanced,W4A4_pooled_p995,4,4,False,99.5,128,0.5859571207306545,0.1226144103210698,0.08413202030306909,0.7647714604236343,0.1958,0.5286458333333333,1.0,0.304574995793449,0.22386085809196918,0.08590771043543366,0.048625966374727644
313,12,balanced,W8A4_channel_p995,8,4,True,99.5,128,0.5849367776754353,0.13067311874426982,0.08335783288440889,0.7190635451505016,0.1641,0.5559895833333334,1.0,0.27341244804242815,0.22386085809196918,0.08455635231393957,0.04603199333226103
313,12,balanced,W8A4_channel_minmax,8,4,True,100.0,128,0.5743912324590458,0.12257628875967361,0.08652457018334869,0.693422519509476,0.2148,0.5182291666666667,1.0,0.4812185197658321,0.22386085809196918,0.1085550069377435,0.07859184916603734
313,12,majority_only,W8A8_pooled_p995,8,8,False,99.5,0,0.5923672852898287,0.13362707850113653,0.08208761056481666,0.7045707915273133,0.0333,0.8763020833333333,1.0,0.051432530746687355,0.22386085809196918,0.07113206631034633,0.03323914268424621
313,12,majority_only,W4A8_pooled_p995,4,8,False,99.5,0,0.5982583075323643,0.1296672343183832,0.08232665835052792,0.7190635451505016,0.1435,0.6914062499999999,1.0,0.12692982921869525,0.22386085809196918,0.06574207274503084,0.03497798189571706
313,12,majority_only,W8A4_pooled_p995,8,4,False,99.5,0,0.5826884468851522,0.13240463056265334,0.08355149263495171,0.7536231884057971,0.1597,0.54296875,1.0,0.30157873187350887,0.22386085809196918,0.0863034259520955,0.04749904658483922
313,12,majority_only,W4A4_pooled_p995,4,4,False,99.5,0,0.5823182257897999,0.12062567348632573,0.08443005609786905,0.7357859531772575,0.1938,0.515625,1.0,0.3223677005175634,0.22386085809196918,0.0928901423559256,0.047680844282035506
313,12,majority_only,W8A4_channel_p995,8,4,True,99.5,0,0.5895845649032606,0.13250734740025916,0.08341355814549695,0.7324414715719063,0.159,0.5885416666666666,1.0,0.2879400559820857,0.22386085809196918,0.08886032238149598,0.049197708295399066
313,12,majority_only,W8A4_channel_minmax,8,4,True,100.0,0,0.5547321003978867,0.11402830989313001,0.0905852702208668,0.6700111482720178,0.2344,0.5104166666666667,1.0,0.5644523485614525,0.22386085809196918,0.13727053721876187,0.08700716025255922
313,13,representative,W8A8_pooled_p995,8,8,False,99.5,21,0.5921406580529947,0.13339379008527408,0.08209804451919568,0.7034559643255296,0.0361,0.8854166666666666,1.0,0.05182080674132422,0.22386085809196918,0.0680321786699693,0.0334966846478551
313,13,representative,W4A8_pooled_p995,4,8,False,99.5,21,0.5981933994342707,0.12997286060362534,0.0823100724475109,0.7123745819397993,0.1446,0.703125,1.0,0.1264755739123063,0.22386085809196918,0.0666371430821025,0.034954033421322486
313,13,representative,W8A4_pooled_p995,8,4,False,99.5,21,0.5820364266695863,0.13170841833005364,0.08370019052689641,0.7424749163879598,0.1586,0.5625,1.0,0.3196609930418288,0.22386085809196918,0.09339067225796123,0.048745704201951665
313,13,representative,W4A4_pooled_p995,4,4,False,99.5,21,0.5816917401750877,0.12096275137149934,0.08430723450331652,0.7357859531772575,0.194,0.5390625,1.0,0.30869602827422277,0.22386085809196918,0.08876128220433938,0.04734397191567853
313,13,representative,W8A4_channel_p995,8,4,True,99.5,21,0.5780747670258535,0.12088378700680774,0.0838319246169328,0.7224080267558528,0.1608,0.57421875,1.0,0.29057975985514467,0.22386085809196918,0.08261821454641555,0.04738523919128853
313,13,representative,W8A4_channel_minmax,8,4,True,100.0,21,0.5734321846926864,0.11981653104288953,0.08522812109290112,0.6867335562987736,0.2089,0.5169270833333334,1.0,0.4312659438711831,0.22386085809196918,0.10476344723723302,0.06449843597316796
313,13,balanced,W8A8_pooled_p995,8,8,False,99.5,128,0.591548585977083,0.13314481955041926,0.08213890262100228,0.7012263099219621,0.031,0.8906249999999999,1.0,0.0465464907194947,0.22386085809196918,0.07001956832956863,0.03385626441818782
313,13,balanced,W4A8_pooled_p995,4,8,False,99.5,128,0.5983246852477732,0.12969763023224795,0.08234532070705357,0.717948717948718,0.1427,0.6966145833333333,1.0,0.12589354345818654,0.22386085809196918,0.06901141604635913,0.0351550472045157
313,13,balanced,W8A4_pooled_p995,8,4,False,99.5,128,0.5864496874675077,0.12783216146566556,0.08336198569577831,0.6822742474916388,0.1511,0.5611979166666667,1.0,0.269689554692484,0.22386085809196918,0.08439122036233138,0.044639660553473626
313,13,balanced,W4A4_pooled_p995,4,4,False,99.5,128,0.5916395185484687,0.12716929431894744,0.08324639719382096,0.7034559643255296,0.1901,0.5494791666666666,1.0,0.2818285438120547,0.22386085809196918,0.08555314667276573,0.04779559764306377
313,13,balanced,W8A4_channel_p995,8,4,True,99.5,128,0.5816635112758225,0.1300697944412203,0.08350757302592893,0.7123745819397993,0.1554,0.5625,1.0,0.27884002535805513,0.22386085809196918,0.09401692959094762,0.048551671102109145
313,13,balanced,W8A4_channel_minmax,8,4,True,100.0,128,0.5715279892904088,0.12518575216665032,0.08701104355257366,0.6767001114827201,0.215,0.5364583333333334,1.0,0.4819779130405469,0.22386085809196918,0.11659193220294566,0.08463141974467081
313,13,majority_only,W8A8_pooled_p995,8,8,False,99.5,0,0.5915243372913801,0.13255410401728634,0.08212425211559694,0.6900780379041248,0.0388,0.8919270833333333,1.0,0.052212858806892734,0.22386085809196918,0.06971176775047935,0.033366909022831764
313,13,majority_only,W4A8_pooled_p995,4,8,False,99.5,0,0.5986431635668151,0.13021515755647867,0.08228904862497256,0.6989966555183946,0.1455,0.703125,1.0,0.12672029427887657,0.22386085809196918,0.06773087050398,0.03494559030125695
313,13,majority_only,W8A4_pooled_p995,8,4,False,99.5,0,0.5850761463841719,0.1269119602550651,0.08385052342842694,0.7558528428093646,0.1586,0.5703125,1.0,0.3072481467832195,0.22386085809196918,0.08868035770137933,0.04693753081638249
313,13,majority_only,W4A4_pooled_p995,4,4,False,99.5,0,0.5861316377868494,0.12264922845107737,0.08406703890555384,0.7369007803790413,0.1979,0.49869791666666663,1.0,0.3177307826960796,0.22386085809196918,0.08905797617392655,0.049208907938940616
313,13,majority_only,W8A4_channel_p995,8,4,True,99.5,0,0.5795971680964206,0.1270857099242667,0.08346354512501232,0.717948717948718,0.1574,0.57421875,1.0,0.27958295560059926,0.22386085809196918,0.08390598354163549,0.04927168009973225
313,13,majority_only,W8A4_channel_minmax,8,4,True,100.0,0,0.5474313477456254,0.10361606157800345,0.1147586401669927,0.7012263099219621,0.305,0.46772068511198944,0.98828125,0.9215349962085255,0.22386085809196918,0.21470301589364024,0.13481783805481556
313,14,representative,W8A8_pooled_p995,8,8,False,99.5,19,0.5923476903922911,0.13303511147425315,0.08210765749259778,0.705685618729097,0.0303,0.8828124999999999,1.0,0.04616638447042701,0.22386085809196918,0.07074239898464058,0.03394257850585406
313,14,representative,W4A8_pooled_p995,4,8,False,99.5,19,0.598383531174441,0.12991279870667055,0.08232035329210177,0.7168338907469343,0.1418,0.6940104166666666,1.0,0.1267650243247296,0.22386085809196918,0.0675466567340984,0.03508722327082003
313,14,representative,W8A4_pooled_p995,8,4,False,99.5,19,0.5783178049893754,0.12504757686562856,0.08366286309913501,0.6744704570791528,0.1496,0.5729166666666666,1.0,0.2809851652188421,0.22386085809196918,0.08791458208944164,0.04741288533175084
313,14,representative,W4A4_pooled_p995,4,4,False,99.5,19,0.5915997164128454,0.12694770659148208,0.08332995835385157,0.6956521739130435,0.1921,0.5481770833333334,1.0,0.3101404164204269,0.22386085809196918,0.08552899505367481,0.05251098024159863
313,14,representative,W8A4_channel_p995,8,4,True,99.5,19,0.5764841512182332,0.13129362816752238,0.08353064999706533,0.7134894091415831,0.1704,0.5546875,1.0,0.28675942673262034,0.22386085809196918,0.08519894582850646,0.049639978544771694
313,14,representative,W8A4_channel_minmax,8,4,True,100.0,19,0.57468068583611,0.1206184635890383,0.09197806392096436,0.7034559643255296,0.2487,0.5411764705882353,0.99609375,0.6524179521580646,0.22386085809196918,0.1547004629160996,0.09980790053951814
313,14,balanced,W8A8_pooled_p995,8,8,False,99.5,128,0.592567153244713,0.13353388537052613,0.08209632389363784,0.6911928651059086,0.0327,0.8893229166666666,1.0,0.045845939777324415,0.22386085809196918,0.07022407987206408,0.03330937833516282
313,14,balanced,W4A8_pooled_p995,4,8,False,99.5,128,0.5982275680368522,0.1295550129751572,0.08232452517593515,0.7068004459308808,0.1436,0.69921875,1.0,0.12445224399485741,0.22386085809196918,0.06735503833008635,0.03446180737361179
313,14,balanced,W8A4_pooled_p995,8,4,False,99.5,128,0.5791112146374865,0.12444638683854709,0.08381935895975508,0.6889632107023411,0.1536,0.5677083333333333,1.0,0.29808240508771866,0.22386085809196918,0.08824553622526761,0.05222177870294006
313,14,balanced,W4A4_pooled_p995,4,4,False,99.5,128,0.5897633683432919,0.12362019630395353,0.08393024845923176,0.7001114827201784,0.1955,0.5338541666666666,1.0,0.31118379626127624,0.22386085809196918,0.08266561145712595,0.051327655689393875
313,14,balanced,W8A4_channel_p995,8,4,True,99.5,128,0.5792698108394319,0.12988285058523288,0.08377932551782365,0.7168338907469343,0.1782,0.5611979166666666,1.0,0.32549446931626114,0.22386085809196918,0.08747222083753806,0.049335706162518866
313,14,balanced,W8A4_channel_minmax,8,4,True,100.0,128,0.5686549486730029,0.11360210033120403,0.09239228099818554,0.6945373467112598,0.2646,0.5264550264550264,0.984375,0.6214298413138724,0.22386085809196918,0.12889756649369097,0.09068677562925209
313,14,majority_only,W8A8_pooled_p995,8,8,False,99.5,0,0.591905764218762,0.1333097020674994,0.08210979436274381,0.7001114827201784,0.0304,0.8997395833333333,1.0,0.04555691570087106,0.22386085809196918,0.07205438921463202,0.033488169857916514
313,14,majority_only,W4A8_pooled_p995,4,8,False,99.5,0,0.5983088868616334,0.12989740972336788,0.08230892023673021,0.7123745819397993,0.1431,0.69921875,1.0,0.12430958784223822,0.22386085809196918,0.0663163361776457,0.034458038834313795
313,14,majority_only,W8A4_pooled_p995,8,4,False,99.5,0,0.5819605576756826,0.12573693951198758,0.08373553308015415,0.68561872909699,0.1562,0.5638020833333333,1.0,0.2947457107895145,0.22386085809196918,0.0863481151817343,0.052169762552819424
313,14,majority_only,W4A4_pooled_p995,4,4,False,99.5,0,0.5837015643219046,0.12074182279960577,0.08412277727557696,0.6845039018952063,0.1966,0.5377604166666666,1.0,0.311389504807165,0.22386085809196918,0.08898819893098966,0.051507316399110076
313,14,majority_only,W8A4_channel_p995,8,4,True,99.5,0,0.5840238391523443,0.12287387853309789,0.08330858574288615,0.6778149386845039,0.1638,0.55859375,1.0,0.2910677462595008,0.22386085809196918,0.07912391465918621,0.044762305206158176
313,14,majority_only,W8A4_channel_minmax,8,4,True,100.0,0,0.5686321696046154,0.11456210254557422,0.09190314418550406,0.6811594202898551,0.2471,0.5019607843137255,0.99609375,0.6273674201530565,0.22386085809196918,0.14132771895778287,0.09337211466219575
313,15,representative,W8A8_pooled_p995,8,8,False,99.5,27,0.5919872667457076,0.1333932844786501,0.08209723159199693,0.7045707915273133,0.0365,0.8854166666666666,1.0,0.05106205526846317,0.22386085809196918,0.07004455651230301,0.03341268390092032
313,15,representative,W4A8_pooled_p995,4,8,False,99.5,27,0.5982165459069873,0.12981523010058807,0.08232237519123128,0.7134894091415831,0.1456,0.6966145833333333,1.0,0.1264247117688889,0.22386085809196918,0.065141093650878,0.03475303098569758
313,15,representative,W8A4_pooled_p995,8,4,False,99.5,27,0.5832922758995864,0.13025492174131295,0.0836824186509423,0.7424749163879598,0.1565,0.5638020833333333,1.0,0.3056327537178533,0.22386085809196918,0.091015933421333,0.04663558540445689
313,15,representative,W4A4_pooled_p995,4,4,False,99.5,27,0.5825917583126148,0.12113163771811317,0.08425469793509394,0.7536231884057971,0.2002,0.5260416666666666,1.0,0.3094715010374799,0.22386085809196918,0.08852843870124108,0.047076942540873336
313,15,representative,W8A4_channel_p995,8,4,True,99.5,27,0.5779759964954525,0.12545920616930437,0.08389786686215786,0.7346711259754738,0.1525,0.5755208333333334,1.0,0.2605627402117338,0.22386085809196918,0.08727491994525532,0.05183148583898508
313,15,representative,W8A4_channel_minmax,8,4,True,100.0,27,0.571634169141441,0.12065915743540873,0.08627909291719746,0.6677814938684504,0.2181,0.5234375,1.0,0.40685846498733447,0.22386085809196918,0.10631685336743511,0.0683743942948572
313,15,balanced,W8A8_pooled_p995,8,8,False,99.5,128,0.5923413220505914,0.13338010556427868,0.08209810100335328,0.7023411371237458,0.0306,0.8841145833333333,1.0,0.045025926385871634,0.22386085809196918,0.06921985978346379,0.03360632691782988
313,15,balanced,W4A8_pooled_p995,4,8,False,99.5,128,0.5982973136252752,0.12963392092919107,0.08233955881243762,0.7168338907469343,0.1423,0.7057291666666666,1.0,0.12606917394495576,0.22386085809196918,0.06640934300862845,0.03454386773442388
313,15,balanced,W8A4_pooled_p995,8,4,False,99.5,128,0.5788075549597074,0.12480587030543205,0.08374882120175263,0.6889632107023411,0.1449,0.5625,1.0,0.2925566122582258,0.22386085809196918,0.08383792962448028,0.05150896967351355
313,15,balanced,W4A4_pooled_p995,4,4,False,99.5,128,0.5898909801135059,0.12566949841636563,0.08348199215680668,0.7090301003344481,0.1938,0.5403645833333334,1.0,0.3022879898578281,0.22386085809196918,0.08711074941465669,0.04858924327827173
313,15,balanced,W8A4_channel_p995,8,4,True,99.5,128,0.5642499544724802,0.12100922348595711,0.08462452542371514,0.7235228539576366,0.1763,0.55078125,1.0,0.31287987018931496,0.22386085809196918,0.08857976836382184,0.0496434914575023
313,15,balanced,W8A4_channel_minmax,8,4,True,100.0,128,0.5609215774235428,0.11028996315691876,0.095491936251626,0.6911928651059086,0.2622,0.5182291666666667,1.0,0.6772276694458017,0.22386085809196918,0.14923504038294425,0.10249132012240716
313,15,majority_only,W8A8_pooled_p995,8,8,False,99.5,0,0.5921772147837134,0.13306772252624116,0.08210153826019634,0.7023411371237458,0.0268,0.9114583333333333,1.0,0.03876715219394472,0.22386085809196918,0.06846289288439325,0.034173053029016374
313,15,majority_only,W4A8_pooled_p995,4,8,False,99.5,0,0.5980215154424325,0.13019331335172357,0.08230869680299946,0.7146042363433668,0.1398,0.703125,1.0,0.12408902480205689,0.22386085809196918,0.06715686212340563,0.034831055950658774
313,15,majority_only,W8A4_pooled_p995,8,4,False,99.5,0,0.5854776580815297,0.12775391108040854,0.08318428835012685,0.6187290969899666,0.1697,0.5572916666666666,1.0,0.2608937487235484,0.22386085809196918,0.08117207884464252,0.0471263105835522
313,15,majority_only,W4A4_pooled_p995,4,4,False,99.5,0,0.5869178218164935,0.12775674440560536,0.08332947028938047,0.6098104793756968,0.2073,0.53515625,1.0,0.28461381691752524,0.22386085809196918,0.08304688649047846,0.04541385135788149
313,15,majority_only,W8A4_channel_p995,8,4,True,99.5,0,0.583333915056854,0.1278750381191191,0.08359818609680562,0.7324414715719063,0.1671,0.54296875,1.0,0.29174410931591943,0.22386085809196918,0.08572084258580003,0.054055766132171314
313,15,majority_only,W8A4_channel_minmax,8,4,True,100.0,0,0.5730729244931443,0.12079964183560754,0.0874920500465257,0.6900780379041248,0.2258,0.5078124999999999,1.0,0.49504268254984296,0.22386085809196918,0.12267391145586573,0.07687126848431253
313,16,representative,W8A8_pooled_p995,8,8,False,99.5,26,0.5921855426151669,0.13331912319680647,0.08209778786425209,0.6878483835005574,0.0399,0.8776041666666666,1.0,0.05272532751623425,0.22386085809196918,0.06911728287045979,0.03330111634506771
313,16,representative,W4A8_pooled_p995,4,8,False,99.5,26,0.5984698711917164,0.1298466205791718,0.08230744965436307,0.6978818283166109,0.145,0.7018229166666666,1.0,0.1269777547109947,0.22386085809196918,0.06816405437789472,0.035072191978783
313,16,representative,W8A4_pooled_p995,8,4,False,99.5,26,0.5869939357466164,0.13044516518542928,0.08376501050874663,0.758082497212932,0.1566,0.5647058823529412,0.99609375,0.3105716132038985,0.22386085809196918,0.08909688900904042,0.047198644982451535
313,16,representative,W4A4_pooled_p995,4,4,False,99.5,26,0.5845086291642372,0.1228724300814305,0.0840425666920107,0.7402452619843924,0.1971,0.5130208333333333,1.0,0.3082832475329301,0.22386085809196918,0.08664089154221565,0.04859495948179739
313,16,representative,W8A4_channel_p995,8,4,True,99.5,26,0.5931001344577376,0.1326302768587521,0.08278440773347719,0.6978818283166109,0.1605,0.5481770833333333,1.0,0.26683253957419517,0.22386085809196918,0.08347416825955169,0.046182001004368416
313,16,representative,W8A4_channel_minmax,8,4,True,100.0,26,0.5586903921686053,0.11458013852021333,0.08975286725183362,0.6889632107023411,0.2288,0.5364583333333333,1.0,0.5447401688393326,0.22386085809196918,0.12058599251521115,0.08219168894840273
313,16,balanced,W8A8_pooled_p995,8,8,False,99.5,128,0.5930163050367092,0.13369158696669378,0.08206953945793329,0.6945373467112598,0.0349,0.8880208333333333,1.0,0.048879947856502196,0.22386085809196918,0.06889897446149579,0.033340702117054546
313,16,balanced,W4A8_pooled_p995,4,8,False,99.5,128,0.5987724286565089,0.1299958048648256,0.08229431327028804,0.7045707915273133,0.1448,0.7031249999999999,1.0,0.12613908967563112,0.22386085809196918,0.0666149498941069,0.034876132342566674
313,16,balanced,W8A4_pooled_p995,8,4,False,99.5,128,0.5862204884003718,0.13112206318497477,0.08343235852716357,0.7313266443701226,0.1593,0.55859375,1.0,0.29472879606556146,0.22386085809196918,0.08135113778895758,0.047929043593108726
313,16,balanced,W4A4_pooled_p995,4,4,False,99.5,128,0.5795393631486845,0.11999155497909464,0.08427726598001735,0.6900780379041248,0.1929,0.5130208333333334,1.0,0.3294496871564786,0.22386085809196918,0.09847542974431778,0.052922782211999767
313,16,balanced,W8A4_channel_p995,8,4,True,99.5,128,0.5871527768847812,0.13067006127752695,0.08366018220254758,0.7313266443701226,0.1577,0.5703125,1.0,0.27753128787635417,0.22386085809196918,0.09094260405019591,0.05040690530372202
313,16,balanced,W8A4_channel_minmax,8,4,True,100.0,128,0.5529914611559936,0.10758102450572785,0.09871918070280601,0.6833890746934225,0.2719,0.5091863517060367,0.9921875,0.6823863535982173,0.22386085809196918,0.1637640451742413,0.09959855738665137
313,16,majority_only,W8A8_pooled_p995,8,8,False,99.5,0,0.591919848051367,0.13365730936900044,0.08209845140622815,0.7001114827201784,0.0321,0.8932291666666665,1.0,0.04838926492803663,0.22386085809196918,0.07056940294683275,0.03357346057664977
313,16,majority_only,W4A8_pooled_p995,4,8,False,99.5,0,0.5986919058744401,0.13029177787374704,0.08229492936322523,0.7123745819397993,0.143,0.7044270833333333,1.0,0.12684951790498,0.22386085809196918,0.06594723680835235,0.035070996369916646
313,16,majority_only,W8A4_pooled_p995,8,4,False,99.5,0,0.5848767683017262,0.12804085713141802,0.08339552222168337,0.7101449275362319,0.1521,0.5690104166666667,1.0,0.286576492791647,0.22386085809196918,0.08045292396239345,0.0448132315957457
313,16,majority_only,W4A4_pooled_p995,4,4,False,99.5,0,0.5896901936477996,0.12424382411292892,0.08346427576411718,0.7146042363433668,0.189,0.5208333333333333,1.0,0.29009434277313983,0.22386085809196918,0.08153325184583621,0.04457482434136602
313,16,majority_only,W8A4_channel_p995,8,4,True,99.5,0,0.580782230759066,0.12355323011265289,0.0838414515759115,0.7235228539576366,0.1614,0.5729166666666666,1.0,0.27369144501608256,0.22386085809196918,0.09569204978122767,0.05283277666021821
313,16,majority_only,W8A4_channel_minmax,8,4,True,100.0,0,0.5642386261723413,0.12135440394709668,0.0885348399252406,0.6800445930880713,0.2293,0.5169270833333333,1.0,0.5465681739006368,0.22386085809196918,0.12786786446816586,0.09197096105570149
313,17,representative,W8A8_pooled_p995,8,8,False,99.5,25,0.5915473000619321,0.1329694405510621,0.08211999922456685,0.6878483835005574,0.0402,0.8854166666666666,1.0,0.05230174489223728,0.22386085809196918,0.069901169196935,0.03336055880917111
313,17,representative,W4A8_pooled_p995,4,8,False,99.5,25,0.5982576339577615,0.1299881273206285,0.08229998754658312,0.7001114827201784,0.1453,0.703125,1.0,0.12618416264186216,0.22386085809196918,0.06689529748950018,0.0350766466429566
313,17,representative,W8A4_pooled_p995,8,4,False,99.5,25,0.5832033028179544,0.12689092884173675,0.08386252823424993,0.7513935340022296,0.1588,0.55859375,1.0,0.30055852467024413,0.22386085809196918,0.08446515390152287,0.04873895053517635
313,17,representative,W4A4_pooled_p995,4,4,False,99.5,25,0.5861342096171512,0.12250014765577086,0.08406338928324214,0.750278706800446,0.1968,0.515625,1.0,0.3127156464217231,0.22386085809196918,0.08483751122684,0.04831796921395917
313,17,representative,W8A4_channel_p995,8,4,True,99.5,25,0.5810075108466943,0.12657039025186845,0.08365127605965461,0.7413600891861761,0.1724,0.5651041666666667,1.0,0.28711363355729763,0.22386085809196918,0.08986271745474135,0.0488484316743856
313,17,representative,W8A4_channel_minmax,8,4,True,100.0,25,0.5762412357228208,0.1260431850597445,0.08652042433419765,0.6811594202898551,0.2146,0.5325520833333333,1.0,0.4682186975300702,0.22386085809196918,0.10749799741758433,0.07173222770001542
313,17,balanced,W8A8_pooled_p995,8,8,False,99.5,128,0.5920943038735071,0.13309272109870007,0.08209212572433029,0.6900780379041248,0.0286,0.9010416666666666,1.0,0.038907614098889584,0.22386085809196918,0.06850332013606178,0.03383337933513945
313,17,balanced,W4A8_pooled_p995,4,8,False,99.5,128,0.5974078889792296,0.12946334650556926,0.0823589045359126,0.6956521739130435,0.1419,0.69921875,1.0,0.1235001391894634,0.22386085809196918,0.06856707295143774,0.03441354181783749
313,17,balanced,W8A4_pooled_p995,8,4,False,99.5,128,0.5876165636158759,0.12947214160723033,0.0830192959466445,0.5953177257525084,0.1767,0.5559895833333334,1.0,0.2655863583030355,0.22386085809196918,0.08389487212737434,0.04572851372868595
313,17,balanced,W4A4_pooled_p995,4,4,False,99.5,128,0.5842335657900523,0.12635476697823092,0.0833317132107752,0.5975473801560758,0.2092,0.522875816993464,0.99609375,0.28768285621203105,0.22386085809196918,0.08341239536232724,0.04703059564197799
313,17,balanced,W8A4_channel_p995,8,4,True,99.5,128,0.5821084991520921,0.1252330615965295,0.08416667556064268,0.7224080267558528,0.1685,0.5611979166666666,1.0,0.2987997883193063,0.22386085809196918,0.09083453102238627,0.052167138061466146
313,17,balanced,W8A4_channel_minmax,8,4,True,100.0,128,0.5611132400150831,0.11737442987219682,0.09060106656442618,0.6666666666666666,0.2365,0.52734375,1.0,0.5749793581066945,0.22386085809196918,0.1339327048002273,0.08891942836126604
313,17,majority_only,W8A8_pooled_p995,8,8,False,99.5,0,0.5923416894549202,0.13341344451000406,0.08211155309192072,0.7045707915273133,0.0324,0.8971354166666665,1.0,0.049093304688390585,0.22386085809196918,0.0691514964135126,0.03359380295116053
313,17,majority_only,W4A8_pooled_p995,4,8,False,99.5,0,0.5984218024586943,0.13004980667020988,0.08231293701904217,0.7212931995540691,0.1429,0.7018229166666666,1.0,0.12598119060939977,0.22386085809196918,0.06862726407347715,0.03509200485289899
313,17,majority_only,W8A4_pooled_p995,8,4,False,99.5,0,0.5858255899809329,0.12706370842506573,0.08336337939865322,0.6956521739130435,0.146,0.5494791666666666,1.0,0.27262309838126686,0.22386085809196918,0.084819910070344,0.04596521781128275
313,17,majority_only,W4A4_pooled_p995,4,4,False,99.5,0,0.5904078567701168,0.12604428152444477,0.08334852680556376,0.7123745819397993,0.1927,0.5091145833333334,1.0,0.28976764884607087,0.22386085809196918,0.08345665525997109,0.04324728266453932
313,17,majority_only,W8A4_channel_p995,8,4,True,99.5,0,0.5858780063318462,0.12815724962666586,0.08330723528145782,0.7212931995540691,0.1666,0.5846354166666666,1.0,0.26260358504654724,0.22386085809196918,0.08705421111631867,0.04737295893324374
313,17,majority_only,W8A4_channel_minmax,8,4,True,100.0,0,0.5779226003996624,0.12508948236509287,0.08500583259520694,0.7157190635451505,0.2,0.5098039215686274,0.99609375,0.4085240968934516,0.22386085809196918,0.09934759713361,0.06434300516515196
313,18,representative,W8A8_pooled_p995,8,8,False,99.5,23,0.5921377188183641,0.13338097745705058,0.08209949203995849,0.6811594202898551,0.0406,0.8893229166666665,1.0,0.053629480878265516,0.22386085809196918,0.06911743484069446,0.03335979319859418
313,18,representative,W4A8_pooled_p995,4,8,False,99.5,23,0.5984768518739642,0.13028905722379688,0.0822731964477786,0.6978818283166109,0.1445,0.7044270833333333,1.0,0.12810019368038358,0.22386085809196918,0.0672082533055825,0.034911802350541
313,18,representative,W8A4_pooled_p995,8,4,False,99.5,23,0.5776569670699174,0.1277130223055321,0.08411276379981938,0.7658862876254181,0.1692,0.55078125,1.0,0.29584948338410566,0.22386085809196918,0.08590569190613455,0.04831604042410227
313,18,representative,W4A4_pooled_p995,4,4,False,99.5,23,0.5823742549499467,0.12453697360101756,0.0841526224657055,0.7725752508361204,0.2042,0.5247395833333333,1.0,0.33363707824346844,0.22386085809196918,0.09251634477233137,0.04978588971846366
313,18,representative,W8A4_channel_p995,8,4,True,99.5,23,0.5836999110024248,0.12580207461111298,0.08373322956277937,0.7279821627647715,0.1594,0.57421875,1.0,0.2718724964693193,0.22386085809196918,0.09361633931509757,0.04614351964175017
313,18,representative,W8A4_channel_minmax,8,4,True,100.0,23,0.5910094813585779,0.1291762795547584,0.08430101326139616,0.7313266443701226,0.1921,0.5338541666666666,1.0,0.368921851974812,0.22386085809196918,0.1070952194246918,0.058116128856845695
313,18,balanced,W8A8_pooled_p995,8,8,False,99.5,128,0.5920944263416168,0.1331479762834017,0.08209451527289983,0.6889632107023411,0.0303,0.8971354166666665,1.0,0.04295759511950569,0.22386085809196918,0.06954246950373802,0.03367542368608062
313,18,balanced,W4A8_pooled_p995,4,8,False,99.5,128,0.5986641056135585,0.13009024700601715,0.08229082491853697,0.6989966555183946,0.1427,0.6966145833333333,1.0,0.12313100803401195,0.22386085809196918,0.06751140709809439,0.034317842137604346
313,18,balanced,W8A4_pooled_p995,8,4,False,99.5,128,0.5811209775502484,0.12321169763140959,0.08393981170087375,0.6655518394648829,0.155,0.5833333333333333,1.0,0.29593256429658177,0.22386085809196918,0.08844255382436982,0.05078901394551465
313,18,balanced,W4A4_pooled_p995,4,4,False,99.5,128,0.5859815531185217,0.12050430304277437,0.08420864391275121,0.6677814938684504,0.2016,0.5247395833333333,1.0,0.32659907109500674,0.22386085809196918,0.0825271156948778,0.051968923885815956
313,18,balanced,W8A4_channel_p995,8,4,True,99.5,128,0.5863316282098432,0.12809679923999265,0.08414207732819858,0.7212931995540691,0.1806,0.5390625,1.0,0.31285350529212896,0.22386085809196918,0.08886717312927842,0.05000620832198295
313,18,balanced,W8A4_channel_minmax,8,4,True,100.0,128,0.5449834551707322,0.10265096636352872,0.12588880954083126,0.6878483835005574,0.3244,0.47675962815405043,0.98046875,0.9842206564545297,0.22386085809196918,0.22765253197713425,0.14885080005829082
313,18,majority_only,W8A8_pooled_p995,8,8,False,99.5,0,0.5922940493602817,0.13309553862384293,0.08209238242420595,0.7023411371237458,0.0264,0.9153645833333333,1.0,0.03900130964744498,0.22386085809196918,0.06887637991332006,0.03418839656343302
313,18,majority_only,W4A8_pooled_p995,4,8,False,99.5,0,0.5976002251453728,0.12972170014004028,0.08234428690185357,0.7134894091415831,0.1401,0.70703125,1.0,0.12389640773273687,0.22386085809196918,0.06729368407231631,0.03499386553948442
313,18,majority_only,W8A4_pooled_p995,8,4,False,99.5,0,0.5849356142283939,0.12612470431600392,0.08335927108202122,0.6020066889632107,0.1636,0.5690104166666667,1.0,0.24378018992690287,0.22386085809196918,0.08263917088349292,0.04699927543514837
313,18,majority_only,W4A4_pooled_p995,4,4,False,99.5,0,0.587171392037442,0.1265797904866811,0.08337788475961065,0.6176142697881828,0.2014,0.5494791666666666,1.0,0.27098611519513527,0.22386085809196918,0.08118307784659878,0.04530769126390738
313,18,majority_only,W8A4_channel_p995,8,4,True,99.5,0,0.5792324580660008,0.1254150862260775,0.08372104319804842,0.7224080267558528,0.1768,0.5559895833333333,1.0,0.3011347969366459,0.22386085809196918,0.08856702356429141,0.053045694312776934
313,18,majority_only,W8A4_channel_minmax,8,4,True,100.0,0,0.5697201150563396,0.12124456825083413,0.08897786682019063,0.68561872909699,0.2242,0.5228758169934641,0.99609375,0.5483252283154202,0.22386085809196918,0.12042630670114486,0.08325075358084996
313,19,representative,W8A8_pooled_p995,8,8,False,99.5,21,0.5917866639821656,0.13325158485921235,0.08212768423559817,0.705685618729097,0.0366,0.8736979166666666,1.0,0.0544394518090284,0.22386085809196918,0.07221040224278824,0.033899022391505274
313,19,representative,W4A8_pooled_p995,4,8,False,99.5,21,0.598174171941062,0.12992951604637104,0.08232576214060193,0.717948717948718,0.1436,0.6914062499999999,1.0,0.1293631486195519,0.22386085809196918,0.06782893178832977,0.03526820476347846
313,19,representative,W8A4_pooled_p995,8,4,False,99.5,21,0.5807255280243162,0.12435275429552073,0.08384630347232477,0.7569676700111483,0.1519,0.5703125,1.0,0.29377165613153,0.22386085809196918,0.08860782690906041,0.04628165007337837
313,19,representative,W4A4_pooled_p995,4,4,False,99.5,21,0.5852821377445367,0.12291238432198526,0.08393834379294057,0.7513935340022296,0.1899,0.5182291666666667,1.0,0.2921586686708616,0.22386085809196918,0.09095598661624478,0.04935844698136692
313,19,representative,W8A4_channel_p995,8,4,True,99.5,21,0.5840200426409465,0.1288717697340732,0.0832986374150615,0.7235228539576366,0.1562,0.5885416666666666,1.0,0.2702767053518289,0.22386085809196918,0.08779984091036373,0.048494426659426125
313,19,representative,W8A4_channel_minmax,8,4,True,100.0,21,0.5795684493247171,0.12126736590424197,0.08574100203611151,0.7346711259754738,0.1974,0.5533854166666666,1.0,0.4129298270254299,0.22386085809196918,0.10288833592374351,0.0648299002856916
313,19,balanced,W8A8_pooled_p995,8,8,False,99.5,128,0.5927504880047998,0.13330203586787648,0.0820735467369705,0.7012263099219621,0.0359,0.8880208333333333,1.0,0.0513620616133799,0.22386085809196918,0.06962461442894118,0.03301373867162612
313,19,balanced,W4A8_pooled_p995,4,8,False,99.5,128,0.5987827159777162,0.13028304269277208,0.08227673112671931,0.7034559643255296,0.1455,0.7044270833333333,1.0,0.12649623651988579,0.22386085809196918,0.06716693559516466,0.03471554196439809
313,19,balanced,W8A4_pooled_p995,8,4,False,99.5,128,0.5819558426534627,0.12720708859548133,0.08426284948280668,0.7636566332218506,0.1699,0.5078125,1.0,0.33486595144471365,0.22386085809196918,0.09385620459589802,0.0504444284734938
313,19,balanced,W4A4_pooled_p995,4,4,False,99.5,128,0.5871940486377197,0.12292157075196308,0.08396223359989058,0.7469342251950948,0.1993,0.49150326797385613,0.99609375,0.3329921230004702,0.22386085809196918,0.09278380293408493,0.05004094343999951
313,19,balanced,W8A4_channel_p995,8,4,True,99.5,128,0.5873663000338869,0.13046252082804025,0.08355410818986027,0.7290969899665551,0.1642,0.56640625,1.0,0.29502535414809455,0.22386085809196918,0.09531212728279242,0.04916506498487262
313,19,balanced,W8A4_channel_minmax,8,4,True,100.0,128,0.5690091876800512,0.11827791675492519,0.08995366317187697,0.6822742474916388,0.2393,0.515625,1.0,0.5859730231775215,0.22386085809196918,0.14145148471449528,0.09372711774086978
313,19,majority_only,W8A8_pooled_p995,8,8,False,99.5,0,0.5922350197314495,0.1326687282191071,0.0820929670030815,0.7034559643255296,0.0348,0.8789062499999999,1.0,0.05056156582866096,0.22386085809196918,0.07214802693514383,0.03333324205410077
313,19,majority_only,W4A8_pooled_p995,4,8,False,99.5,0,0.5982497959987465,0.13002541256088646,0.0822901947862343,0.7123745819397993,0.1435,0.6901041666666667,1.0,0.12623439136055709,0.22386085809196918,0.06840426454630819,0.0345266665112349
313,19,majority_only,W8A4_pooled_p995,8,4,False,99.5,0,0.5842098682108425,0.13025756471111052,0.0840230056355002,0.7447045707915273,0.1668,0.5364583333333334,1.0,0.32549247189078945,0.22386085809196918,0.08671539601650938,0.05208523570083133
313,19,majority_only,W4A4_pooled_p995,4,4,False,99.5,0,0.5822361109223061,0.12088769667569219,0.08441689441037971,0.738015607580825,0.2025,0.5065104166666666,1.0,0.34581293850656447,0.22386085809196918,0.0952174200792391,0.051758791433074595
313,19,majority_only,W8A4_channel_p995,8,4,True,99.5,0,0.5848734004287118,0.12441376030112261,0.08391706502573126,0.7391304347826086,0.1694,0.5533854166666666,1.0,0.29184999361825686,0.22386085809196918,0.08635951024988227,0.05297716747700507
313,19,majority_only,W8A4_channel_minmax,8,4,True,100.0,0,0.5639633790959918,0.11208836462003198,0.09867521549460606,0.6833890746934225,0.2752,0.4980237154150197,0.98828125,0.724394011344447,0.22386085809196918,0.1600220336774555,0.10856973279923465
313,20,representative,W8A8_pooled_p995,8,8,False,99.5,24,0.5921913598503734,0.1330807708665037,0.08209858785094644,0.6989966555183946,0.0265,0.91015625,1.0,0.03970502427305001,0.22386085809196918,0.06984031491728229,0.0340501746013744
313,20,representative,W4A8_pooled_p995,4,8,False,99.5,24,0.597643211451846,0.1297926524454911,0.08233727094962355,0.7068004459308808,0.1403,0.7122395833333333,1.0,0.12286538433580828,0.22386085809196918,0.07080641024066167,0.034625326987702314
313,20,representative,W8A4_pooled_p995,8,4,False,99.5,24,0.5894629540704175,0.13090962984128707,0.08291487169101101,0.6153846153846154,0.1737,0.5651041666666666,1.0,0.2711640862759536,0.22386085809196918,0.08095110665591547,0.044650841866789664
313,20,representative,W4A4_pooled_p995,4,4,False,99.5,24,0.5828250600614227,0.12366454724458707,0.08355471222357636,0.5919732441471572,0.2144,0.5104166666666666,1.0,0.2860819382292499,0.22386085809196918,0.08324522950573449,0.04455113582598081
313,20,representative,W8A4_channel_p995,8,4,True,99.5,24,0.5870091830262629,0.12725276906374264,0.08335986724640163,0.717948717948718,0.1674,0.54296875,1.0,0.3153103606917514,0.22386085809196918,0.09007715642613005,0.05131669331298227
313,20,representative,W8A4_channel_minmax,8,4,True,100.0,24,0.5243325763579478,0.09913080387306318,0.16320955831832007,0.7235228539576366,0.3576,0.47419804741980476,0.93359375,1.187311504157321,0.22386085809196918,0.2947799139067091,0.1711126344064376
313,20,balanced,W8A8_pooled_p995,8,8,False,99.5,128,0.5920546854400481,0.13298043824043082,0.08211115293853338,0.6989966555183946,0.0283,0.9075520833333333,1.0,0.040015206349967754,0.22386085809196918,0.06838606771536368,0.034086907473084085
313,20,balanced,W4A8_pooled_p995,4,8,False,99.5,128,0.597477573333598,0.12966016594851382,0.08235889569785743,0.7168338907469343,0.1416,0.6979166666666666,1.0,0.12443514909400252,0.22386085809196918,0.0668204515590527,0.03489057328903958
313,20,balanced,W8A4_pooled_p995,8,4,False,99.5,128,0.5864771815581152,0.12919039900873328,0.08307093197348614,0.6231884057971014,0.1646,0.5598958333333333,1.0,0.2522597840408598,0.22386085809196918,0.08040525103503697,0.046044771555885905
313,20,balanced,W4A4_pooled_p995,4,4,False,99.5,128,0.5909482473037728,0.1272450271174444,0.08316151355852118,0.6031215161649944,0.2061,0.5559895833333333,1.0,0.26662617281037104,0.22386085809196918,0.07482609912162022,0.043499108192756604
313,20,balanced,W8A4_channel_p995,8,4,True,99.5,128,0.5807974168046576,0.1263500063699886,0.0838077001139673,0.7391304347826086,0.1732,0.578125,1.0,0.29622477103758027,0.22386085809196918,0.08764360144560676,0.04750218420100889
313,20,balanced,W8A4_channel_minmax,8,4,True,100.0,128,0.5672783458869269,0.11305676808566133,0.09423675163328918,0.7023411371237458,0.2674,0.5164690382081687,0.98828125,0.6574253166980866,0.22386085809196918,0.1358566880379411,0.10063273986883245
313,20,majority_only,W8A8_pooled_p995,8,8,False,99.5,0,0.5921243697944165,0.1328703094993225,0.08209742762792288,0.7034559643255296,0.0337,0.88671875,1.0,0.052050641812703316,0.22386085809196918,0.06980303455735173,0.033533239031800235
313,20,majority_only,W4A8_pooled_p995,4,8,False,99.5,0,0.5987696118899879,0.1302629319280545,0.08228975302035374,0.7146042363433668,0.1441,0.7044270833333333,1.0,0.12554655716959842,0.22386085809196918,0.06749932618836067,0.03527162239023815
313,20,majority_only,W8A4_pooled_p995,8,4,False,99.5,0,0.5847819779848877,0.13170230568644414,0.08363167234674782,0.750278706800446,0.1571,0.5625,1.0,0.3081941570312695,0.22386085809196918,0.09010507548727975,0.046074488490323307
313,20,majority_only,W4A4_pooled_p995,4,4,False,99.5,0,0.5815126305647825,0.1202250518178341,0.08434372078154428,0.745819397993311,0.1955,0.5234375,1.0,0.30942780463447433,0.22386085809196918,0.08741883136241652,0.0465124035652931
313,20,majority_only,W8A4_channel_p995,8,4,True,99.5,0,0.5851027219639574,0.12663581728510154,0.0832356407079489,0.6499442586399108,0.159,0.5598958333333334,1.0,0.25052210084169724,0.22386085809196918,0.0771865912907819,0.04633250296294489
313,20,majority_only,W8A4_channel_minmax,8,4,True,100.0,0,0.5862429612984853,0.12294204204363426,0.08541344065393991,0.7112597547380156,0.2005,0.5130208333333334,1.0,0.41181868840825564,0.22386085809196918,0.09996783398423706,0.06508585148061208
313,21,representative,W8A8_pooled_p995,8,8,False,99.5,18,0.591644784677182,0.13316929398918212,0.08211228541907992,0.6867335562987736,0.0401,0.8841145833333333,1.0,0.052974494107265055,0.22386085809196918,0.06955703955746198,0.03341338143424359
313,21,representative,W4A8_pooled_p995,4,8,False,99.5,18,0.5982139128426306,0.12993957687656477,0.08231165702975754,0.7012263099219621,0.1458,0.6875,1.0,0.1284723083315638,0.22386085809196918,0.06670526729620577,0.03507280132119271
313,21,representative,W8A4_pooled_p995,8,4,False,99.5,18,0.5801011243674675,0.12479075684739263,0.08394800390610019,0.7480490523968785,0.1539,0.5598958333333333,1.0,0.29840746224344605,0.22386085809196918,0.09127177506507231,0.045917040266039544
313,21,representative,W4A4_pooled_p995,4,4,False,99.5,18,0.5864292965272575,0.12605676291488882,0.0838511016688419,0.7536231884057971,0.1937,0.5169270833333333,1.0,0.3095765165835803,0.22386085809196918,0.08626251031388624,0.05062766691237269
313,21,representative,W8A4_channel_p995,8,4,True,99.5,18,0.580851976347489,0.1293420209272421,0.08333649160695844,0.7424749163879598,0.1664,0.58203125,1.0,0.28517127221312605,0.22386085809196918,0.09198611463803175,0.051447768376986946
313,21,representative,W8A4_channel_minmax,8,4,True,100.0,18,0.5830708535574107,0.11929267727482937,0.08525744175963443,0.7224080267558528,0.1981,0.5182291666666667,1.0,0.4086592485176786,0.22386085809196918,0.09971926305697587,0.06370555147150767
313,21,balanced,W8A8_pooled_p995,8,8,False,99.5,128,0.5920627071012277,0.13340931736996542,0.08210342708408765,0.6900780379041248,0.0355,0.8880208333333333,1.0,0.048605478982635224,0.22386085809196918,0.06922536884949237,0.033372101175243696
313,21,balanced,W4A8_pooled_p995,4,8,False,99.5,128,0.5977158350408449,0.12949306568187938,0.08232943085525264,0.7001114827201784,0.1429,0.7018229166666666,1.0,0.12460675469154846,0.22386085809196918,0.06605099477579279,0.03453991742452345
313,21,balanced,W8A4_pooled_p995,8,4,False,99.5,128,0.5872173788126007,0.12991672742251686,0.08339779581820941,0.7246376811594203,0.1546,0.5651041666666665,1.0,0.31192416959181457,0.22386085809196918,0.07988022680219807,0.04966034425008818
313,21,balanced,W4A4_pooled_p995,4,4,False,99.5,128,0.5819207555400593,0.1231753746620849,0.08402831987654713,0.7034559643255296,0.1951,0.5104166666666666,1.0,0.32877261038013794,0.22386085809196918,0.08673575277432567,0.05053659562706335
313,21,balanced,W8A4_channel_p995,8,4,True,99.5,128,0.5780726238339352,0.12424378052880783,0.08411038678720996,0.7201783723522854,0.163,0.5690104166666667,1.0,0.3002800841987013,0.22386085809196918,0.09212584370234958,0.049808126490466384
313,21,balanced,W8A4_channel_minmax,8,4,True,100.0,128,0.5772323088998432,0.12139475134472327,0.0864710829946664,0.7001114827201784,0.2004,0.5006535947712418,0.99609375,0.4420154897767465,0.22386085809196918,0.11153402234621648,0.07459070771002219
313,21,majority_only,W8A8_pooled_p995,8,8,False,99.5,0,0.5926304692573816,0.1334749068500702,0.08209759557656908,0.7012263099219621,0.0315,0.8736979166666666,1.0,0.04553183898961352,0.22386085809196918,0.07086603321806291,0.03339225872696237
313,21,majority_only,W4A8_pooled_p995,4,8,False,99.5,0,0.5980171065904866,0.12947243870659825,0.08234917188489449,0.7146042363433668,0.144,0.6953125,1.0,0.12549813621128447,0.22386085809196918,0.068129652608652,0.034762432948283975
313,21,majority_only,W8A4_pooled_p995,8,4,False,99.5,0,0.5770536891619764,0.12465857446365256,0.08370388004810284,0.68561872909699,0.146,0.5559895833333333,1.0,0.3003880138534664,0.22386085809196918,0.08274252559405215,0.05158071436244363
313,21,majority_only,W4A4_pooled_p995,4,4,False,99.5,0,0.5900811730877309,0.12503983874893468,0.083495032762244,0.6945373467112598,0.1927,0.5690104166666667,1.0,0.3004597735495109,0.22386085809196918,0.09161603137326826,0.049670715958353234
313,21,majority_only,W8A4_channel_p995,8,4,True,99.5,0,0.5821178067284224,0.1296005185310041,0.08351437919236852,0.7134894091415831,0.1582,0.5638020833333333,1.0,0.2846191851753588,0.22386085809196918,0.09103994947121327,0.05156640805370975
313,21,majority_only,W8A4_channel_minmax,8,4,True,100.0,0,0.5529535572760692,0.1092519997015611,0.0921246293221601,0.6577480490523969,0.2415,0.5039370078740157,0.9921875,0.6262441699470169,0.22386085809196918,0.13241943311118506,0.1020040067141616
313,22,representative,W8A8_pooled_p995,8,8,False,99.5,27,0.5919074175382415,0.1330677217435981,0.08210212901607326,0.7023411371237458,0.0283,0.9127604166666666,1.0,0.038407533156859935,0.22386085809196918,0.06991741544442655,0.034239930123153045
313,22,representative,W4A8_pooled_p995,4,8,False,99.5,27,0.598133941167055,0.1301027112635109,0.08231371662792962,0.7134894091415831,0.1409,0.7018229166666666,1.0,0.12394935206460019,0.22386085809196918,0.06842843815252786,0.03483006304879132
313,22,representative,W8A4_pooled_p995,8,4,False,99.5,27,0.5868300734159577,0.12736614196757792,0.08317963366719118,0.6243032329988851,0.1679,0.5690104166666666,1.0,0.2599590450846925,0.22386085809196918,0.08229709628592487,0.04670798602680802
313,22,representative,W4A4_pooled_p995,4,4,False,99.5,27,0.5864177232908994,0.12710770676321603,0.08336729982213954,0.6064659977703456,0.2095,0.5221354166666666,1.0,0.28354152912047137,0.22386085809196918,0.08110709961988578,0.0454771420176852
313,22,representative,W8A4_channel_p995,8,4,True,99.5,27,0.5894000054620777,0.1258402972110109,0.08365083906191992,0.7313266443701226,0.1646,0.55859375,1.0,0.28854128356112885,0.22386085809196918,0.08697845488335115,0.05398964948898871
313,22,representative,W8A4_channel_minmax,8,4,True,100.0,27,0.5729159816106786,0.12233359158085058,0.08634016240776823,0.7023411371237458,0.2123,0.5333333333333332,0.99609375,0.44941013657566203,0.22386085809196918,0.11268703421977472,0.07330784348809744
313,22,balanced,W8A8_pooled_p995,8,8,False,99.5,128,0.5919665084011286,0.13296521197452174,0.08212297189555687,0.6978818283166109,0.0303,0.8867187499999999,1.0,0.04512481138218456,0.22386085809196918,0.06891933244859876,0.03358295648130566
313,22,balanced,W4A8_pooled_p995,4,8,False,99.5,128,0.5984115151374869,0.12977536920316493,0.08232342705777346,0.7112597547380156,0.1435,0.703125,1.0,0.12567789048656247,0.22386085809196918,0.06918374244846842,0.03492247828419465
313,22,balanced,W8A4_pooled_p995,8,4,False,99.5,128,0.5830128036734554,0.12952458460401584,0.08316847842517279,0.673355629877369,0.1519,0.5651041666666666,1.0,0.2648895676740849,0.22386085809196918,0.08620322654741698,0.04564412323301937
313,22,balanced,W4A4_pooled_p995,4,4,False,99.5,128,0.5923738373336929,0.12687672247490245,0.08312507917691563,0.6923076923076923,0.1917,0.5559895833333333,1.0,0.2904423303863254,0.22386085809196918,0.08629668309804112,0.04764252616128921
313,22,balanced,W8A4_channel_p995,8,4,True,99.5,128,0.5841894160365375,0.13071445659252393,0.08345023698900181,0.7079152731326644,0.1587,0.5755208333333334,1.0,0.29475835639556985,0.22386085809196918,0.08981735805426533,0.053780414751410544
313,22,balanced,W8A4_channel_minmax,8,4,True,100.0,128,0.5679289577192322,0.11645756107436371,0.08869018891918445,0.6822742474916388,0.2294,0.5143229166666666,1.0,0.525067088729438,0.22386085809196918,0.1126685849695277,0.08104166192241337
313,22,majority_only,W8A8_pooled_p995,8,8,False,99.5,0,0.5917591698915582,0.13297647673546462,0.08210577786399152,0.6923076923076923,0.0278,0.9075520833333333,1.0,0.04187000995910863,0.22386085809196918,0.0693460383506494,0.034052676556017854
313,22,majority_only,W4A8_pooled_p995,4,8,False,99.5,0,0.5971919164679316,0.1295941759541715,0.08236693791220588,0.7045707915273133,0.1416,0.7005208333333333,1.0,0.12496558860642384,0.22386085809196918,0.06812055438127819,0.03482398588759607
313,22,majority_only,W8A4_pooled_p995,8,4,False,99.5,0,0.5879886829669271,0.1306269534807098,0.08307588720107859,0.6309921962095875,0.1576,0.5768229166666666,1.0,0.24798533628863026,0.22386085809196918,0.08272147431084179,0.044754811452843934
313,22,majority_only,W4A4_pooled_p995,4,4,False,99.5,0,0.5935449386318425,0.12796706367307642,0.0831215017391134,0.6421404682274248,0.1985,0.5481770833333333,1.0,0.2807667695370792,0.22386085809196918,0.08660253205211571,0.04687768909773081
313,22,majority_only,W8A4_channel_p995,8,4,True,99.5,0,0.5786822700835759,0.1241990645565824,0.08342292995349782,0.7346711259754738,0.1788,0.5533854166666666,1.0,0.26936448564921867,0.22386085809196918,0.08390183293169313,0.05033907124238145
313,22,majority_only,W8A4_channel_minmax,8,4,True,100.0,0,0.5792835272677084,0.11837312455548643,0.08656844001528803,0.7157190635451505,0.2045,0.5208333333333333,1.0,0.43434510932239223,0.22386085809196918,0.0951507151693709,0.07009506971320717
313,23,representative,W8A8_pooled_p995,8,8,False,99.5,23,0.5916412331020033,0.1331647645435517,0.08214819967602338,0.7034559643255296,0.0322,0.88671875,1.0,0.04779501277139446,0.22386085809196918,0.07203365119666527,0.033879786942734996
313,23,representative,W4A8_pooled_p995,4,8,False,99.5,23,0.5980042474389775,0.12967578266564728,0.08236094839644141,0.7212931995540691,0.1429,0.6940104166666665,1.0,0.12712657801798807,0.22386085809196918,0.06903443730832994,0.03538259334726031
313,23,representative,W8A4_pooled_p995,8,4,False,99.5,23,0.5861652552829375,0.1301286324945433,0.08329830755818426,0.6956521739130435,0.1439,0.6002604166666665,1.0,0.26064499971019717,0.22386085809196918,0.08904198289922419,0.04584254451707658
313,23,representative,W4A4_pooled_p995,4,4,False,99.5,23,0.5967195569691641,0.12864706293093053,0.083122445730925,0.7079152731326644,0.1852,0.5403645833333333,1.0,0.27073133431573226,0.22386085809196918,0.08105671094681108,0.046363490827192745
313,23,representative,W8A4_channel_p995,8,4,True,99.5,23,0.5790042387437417,0.13039584313004093,0.08336868642482541,0.738015607580825,0.1677,0.5638020833333333,1.0,0.2727606270184776,0.22386085809196918,0.08467333916931404,0.04656102497767972
313,23,representative,W8A4_channel_minmax,8,4,True,100.0,23,0.5564254057154152,0.11641751916152077,0.08877800757928055,0.6900780379041248,0.2404,0.5364583333333333,1.0,0.5183426323807006,0.22386085809196918,0.12072317481112187,0.08045417961545026
313,23,balanced,W8A8_pooled_p995,8,8,False,99.5,128,0.592820845933771,0.13353570942585757,0.08206505939135027,0.7012263099219621,0.0274,0.8932291666666666,1.0,0.041912737297538846,0.22386085809196918,0.0710489470626876,0.033725494623707275
313,23,balanced,W4A8_pooled_p995,4,8,False,99.5,128,0.5975400320694991,0.12937339876322068,0.08236188108313704,0.705685618729097,0.1404,0.69921875,1.0,0.12301523890964676,0.22386085809196918,0.0689426844523301,0.034427798209632744
313,23,balanced,W8A4_pooled_p995,8,4,False,99.5,128,0.5822376417736762,0.1263947935109785,0.08339637575426787,0.6387959866220736,0.1604,0.57421875,1.0,0.29447155701440747,0.22386085809196918,0.08033299417303642,0.04932811526899432
313,23,balanced,W4A4_pooled_p995,4,4,False,99.5,128,0.5841166087453742,0.12128037249996224,0.08389865642496734,0.6443701226309922,0.1991,0.5546875,1.0,0.29123132139449104,0.22386085809196918,0.08102188810288541,0.04801556028470018
313,23,balanced,W8A4_channel_p995,8,4,True,99.5,128,0.5797686846839301,0.12752170549943107,0.08413963263978094,0.7268673355629878,0.1726,0.5703125,1.0,0.31134942573457136,0.22386085809196918,0.09915440289750097,0.053815843306190214
313,23,balanced,W8A4_channel_minmax,8,4,True,100.0,128,0.5597551911476131,0.11190080124395821,0.09562078318134262,0.6811594202898551,0.2663,0.5125164690382081,0.98828125,0.6763574040952904,0.22386085809196918,0.16390900685674153,0.10100030073277957
313,23,majority_only,W8A8_pooled_p995,8,8,False,99.5,0,0.5915706914708676,0.13327708950657258,0.08211952124335221,0.7045707915273133,0.0271,0.9088541666666666,1.0,0.04194322829695798,0.22386085809196918,0.07036258392493161,0.03441047956573352
313,23,majority_only,W4A8_pooled_p995,4,8,False,99.5,0,0.5975191512568105,0.12985949227870594,0.08235799049988234,0.7134894091415831,0.1426,0.7018229166666667,1.0,0.12516402226603485,0.22386085809196918,0.06731889616528342,0.03518805075699824
313,23,majority_only,W8A4_pooled_p995,8,4,False,99.5,0,0.5851772438086553,0.12822700122751898,0.08304800640764472,0.6075808249721293,0.1678,0.5651041666666667,1.0,0.24855421370120118,0.22386085809196918,0.08513022198871603,0.04662935772397034
313,23,majority_only,W4A4_pooled_p995,4,4,False,99.5,0,0.5954915692341003,0.13105309238401391,0.08281768749120326,0.6298773690078038,0.2037,0.5533854166666665,1.0,0.2781037728079353,0.22386085809196918,0.08420306413207157,0.04453883968743738
313,23,majority_only,W8A4_channel_p995,8,4,True,99.5,0,0.5865447227205653,0.12375821858288374,0.08349329644987236,0.717948717948718,0.1565,0.5729166666666666,1.0,0.2821836296094566,0.22386085809196918,0.09116287029682282,0.04773269776997121
313,23,majority_only,W8A4_channel_minmax,8,4,True,100.0,0,0.5800789576396279,0.1241277180961691,0.08811186295088452,0.693422519509476,0.227,0.5052083333333333,1.0,0.5421223585739823,0.22386085809196918,0.122731083491625,0.08773225056311673
