seed,draw,policy,config,weight_bits,activation_bits,per_feature_input,range_percentile,calibration_positives,auroc,auprc,brier,sensitivity,threshold_disagreement,top3_overlap_eligible,eligible_fraction,attr_l1_absolute_mean,fp_attr_l1_absolute_mean,top3_deletion,random3_deletion
311,0,representative,W8A8_pooled_p995,8,8,False,99.5,26,0.6230771435195204,0.14953162925568886,0.08084080497886793,0.7290969899665551,0.0317,0.9231770833333333,1.0,0.03479530097811318,0.19691270505803193,0.06283712931885921,0.034280354398257204
311,0,representative,W4A8_pooled_p995,4,8,False,99.5,26,0.6074124925554698,0.13945609681022245,0.08115916205779004,0.7670011148272018,0.1562,0.7343749999999999,1.0,0.10310117605865973,0.19691270505803193,0.07024835462991635,0.03399168897603604
311,0,representative,W8A4_pooled_p995,8,4,False,99.5,26,0.6159322315367384,0.14468156235000149,0.08134838168729086,0.6878483835005574,0.111,0.6039215686274509,0.99609375,0.1812094392462332,0.19691270505803193,0.07253560516483507,0.04047910811665551
311,0,representative,W4A4_pooled_p995,4,4,False,99.5,26,0.6037401025866366,0.13637921165825537,0.08161978785471873,0.7491638795986622,0.1786,0.6066666666666666,0.9765625,0.1903407879264717,0.19691270505803193,0.07409358698515839,0.04020949975939622
311,0,representative,W8A4_channel_p995,8,4,True,99.5,26,0.6205034761960573,0.14246071165856944,0.08183652955351794,0.7513935340022296,0.1341,0.6171875,1.0,0.1883742209228515,0.19691270505803193,0.07771810815215478,0.04666719389747675
311,0,representative,W8A4_channel_minmax,8,4,True,100.0,26,0.6115882264548018,0.14378720917604837,0.08219730668225265,0.7647714604236343,0.1592,0.5853018372703411,0.9921875,0.23379381346112635,0.19691270505803193,0.08514382327733741,0.04966220287577178
311,0,balanced,W8A8_pooled_p995,8,8,False,99.5,128,0.6232207373780385,0.15034187570188337,0.08080832083097787,0.7146042363433668,0.0257,0.9309895833333333,1.0,0.03104858287964673,0.19691270505803193,0.062617888715593,0.03502565888120299
311,0,balanced,W4A8_pooled_p995,4,8,False,99.5,128,0.6074683380134521,0.14053849161330892,0.08113542528926092,0.7591973244147158,0.158,0.7395833333333333,1.0,0.10285918442721641,0.19691270505803193,0.0703564461553706,0.034394811373194646
311,0,balanced,W8A4_pooled_p995,8,4,False,99.5,128,0.6220982559194042,0.1458160476355997,0.0813210185634228,0.600891861761427,0.142,0.6268260292164674,0.98046875,0.16448169659952344,0.19691270505803193,0.06598077522704772,0.03812778408749981
311,0,balanced,W4A4_pooled_p995,4,4,False,99.5,128,0.6073488703725272,0.1396383508648151,0.08151361735254821,0.6655518394648829,0.1792,0.6082337317397079,0.98046875,0.178383613106515,0.19691270505803193,0.07247917694827027,0.03573878642633396
311,0,balanced,W8A4_channel_p995,8,4,True,99.5,128,0.6127590828167323,0.14605111779775046,0.08155729479548325,0.7324414715719063,0.1246,0.6231884057971014,0.98828125,0.18128338372246894,0.19691270505803193,0.07465424938025221,0.04921074988423079
311,0,balanced,W8A4_channel_minmax,8,4,True,100.0,128,0.5945633834313631,0.12617757889496195,0.08778831685010943,0.7302118171683389,0.2287,0.5205843293492695,0.98046875,0.4658952270971096,0.19691270505803193,0.12071654824570305,0.07706484296844836
311,0,majority_only,W8A8_pooled_p995,8,8,False,99.5,0,0.6233435728919778,0.1495178219380573,0.08082052758095909,0.717948717948718,0.0252,0.9375,1.0,0.03007682451064203,0.19691270505803193,0.06242551056912507,0.03464232370756045
311,0,majority_only,W4A8_pooled_p995,4,8,False,99.5,0,0.6073714657387502,0.1400393893232274,0.08115919218483077,0.7547380156075808,0.1562,0.7434895833333333,1.0,0.10150497309672138,0.19691270505803193,0.06926537288213913,0.034304240131042094
311,0,majority_only,W8A4_pooled_p995,8,4,False,99.5,0,0.6193275986416327,0.1460620251469334,0.08133930963455263,0.5975473801560758,0.1479,0.6106666666666666,0.9765625,0.16377377110639652,0.19691270505803193,0.07232076456588835,0.03743704153095875
311,0,majority_only,W4A4_pooled_p995,4,4,False,99.5,0,0.6068964731756262,0.13934561511617277,0.08129664037010687,0.633221850613155,0.1795,0.608695652173913,0.98828125,0.1738310642959418,0.19691270505803193,0.06977839908711989,0.03433073714315577
311,0,majority_only,W8A4_channel_p995,8,4,True,99.5,0,0.6203925813228051,0.1476062008559466,0.08190669725113123,0.7558528428093646,0.128,0.5994729907773386,0.98828125,0.20355370976235476,0.19691270505803193,0.08648325509670857,0.04654941496269409
311,0,majority_only,W8A4_channel_minmax,8,4,True,100.0,0,0.6052238037345671,0.13674592319622086,0.08352568585686387,0.7279821627647715,0.1858,0.5573122529644269,0.98828125,0.3435334280726684,0.19691270505803193,0.10644574106610752,0.05865752089993148
311,1,representative,W8A8_pooled_p995,8,8,False,99.5,22,0.6230838180314942,0.1501235534998606,0.08082570647882809,0.7190635451505016,0.0268,0.9361979166666665,1.0,0.03025691551984757,0.19691270505803193,0.062052844874371633,0.034524414930391385
311,1,representative,W4A8_pooled_p995,4,8,False,99.5,22,0.6073197841964947,0.140221837431759,0.08115252399934168,0.7536231884057971,0.1565,0.73828125,1.0,0.10247518576659904,0.19691270505803193,0.06941532662410986,0.03430258813536513
311,1,representative,W8A4_pooled_p995,8,4,False,99.5,22,0.6220016285809217,0.14473306083459492,0.08137741166850156,0.6075808249721293,0.1434,0.6296296296296295,0.984375,0.1606500807665152,0.19691270505803193,0.06698532141947605,0.037658513604575
311,1,representative,W4A4_pooled_p995,4,4,False,99.5,22,0.6065310895706036,0.13855019432778504,0.08148454766571263,0.6544035674470458,0.1819,0.6162018592297478,0.98046875,0.17468098369495583,0.19691270505803193,0.07170396040946103,0.035847005758400496
311,1,representative,W8A4_channel_p995,8,4,True,99.5,22,0.6167172521193413,0.14636583972768527,0.0817653171323088,0.7591973244147158,0.1293,0.6181102362204725,0.9921875,0.18849747691399127,0.19691270505803193,0.08121681933754923,0.04723166910908688
311,1,representative,W8A4_channel_minmax,8,4,True,100.0,22,0.6085882476417847,0.14662666426236237,0.0823732046538662,0.770345596432553,0.162,0.5690104166666667,1.0,0.25048469039156807,0.19691270505803193,0.08652483838568048,0.04828263657546433
311,1,balanced,W8A8_pooled_p995,8,8,False,99.5,128,0.6230630596869151,0.1501026330294919,0.0808267782291854,0.7190635451505016,0.0268,0.9231770833333333,1.0,0.0325675865185541,0.19691270505803193,0.06090296141362254,0.034321474496911655
311,1,balanced,W4A8_pooled_p995,4,8,False,99.5,128,0.6072315459235204,0.1401402229813929,0.08114893727054112,0.7636566332218506,0.1556,0.734375,1.0,0.10242055865493163,0.19691270505803193,0.0702631189734536,0.03427303836697877
311,1,balanced,W8A4_pooled_p995,8,4,False,99.5,128,0.61653691782794,0.1449622676610228,0.08129853057533452,0.6421404682274248,0.1138,0.6287581699346404,0.99609375,0.17079792776440855,0.19691270505803193,0.07364693551400452,0.04052876534389692
311,1,balanced,W4A4_pooled_p995,4,4,False,99.5,128,0.6039520336503176,0.1367740083157505,0.08158343599205227,0.6923076923076923,0.1701,0.5915678524374176,0.98828125,0.19312069571958695,0.19691270505803193,0.07190716178454054,0.03830142631474284
311,1,balanced,W8A4_channel_p995,8,4,True,99.5,128,0.6177022018908832,0.14446902318648208,0.08200317797315727,0.7603121516164995,0.1301,0.6431372549019608,0.99609375,0.19974785163124004,0.19691270505803193,0.08389565550731631,0.04898116016247798
311,1,balanced,W8A4_channel_minmax,8,4,True,100.0,128,0.6043117837222982,0.13359504928855243,0.08417628125052423,0.7636566332218506,0.1765,0.5603674540682414,0.9921875,0.3116662387788231,0.19691270505803193,0.09517313874169825,0.057555601041046664
311,1,majority_only,W8A8_pooled_p995,8,8,False,99.5,0,0.6219538660181736,0.14821193345559,0.08086791287149639,0.7146042363433668,0.033,0.9010416666666665,1.0,0.041227078872964305,0.19691270505803193,0.05931151595276073,0.03349209003098168
311,1,majority_only,W4A8_pooled_p995,4,8,False,99.5,0,0.6069632182953639,0.1393148335688365,0.0811553855785806,0.7558528428093646,0.1553,0.7304687499999999,1.0,0.10482862435993816,0.19691270505803193,0.06823363808504695,0.033511240779694126
311,1,majority_only,W8A4_pooled_p995,8,4,False,99.5,0,0.6137862840860896,0.14500983238725745,0.0814754470334009,0.5585284280936454,0.163,0.5949535192563081,0.98046875,0.16137834041169025,0.19691270505803193,0.06393149759155148,0.03542679175937669
311,1,majority_only,W4A4_pooled_p995,4,4,False,99.5,0,0.6022118230468082,0.1379068590618696,0.08158858771531324,0.5863991081382386,0.1942,0.604249667994688,0.98046875,0.17111706167505084,0.19691270505803193,0.06677582651382262,0.03597673186513463
311,1,majority_only,W8A4_channel_p995,8,4,True,99.5,0,0.62442116978844,0.14692698878435234,0.08166865084872223,0.7447045707915273,0.1234,0.6209150326797385,0.99609375,0.18873844908472465,0.19691270505803193,0.08102573565741436,0.04444178114560386
311,1,majority_only,W8A4_channel_minmax,8,4,True,100.0,0,0.6078747484351943,0.13850644418578023,0.08322782744900487,0.758082497212932,0.181,0.5485564304461942,0.9921875,0.32764447523676404,0.19691270505803193,0.09692531665491004,0.05270066186128032
311,2,representative,W8A8_pooled_p995,8,8,False,99.5,32,0.621970705383245,0.14845527014283327,0.08086800355064301,0.7079152731326644,0.03,0.91015625,1.0,0.0386625939337794,0.19691270505803193,0.06119940268349847,0.03350188022651999
311,2,representative,W4A8_pooled_p995,4,8,False,99.5,32,0.6067714944697687,0.13952857528297719,0.08114206940055917,0.7469342251950948,0.1546,0.7369791666666665,1.0,0.10366045030828311,0.19691270505803193,0.06885688077815615,0.03346424992164144
311,2,representative,W8A4_pooled_p995,8,4,False,99.5,32,0.619640320959523,0.14333352639249514,0.08159736510578079,0.7636566332218506,0.1242,0.5958005249343832,0.9921875,0.20076630286305622,0.19691270505803193,0.07963755634022188,0.04582253047948526
311,2,representative,W4A4_pooled_p995,4,4,False,99.5,32,0.6003689229333905,0.13139947551881792,0.08219877649161338,0.7971014492753623,0.1934,0.578125,1.0,0.21408059708157579,0.19691270505803193,0.07688476705931176,0.04109714815836872
311,2,representative,W8A4_channel_p995,8,4,True,99.5,32,0.6147683558570558,0.14702456656117202,0.08177810895328658,0.7391304347826086,0.1212,0.6484375,1.0,0.19218151260094973,0.19691270505803193,0.07928255616874712,0.048629571945997055
311,2,representative,W8A4_channel_minmax,8,4,True,100.0,32,0.6050342843349449,0.14376736315899502,0.08261281371415333,0.7725752508361204,0.1656,0.5729166666666666,1.0,0.27081567151210945,0.19691270505803193,0.09139194703529285,0.050717693583439145
311,2,balanced,W8A8_pooled_p995,8,8,False,99.5,128,0.6224779682932513,0.14869660437761992,0.0808694657640663,0.7201783723522854,0.0258,0.9270833333333333,1.0,0.03446866103903656,0.19691270505803193,0.06193530443424148,0.034037124652911234
311,2,balanced,W4A8_pooled_p995,4,8,False,99.5,128,0.6074507026056682,0.13926087202755927,0.08116312799849736,0.758082497212932,0.1556,0.73828125,1.0,0.10177428918256468,0.19691270505803193,0.068502261049497,0.033807274112846904
311,2,balanced,W8A4_pooled_p995,8,4,False,99.5,128,0.6206843615939519,0.1432705930389802,0.08143451757565241,0.7235228539576366,0.12,0.6007905138339921,0.98828125,0.19026807529233564,0.19691270505803193,0.06842916554380077,0.044163094369253766
311,2,balanced,W4A4_pooled_p995,4,4,False,99.5,128,0.5992412365800976,0.1328737109617017,0.08191550894511813,0.745819397993311,0.1815,0.6039215686274509,0.99609375,0.1977276870513853,0.19691270505803193,0.07296057771352567,0.03944807448233398
311,2,balanced,W8A4_channel_p995,8,4,True,99.5,128,0.6123999450852997,0.1406913074520026,0.08231721920387408,0.750278706800446,0.1294,0.5885416666666666,1.0,0.19865147963416643,0.19691270505803193,0.08663408989134329,0.0475103644499497
311,2,balanced,W8A4_channel_minmax,8,4,True,100.0,128,0.6055893098076993,0.12855300299539135,0.0868974270467384,0.7491638795986622,0.2102,0.5163398692810457,0.99609375,0.4221908965885792,0.19691270505803193,0.1090184140030553,0.0699966264202383
311,2,majority_only,W8A8_pooled_p995,8,8,False,99.5,0,0.6225823723566942,0.14859660387001988,0.08083668548780489,0.7246376811594203,0.0336,0.9140625,1.0,0.038877176452399395,0.19691270505803193,0.06222147404008718,0.03401639138245625
311,2,majority_only,W4A8_pooled_p995,4,8,False,99.5,0,0.6063333648076374,0.13928338726612646,0.08116528088163043,0.7636566332218506,0.1593,0.7330729166666665,1.0,0.1038280093042501,0.19691270505803193,0.06991909744426228,0.03370942420351819
311,2,majority_only,W8A4_pooled_p995,8,4,False,99.5,0,0.6190243676022372,0.14247624782435442,0.08160440985666485,0.7692307692307693,0.1258,0.5984251968503937,0.9921875,0.19147021615259996,0.19691270505803193,0.07262768440054773,0.04223913752980645
311,2,majority_only,W4A4_pooled_p995,4,4,False,99.5,0,0.6032011204362412,0.13474909232467533,0.0820000792465052,0.7803790412486065,0.187,0.5846560846560845,0.984375,0.20496759528424047,0.19691270505803193,0.0758095422489181,0.041369931101954055
311,2,majority_only,W8A4_channel_p995,8,4,True,99.5,0,0.6176415189425711,0.14371632461160835,0.08205952124283203,0.7603121516164995,0.1281,0.62890625,1.0,0.19391900956358546,0.19691270505803193,0.08069682247238362,0.04653139425330884
311,2,majority_only,W8A4_channel_minmax,8,4,True,100.0,0,0.6022779558259979,0.1287572681168107,0.08669971158290002,0.802675585284281,0.2113,0.5398692810457516,0.99609375,0.40544570756814036,0.19691270505803193,0.1009336389510116,0.06962308589415911
311,3,representative,W8A8_pooled_p995,8,8,False,99.5,25,0.622607294617,0.14890309115570605,0.08086994019594083,0.7146042363433668,0.027,0.9388020833333333,1.0,0.03348648079811115,0.19691270505803193,0.0619949317072504,0.034296882370022055
311,3,representative,W4A8_pooled_p995,4,8,False,99.5,25,0.6076310981311244,0.1397094332883435,0.08115542697644439,0.758082497212932,0.1545,0.7395833333333333,1.0,0.10184990223308205,0.19691270505803193,0.07073097204005602,0.03389725374133315
311,3,representative,W8A4_pooled_p995,8,4,False,99.5,25,0.6203262036073962,0.14607888171306416,0.0812540545050896,0.7034559643255296,0.1107,0.6128608923884515,0.9921875,0.18675911805194134,0.19691270505803193,0.0758621743540109,0.04290195566397277
311,3,representative,W4A4_pooled_p995,4,4,False,99.5,25,0.6022622799079677,0.13275154093051483,0.0819576859023557,0.7346711259754738,0.1748,0.5942028985507246,0.98828125,0.18993239182411614,0.19691270505803193,0.07430594295976432,0.04042665911640933
311,3,representative,W8A4_channel_p995,8,4,True,99.5,25,0.6099414590189252,0.14385161551800202,0.08226221477917348,0.7513935340022296,0.13,0.5931758530183726,0.9921875,0.207177356684727,0.19691270505803193,0.08446948820746598,0.04850547648136313
311,3,representative,W8A4_channel_minmax,8,4,True,100.0,25,0.6070136139224686,0.13561638944162735,0.08374480502637828,0.7513935340022296,0.1805,0.5372549019607843,0.99609375,0.3352644969384035,0.19691270505803193,0.1046002349132036,0.06410162566519023
311,3,balanced,W8A8_pooled_p995,8,8,False,99.5,128,0.621983870705028,0.14724298976404943,0.08089813794503274,0.7201783723522854,0.0309,0.9140625,1.0,0.03820886562908492,0.19691270505803193,0.06085544362312159,0.03383772040192272
311,3,balanced,W4A8_pooled_p995,4,8,False,99.5,128,0.6072435477982623,0.1388779191932708,0.08118181985827953,0.7614269788182831,0.1576,0.7382812499999999,1.0,0.1030694165833679,0.19691270505803193,0.06898662608087049,0.033774916695300444
311,3,balanced,W8A4_pooled_p995,8,4,False,99.5,128,0.614310876233606,0.1405310246178464,0.08184111905402815,0.7469342251950948,0.1276,0.6028645833333334,1.0,0.20417076825612357,0.19691270505803193,0.07487000796274142,0.04367067290828809
311,3,balanced,W4A4_pooled_p995,4,4,False,99.5,128,0.5995713493695526,0.1338933617414023,0.08213308820514864,0.7859531772575251,0.1954,0.5378486055776892,0.98046875,0.22962594976476972,0.19691270505803193,0.07521800669261071,0.04283020062789508
311,3,balanced,W8A4_channel_p995,8,4,True,99.5,128,0.6166413831254376,0.15053506254824833,0.08145582078869631,0.7357859531772575,0.1251,0.5984251968503937,0.9921875,0.20169546911643949,0.19691270505803193,0.0811549273905029,0.0495083504648064
311,3,balanced,W8A4_channel_minmax,8,4,True,100.0,128,0.5912711957088154,0.13013099473618828,0.08475265475037164,0.7279821627647715,0.202,0.5303030303030304,0.9453125,0.3722240786822786,0.19691270505803193,0.10481084720898673,0.0633049293831047
311,3,majority_only,W8A8_pooled_p995,8,8,False,99.5,0,0.6219439461012951,0.1477530165116438,0.0808766526412592,0.7212931995540691,0.0305,0.9140625,1.0,0.03721193908638215,0.19691270505803193,0.060026187441131036,0.033811435348679156
311,3,majority_only,W4A8_pooled_p995,4,8,False,99.5,0,0.6073454412654581,0.13896703231143098,0.0811790847492274,0.7614269788182831,0.1572,0.734375,1.0,0.10248423073878796,0.19691270505803193,0.06912935796878866,0.0337394610808769
311,3,majority_only,W8A4_pooled_p995,8,4,False,99.5,0,0.6169674544672753,0.14299105197523898,0.08164181675336454,0.7569676700111483,0.128,0.594488188976378,0.9921875,0.21030178392454751,0.19691270505803193,0.07729053942098119,0.04549611514232674
311,3,majority_only,W4A4_pooled_p995,4,4,False,99.5,0,0.6020010554301686,0.1334865600487352,0.08204228661563515,0.7892976588628763,0.1909,0.5573122529644269,0.98828125,0.21866348760505402,0.19691270505803193,0.0735358814970829,0.04177067690659314
311,3,majority_only,W8A4_channel_p995,8,4,True,99.5,0,0.6179402798959658,0.14699933470014162,0.08124182161256976,0.6700111482720178,0.1236,0.6179183135704874,0.98828125,0.18607381870569378,0.19691270505803193,0.06642184665867941,0.04134942271855298
311,3,majority_only,W8A4_channel_minmax,8,4,True,100.0,0,0.6116634218741025,0.14078004132739513,0.08259899276747787,0.7837235228539576,0.165,0.5638998682476943,0.98828125,0.2573410701613814,0.19691270505803193,0.07880231341049743,0.048037435799809916
311,4,representative,W8A8_pooled_p995,8,8,False,99.5,19,0.6223833004445225,0.14844479758912948,0.08087916103890476,0.7134894091415831,0.0259,0.9361979166666666,1.0,0.032857087234114304,0.19691270505803193,0.06123481863450414,0.0340657925307791
311,4,representative,W4A8_pooled_p995,4,8,False,99.5,19,0.6073476456914311,0.13947859003856677,0.08116713916353444,0.7569676700111483,0.1551,0.7369791666666665,1.0,0.10195724761164902,0.19691270505803193,0.06990694228213257,0.03380033337416856
311,4,representative,W8A4_pooled_p995,8,4,False,99.5,19,0.6206594393336461,0.14622070485047706,0.08128334179567472,0.7068004459308808,0.1089,0.603425559947299,0.98828125,0.19164555884229922,0.19691270505803193,0.07719555170788107,0.04458818850038383
311,4,representative,W4A4_pooled_p995,4,4,False,99.5,19,0.6024727413543332,0.13270484966539847,0.08189855447654061,0.7246376811594203,0.1687,0.606060606060606,0.98828125,0.191622365398236,0.19691270505803193,0.07096759087343973,0.039792385051422366
311,4,representative,W8A4_channel_p995,8,4,True,99.5,19,0.6201034953500696,0.14848683481969194,0.08178865903741173,0.7513935340022296,0.1222,0.6248366013071894,0.99609375,0.18749675404710586,0.19691270505803193,0.08402254269925541,0.04898987368855582
311,4,representative,W8A4_channel_minmax,8,4,True,100.0,19,0.5985324523957273,0.1377977699162894,0.08410031427641586,0.7001114827201784,0.1763,0.536,0.9765625,0.37904527098639224,0.19691270505803193,0.10127353905597311,0.06604574181563595
311,4,balanced,W8A8_pooled_p995,8,8,False,99.5,128,0.6226892257823293,0.1488181831138511,0.08087315544090534,0.7157190635451505,0.0273,0.9375,1.0,0.032575188408303375,0.19691270505803193,0.06214848606058139,0.034165201957741066
311,4,balanced,W4A8_pooled_p995,4,8,False,99.5,128,0.607299883128683,0.13956779259216012,0.0811577991543265,0.7591973244147158,0.1561,0.7369791666666665,1.0,0.10159339207445217,0.19691270505803193,0.06930693714867484,0.03382584371213579
311,4,balanced,W8A4_pooled_p995,8,4,False,99.5,128,0.6236285561830414,0.1462537763620217,0.08121165487094738,0.7101449275362319,0.1074,0.5997375328083989,0.9921875,0.1846163799387559,0.19691270505803193,0.07540961142811586,0.04390118275206886
311,4,balanced,W4A4_pooled_p995,4,4,False,99.5,128,0.6038259527314737,0.13596712125057148,0.08175751413293277,0.725752508361204,0.1738,0.5906666666666667,0.9765625,0.1847588192323004,0.19691270505803193,0.07219477089242662,0.04125765783430667
311,4,balanced,W8A4_channel_p995,8,4,True,99.5,128,0.6115654473864143,0.1472272675499373,0.08170653561063834,0.7402452619843924,0.1251,0.5885416666666665,1.0,0.1911510498989984,0.19691270505803193,0.0833926743987312,0.04669128493147351
311,4,balanced,W8A4_channel_minmax,8,4,True,100.0,128,0.5998407792106956,0.1365154524479198,0.08396778147423317,0.7290969899665551,0.1981,0.5414965986394559,0.95703125,0.3557204369783339,0.19691270505803193,0.09555739784239363,0.05913504087202299
311,4,majority_only,W8A8_pooled_p995,8,8,False,99.5,0,0.6220529427188484,0.14822152871727892,0.08087179585835638,0.7212931995540691,0.0321,0.9153645833333333,1.0,0.03781479821800028,0.19691270505803193,0.06265648567484351,0.03391120452261104
311,4,majority_only,W4A8_pooled_p995,4,8,False,99.5,0,0.6074486818818596,0.1391100437462484,0.08116859991434044,0.7603121516164995,0.157,0.7317708333333333,1.0,0.10337429947170634,0.19691270505803193,0.06960168596560802,0.033722615660952374
311,4,majority_only,W8A4_pooled_p995,8,4,False,99.5,0,0.6156989910219853,0.14392350113297828,0.08159569121151442,0.7513935340022296,0.1267,0.5968379446640316,0.98828125,0.20578730638159193,0.19691270505803193,0.07361644274714726,0.04467552874220743
311,4,majority_only,W4A4_pooled_p995,4,4,False,99.5,0,0.6042215247255153,0.1337445943230608,0.08194229440626925,0.7937569676700111,0.1928,0.5520833333333333,1.0,0.21694172266170342,0.19691270505803193,0.07463996873682732,0.04132348412180292
311,4,majority_only,W8A4_channel_p995,8,4,True,99.5,0,0.6150560334465306,0.14482713479327985,0.08132506185252276,0.6644370122630993,0.1237,0.6152832674571803,0.98828125,0.17698953236559722,0.19691270505803193,0.06567006013371829,0.0407718426225013
311,4,majority_only,W8A4_channel_minmax,8,4,True,100.0,0,0.6079361661921641,0.13293485845249747,0.08310909896292894,0.7146042363433668,0.1726,0.5757575757575757,0.98828125,0.283113063702772,0.19691270505803193,0.08630770368574181,0.05036593270646418
311,5,representative,W8A8_pooled_p995,8,8,False,99.5,21,0.6220472479517515,0.14811078125078264,0.08087244656423877,0.7212931995540691,0.0312,0.9101562499999999,1.0,0.03716451262126416,0.19691270505803193,0.06205462304559389,0.03367301561962033
311,5,representative,W4A8_pooled_p995,4,8,False,99.5,21,0.6067253852265005,0.1391058508036623,0.08117425359042478,0.7625418060200669,0.1574,0.734375,1.0,0.10344565295117918,0.19691270505803193,0.06941375966084169,0.03369137439712583
311,5,representative,W8A4_pooled_p995,8,4,False,99.5,21,0.6160976859528221,0.14314421456491744,0.08166501275101323,0.7513935340022296,0.1253,0.6023622047244095,0.9921875,0.19582083222887114,0.19691270505803193,0.0741232897134473,0.04644499520958155
311,5,representative,W4A4_pooled_p995,4,4,False,99.5,21,0.6006752156755262,0.13413244401590957,0.08199581332667949,0.7837235228539576,0.1883,0.5582010582010581,0.984375,0.21523894302712795,0.19691270505803193,0.08273985874369705,0.04274425059347402
311,5,representative,W8A4_channel_p995,8,4,True,99.5,21,0.6134622334680605,0.14248254804481858,0.08178242662349187,0.7513935340022296,0.1309,0.625,1.0,0.19344277192785034,0.19691270505803193,0.08148521575624693,0.042077831778187094
311,5,representative,W8A4_channel_minmax,8,4,True,100.0,21,0.6100026318396755,0.14082921965902895,0.08250929506075522,0.7558528428093646,0.1571,0.594488188976378,0.9921875,0.2445555075546343,0.19691270505803193,0.07819091968878335,0.04990776110745577
311,5,balanced,W8A8_pooled_p995,8,8,False,99.5,128,0.62169564200906,0.14752621968750984,0.08088194615240953,0.7212931995540691,0.0326,0.91796875,1.0,0.0361616799622676,0.19691270505803193,0.0615876056823704,0.03382288352345396
311,5,balanced,W4A8_pooled_p995,4,8,False,99.5,128,0.6069662799981042,0.13887805486358934,0.08118853518277243,0.7636566332218506,0.1587,0.7304687499999999,1.0,0.10298411435346734,0.19691270505803193,0.06799568776621624,0.03353570196029794
311,5,balanced,W8A4_pooled_p995,8,4,False,99.5,128,0.6167079445430108,0.14280276191125924,0.08156067049582037,0.7424749163879598,0.1303,0.5846354166666667,1.0,0.20354937724617816,0.19691270505803193,0.07393654715329133,0.04588540580880206
311,5,balanced,W4A4_pooled_p995,4,4,False,99.5,128,0.6036568242721015,0.13538662094152581,0.08202375988792111,0.8182831661092531,0.2105,0.5830065359477123,0.99609375,0.2089693309861991,0.19691270505803193,0.07580333215242499,0.03917029555294119
311,5,balanced,W8A4_channel_p995,8,4,True,99.5,128,0.6088162832618793,0.1418645023180574,0.08238254295533916,0.738015607580825,0.1238,0.6231884057971014,0.98828125,0.19621853045663312,0.19691270505803193,0.08571195897510031,0.04880285238989707
311,5,balanced,W8A4_channel_minmax,8,4,True,100.0,128,0.5960526568782806,0.1273224951502755,0.08571499980396934,0.7647714604236343,0.2,0.5393700787401576,0.9921875,0.35547319308115866,0.19691270505803193,0.09769966475066713,0.06122064499205562
311,5,majority_only,W8A8_pooled_p995,8,8,False,99.5,0,0.6219979545376332,0.14812397114626202,0.08087036106625314,0.7224080267558528,0.0318,0.91796875,1.0,0.037399875438938024,0.19691270505803193,0.06142762886987522,0.03385602802945151
311,5,majority_only,W4A8_pooled_p995,4,8,False,99.5,0,0.6071530438652601,0.13900442440075686,0.08117331031324132,0.7614269788182831,0.1571,0.7356770833333333,1.0,0.10347336209781548,0.19691270505803193,0.06859258892156919,0.03374114295964147
311,5,majority_only,W8A4_pooled_p995,8,4,False,99.5,0,0.6149945544555062,0.14301146053555036,0.08162829745790244,0.7513935340022296,0.1241,0.6049868766404201,0.9921875,0.20123671900849965,0.19691270505803193,0.07302967222627324,0.0457925090482046
311,5,majority_only,W4A4_pooled_p995,4,4,False,99.5,0,0.6033877618352874,0.13443131341205677,0.08188660056796247,0.7926421404682275,0.1917,0.5712418300653594,0.99609375,0.21469313651041833,0.19691270505803193,0.07597363793426057,0.041660987601746344
311,5,majority_only,W8A4_channel_p995,8,4,True,99.5,0,0.6173838460399508,0.143998675323393,0.08190762859880933,0.7547380156075808,0.1278,0.5862977602108036,0.98828125,0.19460394818559615,0.19691270505803193,0.07872855013161542,0.04508783814319433
311,5,majority_only,W8A4_channel_minmax,8,4,True,100.0,0,0.599071373312068,0.13253940025207944,0.08396292800130586,0.7101449275362319,0.1776,0.536,0.9765625,0.33779991692667843,0.19691270505803193,0.09005036354164167,0.0629371104215638
311,6,representative,W8A8_pooled_p995,8,8,False,99.5,22,0.6215589063646799,0.14788500193200987,0.08089507869605524,0.7079152731326644,0.0297,0.9192708333333333,1.0,0.038177054131753096,0.19691270505803193,0.059866751005802035,0.033650117280111524
311,6,representative,W4A8_pooled_p995,4,8,False,99.5,22,0.6071762515720313,0.1389932747096777,0.08117070951133142,0.7558528428093646,0.1551,0.7330729166666666,1.0,0.10354395166114558,0.19691270505803193,0.06884658254839028,0.03351346515406202
311,6,representative,W8A4_pooled_p995,8,4,False,99.5,22,0.6159001448920205,0.14140924947721084,0.08180628598459573,0.7681159420289855,0.1326,0.5872395833333333,1.0,0.2003962681537629,0.19691270505803193,0.07411719474640284,0.04381948861311269
311,6,representative,W4A4_pooled_p995,4,4,False,99.5,22,0.5993479063035683,0.13228801765344855,0.08220579272859145,0.8127090301003345,0.2079,0.5581699346405228,0.99609375,0.21931777407959785,0.19691270505803193,0.07541347154422279,0.039905402817522896
311,6,representative,W8A4_channel_p995,8,4,True,99.5,22,0.6194051821890709,0.1490240673910674,0.08123435281175288,0.68561872909699,0.1161,0.5997375328083989,0.9921875,0.19042448298220183,0.19691270505803193,0.07215433621116665,0.041677706968903494
311,6,representative,W8A4_channel_minmax,8,4,True,100.0,22,0.5972178797071689,0.13618759149327198,0.08410410096183404,0.7079152731326644,0.1808,0.5436507936507936,0.984375,0.36188236277204966,0.19691270505803193,0.09558776507664739,0.06195999425919789
311,6,balanced,W8A8_pooled_p995,8,8,False,99.5,128,0.6234973316035938,0.15058736009522067,0.0807961645025743,0.7224080267558528,0.0278,0.9309895833333333,1.0,0.030658717572469088,0.19691270505803193,0.061477832370062144,0.034687722268296986
311,6,balanced,W4A8_pooled_p995,4,8,False,99.5,128,0.6067634115745345,0.14054175137310682,0.08114567169030962,0.7625418060200669,0.1579,0.7395833333333333,1.0,0.10287461938023915,0.19691270505803193,0.0704825992857337,0.03430042966926551
311,6,balanced,W8A4_pooled_p995,8,4,False,99.5,128,0.6192889599530506,0.14478298866239256,0.08142294397611524,0.6020066889632107,0.1375,0.6190476190476191,0.984375,0.1655460578484072,0.19691270505803193,0.06496913711791932,0.036777154957167726
311,6,balanced,W4A4_pooled_p995,4,4,False,99.5,128,0.6085124398819359,0.1405146430054707,0.08149416231733289,0.6510590858416946,0.1855,0.5946666666666667,0.9765625,0.17662971155060042,0.19691270505803193,0.07570174927549067,0.034263474534692
311,6,balanced,W8A4_channel_p995,8,4,True,99.5,128,0.6156258163264932,0.14867759428577004,0.08177144723802349,0.7424749163879598,0.1342,0.6326797385620915,0.99609375,0.1879949234130627,0.19691270505803193,0.08523921770249597,0.04497099153926898
311,6,balanced,W8A4_channel_minmax,8,4,True,100.0,128,0.6128400342371847,0.14698132531629715,0.0822573044685204,0.7591973244147158,0.1707,0.5656167979002624,0.9921875,0.2606700783428419,0.19691270505803193,0.08409056649387384,0.05195490809912374
311,6,majority_only,W8A8_pooled_p995,8,8,False,99.5,0,0.6220317557358858,0.14836594548665177,0.08086091030427604,0.717948717948718,0.0327,0.9153645833333333,1.0,0.03794796878736769,0.19691270505803193,0.060834827933716085,0.03387807657899767
311,6,majority_only,W4A8_pooled_p995,4,8,False,99.5,0,0.6064652017276331,0.138983449158399,0.08117228283171475,0.7614269788182831,0.1586,0.734375,1.0,0.10380602338709688,0.19691270505803193,0.06962491102076837,0.03402528213947345
311,6,majority_only,W8A4_pooled_p995,8,4,False,99.5,0,0.6183640195552179,0.14413141977611382,0.08157655945621105,0.7647714604236343,0.1261,0.5876152832674573,0.98828125,0.19406746094553673,0.19691270505803193,0.07522850603656435,0.04404999099940242
311,6,majority_only,W4A4_pooled_p995,4,4,False,99.5,0,0.6008938212511807,0.13281739238935336,0.08215809879025986,0.7915273132664437,0.1892,0.5744400527009222,0.98828125,0.21458199478655235,0.19691270505803193,0.08180906245192734,0.041904259429711564
311,6,majority_only,W8A4_channel_p995,8,4,True,99.5,0,0.6170488957601663,0.15020921729559952,0.0816353947821991,0.7201783723522854,0.1213,0.6196078431372549,0.99609375,0.1942406076795829,0.19691270505803193,0.08645964627881421,0.04933150470616229
311,6,majority_only,W8A4_channel_minmax,8,4,True,100.0,0,0.6015418000191295,0.12907087606602374,0.08600914252048682,0.7714604236343366,0.2026,0.5529411764705883,0.99609375,0.4033268827949445,0.19691270505803193,0.11003208718207397,0.0684925685141044
311,7,representative,W8A8_pooled_p995,8,8,False,99.5,22,0.6224366353062578,0.14843744947149556,0.0808627335166414,0.725752508361204,0.033,0.9166666666666666,1.0,0.037653343387891315,0.19691270505803193,0.06108692014612027,0.03397644321189344
311,7,representative,W4A8_pooled_p995,4,8,False,99.5,22,0.6065931809021761,0.1390935161816108,0.08116570937091565,0.7625418060200669,0.1582,0.7330729166666665,1.0,0.10392888182576204,0.19691270505803193,0.06931347022271667,0.0340402743818288
311,7,representative,W8A4_pooled_p995,8,4,False,99.5,22,0.6196398310870846,0.1458066968463802,0.0815178434730097,0.7670011148272018,0.1255,0.603425559947299,0.98828125,0.19916155301161134,0.19691270505803193,0.07656928207063592,0.0466476907678944
311,7,representative,W4A4_pooled_p995,4,4,False,99.5,22,0.6003564924202651,0.13397590582536384,0.08211931890405792,0.7848383500557413,0.1932,0.578125,1.0,0.21399909053487798,0.19691270505803193,0.07443428282617626,0.041230159152854245
311,7,representative,W8A4_channel_p995,8,4,True,99.5,22,0.6149750820260781,0.14540708394082144,0.08216763732333515,0.7558528428093646,0.1312,0.6482939632545931,0.9921875,0.20112395751152357,0.19691270505803193,0.08427552668465643,0.04742924878739778
311,7,representative,W8A4_channel_minmax,8,4,True,100.0,22,0.6077849180767951,0.1399500540587623,0.08260774261229374,0.7591973244147158,0.1584,0.566137566137566,0.984375,0.2615168787134453,0.19691270505803193,0.08790527169539256,0.04802679868628622
311,7,balanced,W8A8_pooled_p995,8,8,False,99.5,128,0.6219723587027247,0.14786776255044265,0.08088139319509415,0.7068004459308808,0.029,0.9192708333333333,1.0,0.037299679165742984,0.19691270505803193,0.06026606889718714,0.03362920808564089
311,7,balanced,W4A8_pooled_p995,4,8,False,99.5,128,0.6074750737594807,0.13938207267099276,0.0811566255528559,0.7447045707915273,0.1551,0.7330729166666665,1.0,0.10287208233818478,0.19691270505803193,0.06930097934304427,0.03354923544578366
311,7,balanced,W8A4_pooled_p995,8,4,False,99.5,128,0.6177799079064309,0.14133973520423104,0.08172333958507955,0.7480490523968785,0.13,0.58203125,1.0,0.20001698989739616,0.19691270505803193,0.07366349141813563,0.043431430827181296
311,7,balanced,W4A4_pooled_p995,4,4,False,99.5,128,0.6008628368194493,0.13169967814695305,0.08221996897386795,0.8149386845039019,0.2105,0.549407114624506,0.98828125,0.21744784056496527,0.19691270505803193,0.07853626285889707,0.03973850963911049
311,7,balanced,W8A4_channel_p995,8,4,True,99.5,128,0.6125061861703867,0.1437119904154553,0.08214165780339946,0.7435897435897436,0.1329,0.5931758530183726,0.9921875,0.20387145789907685,0.19691270505803193,0.07573617517431291,0.04424512771918291
311,7,balanced,W8A4_channel_minmax,8,4,True,100.0,128,0.6102393014614977,0.1410238814764792,0.08291910321128608,0.7692307692307693,0.1676,0.5450980392156862,0.99609375,0.30157779750422,0.19691270505803193,0.08562178505018728,0.0527779159018753
311,7,majority_only,W8A8_pooled_p995,8,8,False,99.5,0,0.6223409264785973,0.14854204900137996,0.0808543762054834,0.7246376811594203,0.0334,0.90625,1.0,0.038600032175440405,0.19691270505803193,0.06167680594409687,0.033890676790053476
311,7,majority_only,W4A8_pooled_p995,4,8,False,99.5,0,0.6070030204309873,0.13938615959852688,0.08115347900953998,0.7614269788182831,0.1601,0.7330729166666665,1.0,0.10336380829380858,0.19691270505803193,0.07007848454745097,0.03377581200020853
311,7,majority_only,W8A4_pooled_p995,8,4,False,99.5,0,0.6168467009111995,0.14201819402945803,0.08162903750194442,0.7513935340022296,0.1229,0.5928853754940712,0.98828125,0.20196327292664862,0.19691270505803193,0.07812529883549577,0.04479785397318237
311,7,majority_only,W4A4_pooled_p995,4,4,False,99.5,0,0.6039113742379268,0.13341723100345104,0.0821560266260718,0.802675585284281,0.1965,0.5895424836601306,0.99609375,0.1989508155950271,0.19691270505803193,0.07364508454608865,0.03976959555583948
311,7,majority_only,W8A4_channel_p995,8,4,True,99.5,0,0.6160906440365196,0.14551365198340704,0.08185597251444919,0.7402452619843924,0.1255,0.6377952755905512,0.9921875,0.19792187687019328,0.19691270505803193,0.08172546862542965,0.04752087947247233
311,7,majority_only,W8A4_channel_minmax,8,4,True,100.0,0,0.6043345015566309,0.13656761064845246,0.08364268020599445,0.758082497212932,0.1794,0.5398692810457516,0.99609375,0.33848252988782024,0.19691270505803193,0.09709672224487287,0.060479817505965164
311,8,representative,W8A8_pooled_p995,8,8,False,99.5,28,0.6225482037541129,0.1487705053118444,0.08086508558088486,0.7201783723522854,0.0285,0.9283854166666666,1.0,0.03557779341059859,0.19691270505803193,0.061265697964411635,0.03412100913486961
311,8,representative,W4A8_pooled_p995,4,8,False,99.5,28,0.6070250034566624,0.13939872024708017,0.08116717100185196,0.7569676700111483,0.1556,0.734375,1.0,0.10286317792666999,0.19691270505803193,0.07021273830244419,0.03395698327054386
311,8,representative,W8A4_pooled_p995,8,4,False,99.5,28,0.616637770316204,0.1464128511169544,0.08133860527758226,0.7157190635451505,0.1121,0.6086956521739131,0.98828125,0.19706594642906144,0.19691270505803193,0.07466214172459784,0.04426609264416968
311,8,representative,W4A4_pooled_p995,4,4,False,99.5,28,0.5951776834691689,0.13108578916537372,0.08195039352038834,0.7357859531772575,0.1824,0.6036745406824147,0.9921875,0.18915455858565608,0.19691270505803193,0.06738056434313669,0.039271510498475354
311,8,representative,W8A4_channel_p995,8,4,True,99.5,28,0.6213444034706973,0.14802426745726166,0.08170277299673116,0.758082497212932,0.1283,0.6194225721784776,0.9921875,0.18074863536042024,0.19691270505803193,0.07988287058169034,0.046027079832223296
311,8,representative,W8A4_channel_minmax,8,4,True,100.0,28,0.6010252295327927,0.14055525741117197,0.0832081254776783,0.7491638795986622,0.1747,0.5428194993412384,0.98828125,0.3008233181622417,0.19691270505803193,0.09305286730959433,0.05738930220142728
311,8,balanced,W8A8_pooled_p995,8,8,False,99.5,128,0.6232729087927327,0.14984420279413335,0.08082068851618585,0.717948717948718,0.0239,0.9401041666666666,1.0,0.029962638640128776,0.19691270505803193,0.06292850397343422,0.03449189163218
311,8,balanced,W4A8_pooled_p995,4,8,False,99.5,128,0.6077050688693292,0.1401453709242665,0.08113745125305505,0.7558528428093646,0.1559,0.7421874999999999,1.0,0.10092638017077865,0.19691270505803193,0.06871898877354787,0.03406070332342379
311,8,balanced,W8A4_pooled_p995,8,4,False,99.5,128,0.6215534565338023,0.14708935919624855,0.08129311320428144,0.6254180602006689,0.1235,0.6416337285902503,0.98828125,0.1674830285290352,0.19691270505803193,0.07137630657206145,0.039116905080167796
311,8,balanced,W4A4_pooled_p995,4,4,False,99.5,128,0.607241710776618,0.13967429755030292,0.08140073477606617,0.6588628762541806,0.1804,0.5968379446640316,0.98828125,0.1814626895946341,0.19691270505803193,0.07512435420122729,0.036582292783387475
311,8,balanced,W8A4_channel_p995,8,4,True,99.5,128,0.6094232352131085,0.1445846604328767,0.0819501885325613,0.7313266443701226,0.1326,0.6,0.99609375,0.20869327563005,0.19691270505803193,0.08677743068459248,0.04751598071083023
311,8,balanced,W8A4_channel_minmax,8,4,True,100.0,128,0.599106582893581,0.1336460068481667,0.08610260515132503,0.7513935340022296,0.2178,0.5373333333333332,0.9765625,0.4135813498818649,0.19691270505803193,0.11118003556759076,0.06784750212048483
311,8,majority_only,W8A8_pooled_p995,8,8,False,99.5,0,0.6222638328035974,0.14842167807632503,0.08086528386399863,0.7101449275362319,0.0318,0.9088541666666666,1.0,0.039569788680384306,0.19691270505803193,0.06082299638692299,0.033598240383871304
311,8,majority_only,W4A8_pooled_p995,4,8,False,99.5,0,0.6070231664350183,0.13967009906447503,0.08113141525258392,0.750278706800446,0.1553,0.734375,1.0,0.10398745467468967,0.19691270505803193,0.06776918066320181,0.03344314479367772
311,8,majority_only,W8A4_pooled_p995,8,4,False,99.5,0,0.6164346569564152,0.1439936106222937,0.081584917870733,0.7614269788182831,0.1243,0.5905511811023622,0.9921875,0.19935664763575467,0.19691270505803193,0.07387927185777918,0.04388297689080879
311,8,majority_only,W4A4_pooled_p995,4,4,False,99.5,0,0.601201828546851,0.13132079329789922,0.0822692245107129,0.7926421404682275,0.1987,0.59765625,1.0,0.2007179587183062,0.19691270505803193,0.07362337718645252,0.0405219079429509
311,8,majority_only,W8A4_channel_p995,8,4,True,99.5,0,0.6209395239003253,0.14727043491416852,0.08135977319965781,0.7681159420289855,0.1252,0.6042496679946878,0.98046875,0.1939059876360663,0.19691270505803193,0.07731952468924032,0.04589028976780031
311,8,majority_only,W8A4_channel_minmax,8,4,True,100.0,0,0.6136483237606135,0.1481116652384312,0.08233908830562468,0.7658862876254181,0.1579,0.5738562091503269,0.99609375,0.2608612215358323,0.19691270505803193,0.08915604790855905,0.05374220582929195
311,9,representative,W8A8_pooled_p995,8,8,False,99.5,22,0.6214567679612648,0.14766845288484204,0.08089927597918423,0.7068004459308808,0.0294,0.9205729166666666,1.0,0.038133754693951194,0.19691270505803193,0.06057838309756787,0.03355088724265161
311,9,representative,W4A8_pooled_p995,4,8,False,99.5,22,0.6073480743298147,0.1393521145187271,0.08116127605204912,0.7469342251950948,0.154,0.7356770833333333,1.0,0.10287517656141876,0.19691270505803193,0.06758311618875133,0.033480360714386564
311,9,representative,W8A4_pooled_p995,8,4,False,99.5,22,0.6162344215972021,0.14198216522535465,0.08175142845144034,0.7681159420289855,0.1354,0.5908496732026144,0.99609375,0.206152919301486,0.19691270505803193,0.07756956317111463,0.04454938905102565
311,9,representative,W4A4_pooled_p995,4,4,False,99.5,22,0.596958553485069,0.13027890675544668,0.08233047000698851,0.798216276477146,0.2022,0.5485564304461942,0.9921875,0.22628065035359224,0.19691270505803193,0.07534154452908938,0.0422482525496557
311,9,representative,W8A4_channel_p995,8,4,True,99.5,22,0.6240069826417376,0.15020419992624232,0.08140863325900985,0.7447045707915273,0.1312,0.6209150326797385,0.99609375,0.19133290170064457,0.19691270505803193,0.07851576586817023,0.04506931771773072
311,9,representative,W8A4_channel_minmax,8,4,True,100.0,22,0.5251738098028619,0.09978118218679284,0.18896709304542447,0.9175027870680045,0.3882,0.4666666666666666,0.56640625,0.7886188718988513,0.19691270505803193,0.22791452825876732,0.10769072578687554
311,9,balanced,W8A8_pooled_p995,8,8,False,99.5,128,0.6221831263193642,0.14788353889400613,0.08087018826639755,0.7212931995540691,0.0324,0.921875,1.0,0.03711313226296678,0.19691270505803193,0.060757004183204726,0.03390467806543102
311,9,balanced,W4A8_pooled_p995,4,8,False,99.5,128,0.6073218049203033,0.13917440835785055,0.08117454474094477,0.7591973244147158,0.1573,0.734375,1.0,0.10327172843830876,0.19691270505803193,0.0695831563916236,0.03387008653451941
311,9,balanced,W8A4_pooled_p995,8,4,False,99.5,128,0.6175825505477938,0.14364870100464905,0.0815448698823727,0.7357859531772575,0.1264,0.5882352941176471,0.99609375,0.20268429556269127,0.19691270505803193,0.07274456961521875,0.045113482663198486
311,9,balanced,W4A4_pooled_p995,4,4,False,99.5,128,0.6044007568039301,0.13352631774606902,0.08199358037480334,0.7814938684503902,0.1914,0.5572916666666666,1.0,0.2159311084590927,0.19691270505803193,0.07460190406815907,0.04182533416849056
311,9,balanced,W8A4_channel_p995,8,4,True,99.5,128,0.6205854685954414,0.14465603843554495,0.08187097256600723,0.7525083612040134,0.1285,0.5934640522875816,0.99609375,0.20113401931994268,0.19691270505803193,0.07766618653604332,0.04894225106385548
311,9,balanced,W8A4_channel_minmax,8,4,True,100.0,128,0.5875033418485411,0.12802974465852462,0.08583555147288414,0.738015607580825,0.2055,0.5520833333333333,1.0,0.38609399262279953,0.19691270505803193,0.10535340472301136,0.0630693019966209
311,9,majority_only,W8A8_pooled_p995,8,8,False,99.5,0,0.6227526642631076,0.14926185263652353,0.08084467940214965,0.7235228539576366,0.0296,0.9257812499999999,1.0,0.035039722180885934,0.19691270505803193,0.06397726861988136,0.03421134313031368
311,9,majority_only,W4A8_pooled_p995,4,8,False,99.5,0,0.607099953939744,0.1397534193968861,0.08114061276753295,0.7614269788182831,0.1566,0.7382812499999999,1.0,0.10210532255899885,0.19691270505803193,0.06951803841651613,0.033928262877165466
311,9,majority_only,W8A4_pooled_p995,8,4,False,99.5,0,0.618501979880694,0.1442784997887968,0.08143446640689972,0.7224080267558528,0.1112,0.6228419654714474,0.98046875,0.18592638610849296,0.19691270505803193,0.07398405263602766,0.0414818229791341
311,9,majority_only,W4A4_pooled_p995,4,4,False,99.5,0,0.5954026573865232,0.13048045466064273,0.08196179214238827,0.7268673355629878,0.187,0.610236220472441,0.9921875,0.18412608150596194,0.19691270505803193,0.0694841898631443,0.04018570359254951
311,9,majority_only,W8A4_channel_p995,8,4,True,99.5,0,0.6153851052570538,0.14474963104799565,0.08165159195642935,0.7714604236343366,0.135,0.5918635170603673,0.9921875,0.19877006137737174,0.19691270505803193,0.0708789072266053,0.04251723187646758
311,9,majority_only,W8A4_channel_minmax,8,4,True,100.0,0,0.61104967294279,0.14241090109659005,0.08256584408319763,0.7736900780379041,0.162,0.5830065359477125,0.99609375,0.2618153441446537,0.19691270505803193,0.08776088938885457,0.052916572087311826
311,10,representative,W8A8_pooled_p995,8,8,False,99.5,22,0.6220481052285187,0.14798299232581155,0.08086620765592716,0.7235228539576366,0.0321,0.9205729166666665,1.0,0.03764173910969779,0.19691270505803193,0.060399599153137265,0.03384593531196777
311,10,representative,W4A8_pooled_p995,4,8,False,99.5,22,0.606924824543001,0.13878093858268015,0.08118692900598319,0.7614269788182831,0.1592,0.7356770833333331,1.0,0.10261078418161579,0.19691270505803193,0.06925515393176698,0.03385110098361511
311,10,representative,W8A4_pooled_p995,8,4,False,99.5,22,0.6159053497866789,0.142339831600522,0.08168438439215031,0.7513935340022296,0.1277,0.5843137254901961,0.99609375,0.20190383307179294,0.19691270505803193,0.07614598855689808,0.043524425193594125
311,10,representative,W4A4_pooled_p995,4,4,False,99.5,22,0.601747913847604,0.1324761177229109,0.08214911331756582,0.7881828316610925,0.1919,0.5568627450980392,0.99609375,0.22160321327358615,0.19691270505803193,0.07706287930222161,0.04195233042225768
311,10,representative,W8A4_channel_p995,8,4,True,99.5,22,0.6197360297871835,0.14783772247798993,0.08174875475852182,0.7681159420289855,0.1267,0.6130718954248365,0.99609375,0.19365719272228163,0.19691270505803193,0.08114137683813935,0.04631107638633284
311,10,representative,W8A4_channel_minmax,8,4,True,100.0,22,0.6077171932121805,0.1410211561525605,0.0829357678940607,0.7413600891861761,0.1591,0.5738562091503268,0.99609375,0.2587267450039068,0.19691270505803193,0.08715834223878367,0.05146485207134728
311,10,balanced,W8A8_pooled_p995,8,8,False,99.5,128,0.6233444301687452,0.1505592769974311,0.08080927459377815,0.7090301003344481,0.0227,0.9401041666666666,1.0,0.029061773168984294,0.19691270505803193,0.06288778805132914,0.03454862507169332
311,10,balanced,W4A8_pooled_p995,4,8,False,99.5,128,0.6077636698597777,0.1405054091651586,0.08113846894548936,0.7491638795986622,0.1544,0.7317708333333333,1.0,0.10115224505219128,0.19691270505803193,0.07083892297958846,0.03414557601378025
311,10,balanced,W8A4_pooled_p995,8,4,False,99.5,128,0.6217639792142226,0.14802053317927802,0.08135882197785495,0.5808249721293199,0.1536,0.6194225721784776,0.9921875,0.16383659150435287,0.19691270505803193,0.06472647984207211,0.03631898742838742
311,10,balanced,W4A4_pooled_p995,4,4,False,99.5,128,0.6102295040127289,0.1424231121446562,0.08138808106014976,0.6153846153846154,0.1897,0.5803452855245684,0.98046875,0.16937178543376058,0.19691270505803193,0.07020900526136843,0.03585535312214249
311,10,balanced,W8A4_channel_p995,8,4,True,99.5,128,0.6158964708487321,0.14430608431072178,0.0821884343244155,0.7525083612040134,0.1299,0.5971128608923884,0.9921875,0.19722114051882594,0.19691270505803193,0.08132201057172726,0.04582039053938717
311,10,balanced,W8A4_channel_minmax,8,4,True,100.0,128,0.5939054235124808,0.1305878766594153,0.08456880989049982,0.7313266443701226,0.2008,0.536652835408022,0.94140625,0.35896722716404394,0.19691270505803193,0.09372704485044267,0.06135726033489815
311,10,majority_only,W8A8_pooled_p995,8,8,False,99.5,0,0.623118109102185,0.1491563491516723,0.08084814719628318,0.725752508361204,0.0325,0.93359375,1.0,0.033749772957228474,0.19691270505803193,0.061636558253969784,0.03408039092011264
311,10,majority_only,W4A8_pooled_p995,4,8,False,99.5,0,0.6068796950446096,0.1393712817737902,0.08117473703254405,0.7614269788182831,0.1562,0.73828125,1.0,0.10225017218107482,0.19691270505803193,0.06985253879161164,0.03401019281822641
311,10,majority_only,W8A4_pooled_p995,8,4,False,99.5,0,0.6204805746595601,0.14653014304857542,0.08123350586984925,0.6889632107023411,0.1091,0.6091503267973856,0.99609375,0.18489907662140098,0.19691270505803193,0.07336560433030678,0.04280300450264905
311,10,majority_only,W4A4_pooled_p995,4,4,False,99.5,0,0.5992856312698315,0.13411352788402509,0.08182158082379459,0.7246376811594203,0.1777,0.596,0.9765625,0.1818235287049545,0.19691270505803193,0.07748425480586635,0.03974834665223247
311,10,majority_only,W8A4_channel_p995,8,4,True,99.5,0,0.6185681738939385,0.14656148693864846,0.08171335475261116,0.7424749163879598,0.1263,0.6,0.99609375,0.1896690616680864,0.19691270505803193,0.07958512571033458,0.043975439075362256
311,10,majority_only,W8A4_channel_minmax,8,4,True,100.0,0,0.6052218442448133,0.14013226053838346,0.08342747185560297,0.7246376811594203,0.1754,0.5480895915678523,0.98828125,0.3182662324914657,0.19691270505803193,0.09575276162011748,0.05811893224739409
311,11,representative,W8A8_pooled_p995,8,8,False,99.5,23,0.621790248623734,0.14771988995797597,0.08088052085538516,0.7201783723522854,0.0313,0.9375,1.0,0.03688060760359109,0.19691270505803193,0.0605805744877921,0.03389200536034044
311,11,representative,W4A8_pooled_p995,4,8,False,99.5,23,0.6070352907778696,0.1390570539351561,0.08117700575842772,0.7636566332218506,0.1582,0.7330729166666665,1.0,0.10322360915163084,0.19691270505803193,0.06838160466875078,0.03364086823769154
311,11,representative,W8A4_pooled_p995,8,4,False,99.5,23,0.6161971912918806,0.14178121018429501,0.0816790549331567,0.7536231884057971,0.1252,0.5859375,1.0,0.20123655267372043,0.19691270505803193,0.07378312101106979,0.04530284695917043
311,11,representative,W4A4_pooled_p995,4,4,False,99.5,23,0.603580281703595,0.1339364672806323,0.08212096023653172,0.802675585284281,0.1996,0.5652173913043478,0.98828125,0.2213388614191998,0.19691270505803193,0.07429805113778465,0.04149128279232802
311,11,representative,W8A4_channel_p995,8,4,True,99.5,23,0.6142786058867236,0.15238107955211078,0.08127266725057301,0.7201783723522854,0.1293,0.6007905138339921,0.98828125,0.20044646217444886,0.19691270505803193,0.07726933130911362,0.0442788240454438
311,11,representative,W8A4_channel_minmax,8,4,True,100.0,23,0.5989484153300191,0.13733002996848875,0.08331716096681178,0.7480490523968785,0.187,0.5385620915032681,0.99609375,0.30430754120562775,0.19691270505803193,0.08532386330422834,0.05613419261841408
311,11,balanced,W8A8_pooled_p995,8,8,False,99.5,128,0.6230440158958708,0.14921845975654624,0.08084087543395072,0.7146042363433668,0.0251,0.9283854166666665,1.0,0.028740705959444102,0.19691270505803193,0.062194387395998876,0.034463410578776624
311,11,balanced,W4A8_pooled_p995,4,8,False,99.5,128,0.607731215810731,0.13993597249332254,0.0811660431967087,0.7525083612040134,0.1563,0.73828125,1.0,0.10132029475722905,0.19691270505803193,0.07135225750030519,0.034160309258980115
311,11,balanced,W8A4_pooled_p995,8,4,False,99.5,128,0.6197369482980055,0.14585078472392515,0.08136970777179921,0.6086956521739131,0.1466,0.6091503267973856,0.99609375,0.18480108703921677,0.19691270505803193,0.06887940759665509,0.03679092553092247
311,11,balanced,W4A4_pooled_p995,4,4,False,99.5,128,0.6019975650890448,0.13750999592698177,0.08174060508443694,0.6309921962095875,0.1856,0.595520421607378,0.98828125,0.1841371056591103,0.19691270505803193,0.07131205183604292,0.03848432721222086
311,11,balanced,W8A4_channel_p995,8,4,True,99.5,128,0.6167142516506559,0.15007161915393755,0.08172119025208709,0.7279821627647715,0.1323,0.5879265091863516,0.9921875,0.21332209155724755,0.19691270505803193,0.08202255784428301,0.048748338863653894
311,11,balanced,W8A4_channel_minmax,8,4,True,100.0,128,0.599290774930435,0.12669687239970473,0.08824929120486984,0.7814938684503902,0.225,0.5314960629921258,0.9921875,0.49928165724668216,0.19691270505803193,0.12613735472058923,0.08177360000249219
311,11,majority_only,W8A8_pooled_p995,8,8,False,99.5,0,0.6219177991598933,0.14855569924778822,0.08085127325974428,0.7224080267558528,0.0343,0.91015625,1.0,0.03885917254571683,0.19691270505803193,0.06015725439713833,0.03377177564633678
311,11,majority_only,W4A8_pooled_p995,4,8,False,99.5,0,0.6066291865264015,0.13935715226943057,0.08115324283903444,0.7670011148272018,0.1614,0.73046875,1.0,0.1035398272715718,0.19691270505803193,0.06952612233950385,0.03365945667437746
311,11,majority_only,W8A4_pooled_p995,8,4,False,99.5,0,0.6179694885401078,0.14603491123307538,0.08141930603151365,0.7569676700111483,0.1207,0.5876152832674572,0.98828125,0.20266900480675662,0.19691270505803193,0.07442310266806818,0.04403375853023985
311,11,majority_only,W4A4_pooled_p995,4,4,False,99.5,0,0.5997350279980469,0.1335873943658032,0.08219081654625336,0.7915273132664437,0.1984,0.6036745406824147,0.9921875,0.2025967043233896,0.19691270505803193,0.07853272614320726,0.04203939808591957
311,11,majority_only,W8A4_channel_p995,8,4,True,99.5,0,0.6141429724553301,0.14549637913978103,0.08179865308809169,0.7558528428093646,0.1311,0.633986928104575,0.99609375,0.18644051022516506,0.19691270505803193,0.08057691958670454,0.04799168106520396
311,11,majority_only,W8A4_channel_minmax,8,4,True,100.0,0,0.607901262780925,0.14611585153900805,0.08231689445410073,0.7714604236343366,0.1603,0.5986666666666668,0.9765625,0.24675694533162087,0.19691270505803193,0.08260431006352087,0.048334218813392574
311,12,representative,W8A8_pooled_p995,8,8,False,99.5,19,0.6232784810917199,0.15032452242164288,0.08080160996602372,0.7235228539576366,0.028,0.93359375,1.0,0.03050656636659426,0.19691270505803193,0.062348395668741015,0.034758746920444936
311,12,representative,W4A8_pooled_p995,4,8,False,99.5,19,0.6069152720304514,0.14038618926432672,0.0811470064565782,0.7591973244147158,0.1586,0.7382812499999999,1.0,0.10278168160156467,0.19691270505803193,0.06949889009702151,0.034325893616398595
311,12,representative,W8A4_pooled_p995,8,4,False,99.5,19,0.6216344691883094,0.14561633269374247,0.08135081121208178,0.5986622073578596,0.1444,0.6007905138339921,0.98828125,0.16758830529678967,0.19691270505803193,0.06651931643693723,0.03788843082311355
311,12,representative,W4A4_pooled_p995,4,4,False,99.5,19,0.6103985100039913,0.1396972552157012,0.08150390672106037,0.6588628762541806,0.1808,0.5890227576974565,0.97265625,0.17507073016194113,0.19691270505803193,0.07426570453249276,0.034358294870782326
311,12,representative,W8A4_channel_p995,8,4,True,99.5,19,0.6142321904731812,0.15072006146791,0.08094464780735831,0.6488294314381271,0.1298,0.6044973544973544,0.984375,0.17888777840295572,0.19691270505803193,0.07148702814691012,0.03764881020342688
311,12,representative,W8A4_channel_minmax,8,4,True,100.0,19,0.606351796258134,0.1378151692345337,0.08229250888198837,0.7224080267558528,0.1452,0.5744400527009222,0.98828125,0.23661795974460906,0.19691270505803193,0.07039675549110616,0.04340461110841044
311,12,balanced,W8A8_pooled_p995,8,8,False,99.5,128,0.6229873131611211,0.14924449980744345,0.08084504222714625,0.7224080267558528,0.0324,0.93359375,1.0,0.034020572159427435,0.19691270505803193,0.06238392072091288,0.034091973043617926
311,12,balanced,W4A8_pooled_p995,4,8,False,99.5,128,0.6071971936187747,0.13944932719671346,0.08116322386064827,0.7614269788182831,0.1569,0.7356770833333333,1.0,0.10217510222903334,0.19691270505803193,0.06965549500984537,0.03394688913669795
311,12,balanced,W8A4_pooled_p995,8,4,False,99.5,128,0.6239471569701929,0.1457869831696766,0.08118923345236982,0.7079152731326644,0.1069,0.6141732283464567,0.9921875,0.18139358845935896,0.19691270505803193,0.07242314321336604,0.042822686102993716
311,12,balanced,W4A4_pooled_p995,4,4,False,99.5,128,0.6006425166902601,0.13479064947497454,0.08178323702853467,0.7045707915273133,0.1753,0.5994729907773384,0.98828125,0.1818052247190634,0.19691270505803193,0.07465574186324053,0.04095221353169682
311,12,balanced,W8A4_channel_p995,8,4,True,99.5,128,0.6179517918982691,0.14407938574477686,0.08221926145061975,0.7670011148272018,0.1241,0.6100131752305664,0.98828125,0.19813731011750663,0.19691270505803193,0.08882117019602434,0.046432361928993124
311,12,balanced,W8A4_channel_minmax,8,4,True,100.0,128,0.6126142030430631,0.14771130850242198,0.08243523892261718,0.7424749163879598,0.1561,0.5416666666666667,1.0,0.27954684660223533,0.19691270505803193,0.0901559724845618,0.05521756290346032
311,12,majority_only,W8A8_pooled_p995,8,8,False,99.5,0,0.6222618733138437,0.14850834064992335,0.08086066704013195,0.7079152731326644,0.0302,0.9153645833333333,1.0,0.03843631530336638,0.19691270505803193,0.06093549328521072,0.033502038178558735
311,12,majority_only,W4A8_pooled_p995,4,8,False,99.5,0,0.6068482207404398,0.13944159835938358,0.08114312397589836,0.7480490523968785,0.1543,0.7278645833333333,1.0,0.1035335625351863,0.19691270505803193,0.06878474044558058,0.033491978719564774
311,12,majority_only,W8A4_pooled_p995,8,4,False,99.5,0,0.618666393317846,0.14279330564686915,0.0816290589261007,0.7636566332218506,0.1247,0.5895424836601306,0.99609375,0.19728151687429407,0.19691270505803193,0.07904621092793758,0.04543619332649595
311,12,majority_only,W4A4_pooled_p995,4,4,False,99.5,0,0.6006968312968725,0.13196350817554464,0.08217736322140258,0.7848383500557413,0.1904,0.5729166666666666,1.0,0.21092424890421277,0.19691270505803193,0.07650955309701869,0.04112974154186404
311,12,majority_only,W8A4_channel_p995,8,4,True,99.5,0,0.6152316527157119,0.14365339683044157,0.08166059904561536,0.7558528428093646,0.1248,0.6392156862745098,0.99609375,0.1919619359363702,0.19691270505803193,0.07840263586905548,0.04281023797462979
311,12,majority_only,W8A4_channel_minmax,8,4,True,100.0,0,0.6089976585322124,0.1411127954399591,0.0833427141103193,0.7614269788182831,0.1711,0.5377604166666666,1.0,0.31450113976916305,0.19691270505803193,0.09868367318127368,0.058686514548352456
311,13,representative,W8A8_pooled_p995,8,8,False,99.5,22,0.6232735211332807,0.1505202592496654,0.08081122768617659,0.7168338907469343,0.0257,0.9401041666666666,1.0,0.03124195383835167,0.19691270505803193,0.061822472331326615,0.034622520724580885
311,13,representative,W4A8_pooled_p995,4,8,False,99.5,22,0.6072807781035838,0.14054866373015965,0.08113502353406372,0.7536231884057971,0.1567,0.7369791666666665,1.0,0.10230656164949842,0.19691270505803193,0.06990133204175689,0.034136504675634116
311,13,representative,W8A4_pooled_p995,8,4,False,99.5,22,0.6155382516281217,0.14670935353068842,0.08128441748929034,0.6109253065774805,0.1357,0.6251673360107095,0.97265625,0.16938082759483075,0.19691270505803193,0.06642326977127788,0.0373196080523723
311,13,representative,W4A4_pooled_p995,4,4,False,99.5,22,0.6081131938446058,0.1379816351714681,0.08155539978074514,0.6778149386845039,0.178,0.6007905138339921,0.98828125,0.175409868407784,0.19691270505803193,0.07248593964242692,0.03523989735126229
311,13,representative,W8A4_channel_p995,8,4,True,99.5,22,0.6111793054368124,0.14140634744595076,0.0819063863264139,0.7201783723522854,0.1262,0.60546875,1.0,0.2037201471735162,0.19691270505803193,0.07878579603307687,0.04359819422251687
311,13,representative,W8A4_channel_minmax,8,4,True,100.0,22,0.6148147100365432,0.14796697965541922,0.08173617822946072,0.7290969899665551,0.1474,0.5770750988142292,0.98828125,0.24388791571987742,0.19691270505803193,0.08686677357417281,0.04680752548911947
311,13,balanced,W8A8_pooled_p995,8,8,False,99.5,128,0.6228831540338975,0.14832148210785578,0.08087199673127728,0.7079152731326644,0.0227,0.9309895833333333,1.0,0.0304458462182656,0.19691270505803193,0.06274175070184049,0.03392825958964156
311,13,balanced,W4A8_pooled_p995,4,8,False,99.5,128,0.6078118610609093,0.13915726461433728,0.08118267230314798,0.7525083612040134,0.1542,0.7473958333333333,1.0,0.10047762177432515,0.19691270505803193,0.07003835705647794,0.03380686054958211
311,13,balanced,W8A4_pooled_p995,8,4,False,99.5,128,0.6245365959817478,0.14656971056118123,0.0812551790123671,0.6499442586399108,0.1243,0.5958005249343832,0.9921875,0.17932691209936297,0.19691270505803193,0.06936965558473142,0.03874997567465602
311,13,balanced,W4A4_pooled_p995,4,4,False,99.5,128,0.6025438340919621,0.13605321740129808,0.08182704399112914,0.68561872909699,0.1837,0.5725490196078431,0.99609375,0.19532695026863645,0.19691270505803193,0.07140223068848024,0.038632652544559984
311,13,balanced,W8A4_channel_p995,8,4,True,99.5,128,0.6089268107308028,0.14015201888829235,0.08242370192538721,0.745819397993311,0.1445,0.5950520833333334,1.0,0.23027578445090335,0.19691270505803193,0.0808063797979342,0.04608655797071849
311,13,balanced,W8A4_channel_minmax,8,4,True,100.0,128,0.5899123507986328,0.12053489711749481,0.08869965153561891,0.6923076923076923,0.2321,0.50066401062417,0.98046875,0.45792288456545577,0.19691270505803193,0.10617583017768692,0.07424943946391827
311,13,majority_only,W8A8_pooled_p995,8,8,False,99.5,0,0.623420237928594,0.14941639577991628,0.0808320448772658,0.7168338907469343,0.024,0.9322916666666666,1.0,0.03137980116312491,0.19691270505803193,0.0612676184191141,0.03445342093178764
311,13,majority_only,W4A8_pooled_p995,4,8,False,99.5,0,0.6078816066493326,0.14016199651661446,0.0811400237860433,0.7558528428093646,0.156,0.7447916666666665,1.0,0.10150958058162833,0.19691270505803193,0.06871235105554266,0.03422000369758066
311,13,majority_only,W8A4_pooled_p995,8,4,False,99.5,0,0.6129251495733641,0.1426583806549177,0.08155528529838252,0.6399108138238573,0.1158,0.6235294117647059,0.99609375,0.16795315387744508,0.19691270505803193,0.07075679774910962,0.039919946918867126
311,13,majority_only,W4A4_pooled_p995,4,4,False,99.5,0,0.6000615279782684,0.13435581766313964,0.08172551194564563,0.6923076923076923,0.1754,0.6154855643044619,0.9921875,0.19238024076165994,0.19691270505803193,0.07245760426970971,0.03919649421946069
311,13,majority_only,W8A4_channel_p995,8,4,True,99.5,0,0.6181704587079786,0.14340678659212575,0.08213308558532495,0.7725752508361204,0.1355,0.6034255599472992,0.98828125,0.19383990880224655,0.19691270505803193,0.07678728966422746,0.04496494022464058
311,13,majority_only,W8A4_channel_minmax,8,4,True,100.0,0,0.6004898601916309,0.12921817140583813,0.08611579045497339,0.7814938684503902,0.2081,0.5568627450980392,0.99609375,0.4098936133186166,0.19691270505803193,0.10859512755533299,0.061277853224165825
311,14,representative,W8A8_pooled_p995,8,8,False,99.5,30,0.6222531168440066,0.14831005234066483,0.08086964082457568,0.7212931995540691,0.0331,0.9166666666666666,1.0,0.037849008838683904,0.19691270505803193,0.061445702053098385,0.03385799768307152
311,14,representative,W4A8_pooled_p995,4,8,False,99.5,30,0.6070156346462772,0.1391522651383324,0.0811656315295293,0.7603121516164995,0.1568,0.7356770833333333,1.0,0.10339159725843734,0.19691270505803193,0.06977500890932804,0.03370384545587948
311,14,representative,W8A4_pooled_p995,8,4,False,99.5,30,0.6165630035352869,0.1428934093751416,0.0816658984365887,0.7558528428093646,0.1245,0.596078431372549,0.99609375,0.19463441569632411,0.19691270505803193,0.07202279582875906,0.046451593422620466
311,14,representative,W4A4_pooled_p995,4,4,False,99.5,30,0.5994679862850413,0.13425352910864752,0.08204817224657739,0.7814938684503902,0.1887,0.5669291338582677,0.9921875,0.21588447682755402,0.19691270505803193,0.08170888289599232,0.043022015509433215
311,14,representative,W8A4_channel_p995,8,4,True,99.5,30,0.6102197065639601,0.14050955021180486,0.08216783880583585,0.7391304347826086,0.1265,0.6047430830039525,0.98828125,0.20338499819864186,0.19691270505803193,0.07783882118140793,0.045757325875390276
311,14,representative,W8A4_channel_minmax,8,4,True,100.0,30,0.6124515653935004,0.14065493432805048,0.08276775964086389,0.7391304347826086,0.1515,0.5699346405228758,0.99609375,0.23777896983893457,0.19691270505803193,0.08531456400554249,0.049387073208852696
311,14,balanced,W8A8_pooled_p995,8,8,False,99.5,128,0.6229347743420983,0.1496720901568439,0.08082742650417497,0.7201783723522854,0.0281,0.9244791666666666,1.0,0.032142532612343705,0.19691270505803193,0.06114256397595707,0.03425077019932131
311,14,balanced,W4A8_pooled_p995,4,8,False,99.5,128,0.6074704812053703,0.13942932237571626,0.08116795939986607,0.7603121516164995,0.1579,0.73828125,1.0,0.10203153475478052,0.19691270505803193,0.06968802096403479,0.03418919803822485
311,14,balanced,W8A4_pooled_p995,8,4,False,99.5,128,0.6156593113544715,0.1431522075262826,0.08149406517853952,0.6599777034559643,0.1129,0.6126482213438735,0.98828125,0.1785703107376489,0.19691270505803193,0.07419341437013822,0.04186413600281161
311,14,balanced,W4A4_pooled_p995,4,4,False,99.5,128,0.598831519519396,0.13687531095648514,0.08166698742474196,0.6878483835005574,0.1713,0.5976095617529881,0.98046875,0.18454038217891588,0.19691270505803193,0.07147885552097492,0.038762642878818095
311,14,balanced,W8A4_channel_p995,8,4,True,99.5,128,0.6186526156555149,0.1449286293539303,0.08187354101479034,0.7558528428093646,0.1249,0.6065359477124183,0.99609375,0.2072079178880774,0.19691270505803193,0.08080970199341676,0.04916805587291737
311,14,balanced,W8A4_channel_minmax,8,4,True,100.0,128,0.6081370751259799,0.14396277710713748,0.08238055857447102,0.7736900780379041,0.1676,0.5701058201058201,0.984375,0.2581000344876647,0.19691270505803193,0.08992215219312816,0.04653482634768254
311,14,majority_only,W8A8_pooled_p995,8,8,False,99.5,0,0.6233393477421962,0.15001486280867937,0.08081622147055269,0.7157190635451505,0.0246,0.9479166666666666,1.0,0.029818679077113587,0.19691270505803193,0.061825164971875304,0.034426270239378505
311,14,majority_only,W4A8_pooled_p995,4,8,False,99.5,0,0.6075786205461564,0.14018697322622156,0.08114061291364669,0.7547380156075808,0.1554,0.7421875,1.0,0.10125632077925821,0.19691270505803193,0.06961511910913952,0.03380465248306135
311,14,majority_only,W8A4_pooled_p995,8,4,False,99.5,0,0.6199236509311067,0.14730967194695113,0.08133943319731457,0.6243032329988851,0.1205,0.6235294117647059,0.99609375,0.17411167060898095,0.19691270505803193,0.07305633762257666,0.03930909746537585
311,14,majority_only,W4A4_pooled_p995,4,4,False,99.5,0,0.6057448443069046,0.1389995725944036,0.08151449996261274,0.6633221850613155,0.1852,0.5955204216073781,0.98828125,0.18513645526935155,0.19691270505803193,0.07430330854734386,0.0388769286037844
311,14,majority_only,W8A4_channel_p995,8,4,True,99.5,0,0.6206192085596391,0.14302910738927027,0.08173959818389671,0.7658862876254181,0.1374,0.5973856209150326,0.99609375,0.2018598478607558,0.19691270505803193,0.0783343869640076,0.04401640002410694
311,14,majority_only,W8A4_channel_minmax,8,4,True,100.0,0,0.607376241995025,0.13631482918477128,0.08434216593002661,0.7748049052396878,0.1935,0.5582010582010581,0.984375,0.37627482892908193,0.19691270505803193,0.09356544717352032,0.0653114102413836
311,15,representative,W8A8_pooled_p995,8,8,False,99.5,19,0.6217291370370384,0.14844093438705613,0.08086238957819118,0.7190635451505016,0.0305,0.9010416666666666,1.0,0.040022335631095494,0.19691270505803193,0.060667117359544116,0.033813485890671444
311,15,representative,W4A8_pooled_p995,4,8,False,99.5,19,0.6069838541718333,0.13965525771296078,0.08112764020247494,0.7558528428093646,0.1564,0.7278645833333333,1.0,0.1037380952989937,0.19691270505803193,0.06888341779182625,0.03360113959377386
311,15,representative,W8A4_pooled_p995,8,4,False,99.5,19,0.6196172357208614,0.1452484728758529,0.08134829895211221,0.7603121516164995,0.1268,0.6010498687664042,0.9921875,0.19779936389964847,0.19691270505803193,0.07431048282192826,0.04309462702517014
311,15,representative,W4A4_pooled_p995,4,4,False,99.5,19,0.5978580205161027,0.13249495471164863,0.08219193593249617,0.7759197324414716,0.195,0.5963541666666667,1.0,0.2032736229496824,0.19691270505803193,0.07650490591380497,0.042221727957303584
311,15,representative,W8A4_channel_p995,8,4,True,99.5,19,0.6128037224426852,0.1514295724341535,0.08149876038109025,0.7469342251950948,0.1267,0.6419270833333333,1.0,0.18491345569321077,0.19691270505803193,0.08363632369351007,0.048054159664505415
311,15,representative,W8A4_channel_minmax,8,4,True,100.0,19,0.6156776203368582,0.14394546313374024,0.08243645946438127,0.7480490523968785,0.1517,0.6021080368906455,0.98828125,0.2428552266439598,0.19691270505803193,0.08540998837342594,0.04870367978597931
311,15,balanced,W8A8_pooled_p995,8,8,False,99.5,128,0.6226834085471229,0.14937818826762983,0.08084868478413491,0.7290969899665551,0.0327,0.9270833333333333,1.0,0.03483278360571164,0.19691270505803193,0.06157587133170077,0.03415207766849871
311,15,balanced,W4A8_pooled_p995,4,8,False,99.5,128,0.606721772417267,0.13947112970257017,0.0811725949931692,0.7670011148272018,0.1586,0.7330729166666665,1.0,0.10234708962922719,0.19691270505803193,0.06992117350289029,0.033877519816145577
311,15,balanced,W8A4_pooled_p995,8,4,False,99.5,128,0.6184899167718974,0.1443220601849013,0.08131170081193204,0.6900780379041248,0.1079,0.6049868766404201,0.9921875,0.17834448097532932,0.19691270505803193,0.07042949792929497,0.03904832961952284
311,15,balanced,W4A4_pooled_p995,4,4,False,99.5,128,0.604452683282405,0.1366386249430122,0.0815795700624536,0.7558528428093646,0.1855,0.5976095617529881,0.98046875,0.18680330956200664,0.19691270505803193,0.0717176668220535,0.04025473329962409
311,15,balanced,W8A4_channel_p995,8,4,True,99.5,128,0.6197978761825368,0.14892744167601904,0.08164359103688225,0.7569676700111483,0.1219,0.616600790513834,0.98828125,0.18162818314139298,0.19691270505803193,0.08099325811946104,0.045703456651617895
311,15,balanced,W8A4_channel_minmax,8,4,True,100.0,128,0.5977612707095105,0.1268499959488203,0.0876170316841736,0.7402452619843924,0.2278,0.5317460317460317,0.984375,0.49185661702608235,0.19691270505803193,0.11435411693541621,0.07743228703092721
311,15,majority_only,W8A8_pooled_p995,8,8,False,99.5,0,0.6218340309729197,0.1478027192122299,0.08089628426562784,0.7068004459308808,0.0307,0.9166666666666665,1.0,0.03789611417779889,0.19691270505803193,0.06098943895282399,0.03372456536636428
311,15,majority_only,W4A8_pooled_p995,4,8,False,99.5,0,0.6072303824764791,0.1396856590945949,0.08114590124422714,0.745819397993311,0.1548,0.7434895833333333,1.0,0.10340053966331628,0.19691270505803193,0.06906866494002785,0.033542504571483875
311,15,majority_only,W8A4_pooled_p995,8,4,False,99.5,0,0.6193154130647265,0.1433477489845611,0.08157165851117817,0.7636566332218506,0.1277,0.5905511811023622,0.9921875,0.19120877866403124,0.19691270505803193,0.07479608952117368,0.04558936276507841
311,15,majority_only,W4A4_pooled_p995,4,4,False,99.5,0,0.5976830748215242,0.13354212132689253,0.08220104291178196,0.7759197324414716,0.191,0.5816993464052287,0.99609375,0.2180278727883887,0.19691270505803193,0.08315739083843333,0.04247953369436122
311,15,majority_only,W8A4_channel_p995,8,4,True,99.5,0,0.6190347161574994,0.14824763484703096,0.08116603990449256,0.7335562987736901,0.1257,0.6287581699346404,0.99609375,0.19210291719265168,0.19691270505803193,0.07525509268742185,0.04203572028619888
311,15,majority_only,W8A4_channel_minmax,8,4,True,100.0,0,0.6007738025037626,0.12975436792160372,0.08626490891289919,0.7536231884057971,0.2185,0.5105820105820107,0.984375,0.44748078871791913,0.19691270505803193,0.10310419998662372,0.06204706196036933
311,16,representative,W8A8_pooled_p995,8,8,False,99.5,30,0.6220301024164061,0.14855588663849684,0.08086756914608352,0.7101449275362319,0.0304,0.90234375,1.0,0.03883359908205404,0.19691270505803193,0.062309111702098,0.0336385875812841
311,16,representative,W4A8_pooled_p995,4,8,False,99.5,30,0.6073080272579721,0.1396722226388726,0.08113101567270899,0.750278706800446,0.1555,0.7278645833333333,1.0,0.10394477871639266,0.19691270505803193,0.0691982881301271,0.033549820650737694
311,16,representative,W8A4_pooled_p995,8,4,False,99.5,30,0.6170070116666795,0.14344202347222462,0.08160596846559916,0.7569676700111483,0.1224,0.5955204216073781,0.98828125,0.1997380134518094,0.19691270505803193,0.07659217983304609,0.04414288931705912
311,16,representative,W4A4_pooled_p995,4,4,False,99.5,30,0.6029609604732952,0.13202801644454756,0.08218377817854346,0.8037904124860646,0.1993,0.6,0.99609375,0.20096269328047944,0.19691270505803193,0.07095934144469801,0.03942466347645984
311,16,representative,W8A4_channel_p995,8,4,True,99.5,30,0.6154971023432926,0.1450224551345105,0.08195444462564419,0.7625418060200669,0.1322,0.6377952755905512,0.9921875,0.19023677698914604,0.19691270505803193,0.08024770764648394,0.04665274181898173
311,16,representative,W8A4_channel_minmax,8,4,True,100.0,30,0.6073279895598386,0.14011243954917063,0.0829842374815203,0.7770345596432553,0.1731,0.5611979166666666,1.0,0.2711418211111415,0.19691270505803193,0.08419425531285729,0.0521910991329249
311,16,balanced,W8A8_pooled_p995,8,8,False,99.5,128,0.6235031488388002,0.15056080119552656,0.08080023108253309,0.7212931995540691,0.0273,0.9348958333333333,1.0,0.03027818715304069,0.19691270505803193,0.062295756115911205,0.03477815777471692
311,16,balanced,W4A8_pooled_p995,4,8,False,99.5,128,0.607302087554656,0.14041249437080677,0.08114197914231279,0.758082497212932,0.157,0.7408854166666666,1.0,0.10211678012916717,0.19691270505803193,0.07016786235925063,0.0344196574854155
311,16,balanced,W8A4_pooled_p995,8,4,False,99.5,128,0.6233136294391781,0.1457059928631118,0.08133093927067059,0.6031215161649944,0.1397,0.601593625498008,0.98046875,0.16238632208327325,0.19691270505803193,0.06387544152371921,0.03716716098226694
311,16,balanced,W4A4_pooled_p995,4,4,False,99.5,128,0.6070175329019761,0.1400884982668698,0.08149074523464114,0.6365663322185061,0.1856,0.5978835978835979,0.984375,0.17828925934490958,0.19691270505803193,0.07896745009677472,0.03564164821164886
311,16,balanced,W8A4_channel_p995,8,4,True,99.5,128,0.6163660135809785,0.14518239327479016,0.08184357615964427,0.7335562987736901,0.1202,0.6220472440944882,0.9921875,0.1855062710399791,0.19691270505803193,0.07615419711424132,0.04493800475250667
311,16,balanced,W8A4_channel_minmax,8,4,True,100.0,128,0.6054815378712421,0.13233270535545305,0.08448337812251791,0.750278706800446,0.1838,0.5477124183006535,0.99609375,0.36368823856809396,0.19691270505803193,0.0887647189987942,0.057751021938993494
311,16,majority_only,W8A8_pooled_p995,8,8,False,99.5,0,0.6231010860349492,0.14956763082061644,0.0808212780767487,0.7146042363433668,0.0254,0.9427083333333333,1.0,0.029781615672391088,0.19691270505803193,0.06247967710899843,0.034446522285335804
311,16,majority_only,W4A8_pooled_p995,4,8,False,99.5,0,0.607306802576876,0.1399941517707451,0.0811656904686188,0.7558528428093646,0.1575,0.73828125,1.0,0.10206798766122319,0.19691270505803193,0.0707507610288581,0.03421269027741351
311,16,majority_only,W8A4_pooled_p995,8,4,False,99.5,0,0.621528350571332,0.147195444686717,0.08125981514235686,0.6098104793756968,0.1369,0.6058201058201058,0.984375,0.1676293844376457,0.19691270505803193,0.07118470401525599,0.03915117503527389
311,16,majority_only,W4A4_pooled_p995,4,4,False,99.5,0,0.6067324271428031,0.13961349632777365,0.08138449099170678,0.6465997770345596,0.1825,0.601851851851852,0.984375,0.17889578954385332,0.19691270505803193,0.07097240501542285,0.03557517777053507
311,16,majority_only,W8A4_channel_p995,8,4,True,99.5,0,0.6180841186907032,0.14594582771462605,0.08182028567704824,0.7603121516164995,0.1248,0.6084656084656084,0.984375,0.2027179562535757,0.19691270505803193,0.0813207887205547,0.047816849268018144
311,16,majority_only,W8A4_channel_minmax,8,4,True,100.0,0,0.6033295282491677,0.12969618802367042,0.08423689342527144,0.7279821627647715,0.183,0.5476190476190477,0.984375,0.33611665013060915,0.19691270505803193,0.09605852984802733,0.05534489129473998
311,17,representative,W8A8_pooled_p995,8,8,False,99.5,20,0.6224024054696218,0.14842229514060074,0.08084914516220135,0.725752508361204,0.0346,0.9153645833333333,1.0,0.03876494315210406,0.19691270505803193,0.061745195633811596,0.03385857890903677
311,17,representative,W4A8_pooled_p995,4,8,False,99.5,20,0.6069114142849986,0.13925056092247484,0.08115571633040784,0.7692307692307693,0.1594,0.7369791666666665,1.0,0.10430718236362314,0.19691270505803193,0.06993610519748243,0.03369372057632241
311,17,representative,W8A4_pooled_p995,8,4,False,99.5,20,0.6161458771539539,0.14397845289150002,0.08159918569933361,0.750278706800446,0.1195,0.5928853754940712,0.98828125,0.19673199993914614,0.19691270505803193,0.07966245028993225,0.04452980757991018
311,17,representative,W4A4_pooled_p995,4,4,False,99.5,20,0.6006393325194103,0.1318521760592571,0.08216702044972728,0.7792642140468228,0.1916,0.58203125,1.0,0.2011052029883967,0.19691270505803193,0.07579275011715075,0.04077269311475831
311,17,representative,W8A4_channel_p995,8,4,True,99.5,20,0.6260234200664733,0.148953430404395,0.08157213584214866,0.7569676700111483,0.1193,0.606060606060606,0.98828125,0.18904490255381978,0.19691270505803193,0.08054594500538104,0.04686989928569753
311,17,representative,W8A4_channel_minmax,8,4,True,100.0,20,0.6013012114177998,0.13375864630447032,0.08409052451814063,0.745819397993311,0.1827,0.562992125984252,0.9921875,0.33444868390200344,0.19691270505803193,0.09708267223835762,0.06288623464827056
311,17,balanced,W8A8_pooled_p995,8,8,False,99.5,128,0.6222643226760359,0.14844158591465495,0.08086759081486311,0.7201783723522854,0.0305,0.9361979166666665,1.0,0.03346386415250255,0.19691270505803193,0.06171093892618334,0.034234502426619684
311,17,balanced,W4A8_pooled_p995,4,8,False,99.5,128,0.6076678997980623,0.13913743849270727,0.08117048289450018,0.7625418060200669,0.1561,0.7395833333333333,1.0,0.10223267907404922,0.19691270505803193,0.0696385700654511,0.03385438901708291
311,17,balanced,W8A4_pooled_p995,8,4,False,99.5,128,0.6242118717891157,0.14766666938123924,0.08116169379544554,0.7001114827201784,0.1086,0.5950520833333334,1.0,0.19193530617393728,0.19691270505803193,0.07566145220953818,0.04413413551489653
311,17,balanced,W4A4_pooled_p995,4,4,False,99.5,128,0.6026280309173192,0.1348698882205266,0.08185008123367077,0.738015607580825,0.1734,0.5986666666666667,0.9765625,0.19014600308418206,0.19691270505803193,0.07059133570818346,0.040381787847431835
311,17,balanced,W8A4_channel_p995,8,4,True,99.5,128,0.615885816123196,0.14293960824975155,0.08191916004783525,0.745819397993311,0.1268,0.6272965879265091,0.9921875,0.19036270939529748,0.19691270505803193,0.08490943156792485,0.046847946451487474
311,17,balanced,W8A4_channel_minmax,8,4,True,100.0,128,0.6027020628895788,0.13606371859830746,0.08335084230679295,0.7391304347826086,0.1667,0.5582010582010581,0.984375,0.28365326250970246,0.19691270505803193,0.087277986844853,0.05212022065204076
311,17,majority_only,W8A8_pooled_p995,8,8,False,99.5,0,0.6220138141578277,0.148644746818554,0.0808459722061923,0.7302118171683389,0.0362,0.9114583333333333,1.0,0.03933480909981468,0.19691270505803193,0.05973765177168214,0.033780679478114986
311,17,majority_only,W4A8_pooled_p995,4,8,False,99.5,0,0.6066418619757461,0.13938500501609452,0.08115494308512898,0.7681159420289855,0.1601,0.7278645833333333,1.0,0.10397660365842809,0.19691270505803193,0.07002520269153067,0.03359276732639087
311,17,majority_only,W8A4_pooled_p995,8,4,False,99.5,0,0.6205067216009619,0.1471903932828132,0.08133559107907394,0.750278706800446,0.1248,0.590250329380764,0.98828125,0.1986130088220377,0.19691270505803193,0.07458729353239389,0.04176171120188492
311,17,majority_only,W4A4_pooled_p995,4,4,False,99.5,0,0.6008322810261015,0.1338601123086181,0.08193625632807125,0.778149386845039,0.1913,0.6104575163398692,0.99609375,0.194138705106997,0.19691270505803193,0.07132209318209155,0.04196115088952342
311,17,majority_only,W8A4_channel_p995,8,4,True,99.5,0,0.622283182764916,0.1434494747539552,0.0813283984201186,0.6978818283166109,0.115,0.6256613756613756,0.984375,0.1716309355530058,0.19691270505803193,0.0684881929440393,0.03987733069024223
311,17,majority_only,W8A4_channel_minmax,8,4,True,100.0,0,0.6049205114611168,0.1338755364366645,0.08392309643865525,0.7692307692307693,0.1888,0.54640522875817,0.99609375,0.3533289568801743,0.19691270505803193,0.0979977585460251,0.05921566642752334
311,18,representative,W8A8_pooled_p995,8,8,False,99.5,27,0.622405773342636,0.14835419238766528,0.08086985978771592,0.7235228539576366,0.0336,0.9166666666666666,1.0,0.03798800562192725,0.19691270505803193,0.06220634144114237,0.03386399991769987
311,18,representative,W4A8_pooled_p995,4,8,False,99.5,27,0.6067302839508849,0.13903649226506765,0.08117472912062179,0.7603121516164995,0.1576,0.7356770833333333,1.0,0.10322514683134058,0.19691270505803193,0.06986497178007038,0.033796088331343344
311,18,representative,W8A4_pooled_p995,8,4,False,99.5,27,0.6196981871413139,0.14308311765746162,0.0815938260528703,0.7603121516164995,0.1244,0.5971128608923885,0.9921875,0.19838686615178536,0.19691270505803193,0.07622209884773762,0.04508477205471769
311,18,representative,W4A4_pooled_p995,4,4,False,99.5,27,0.6017428926551099,0.13308866076999595,0.08211373262743461,0.7870680044593088,0.1904,0.56640625,1.0,0.2111475433946454,0.19691270505803193,0.07189909110064283,0.041026888952838486
311,18,representative,W8A4_channel_p995,8,4,True,99.5,27,0.6181987488412987,0.14699564065582604,0.08162358885466224,0.725752508361204,0.1257,0.6062992125984252,0.9921875,0.19878143118362424,0.19691270505803193,0.0825772191969184,0.048766163833776244
311,18,representative,W8A4_channel_minmax,8,4,True,100.0,27,0.6010870146940912,0.13623484452887263,0.08384611281040177,0.7134894091415831,0.1812,0.5453333333333332,0.9765625,0.3496338330974375,0.19691270505803193,0.09313994597175895,0.06514594259286743
311,18,balanced,W8A8_pooled_p995,8,8,False,99.5,128,0.6229966819715063,0.14871189530723755,0.0808647228589124,0.7123745819397993,0.0246,0.94140625,1.0,0.029817335037525934,0.19691270505803193,0.0613233096357088,0.03414677121277887
311,18,balanced,W4A8_pooled_p995,4,8,False,99.5,128,0.6079282669990941,0.13925985810325286,0.08118458456549812,0.7491638795986622,0.1546,0.7473958333333333,1.0,0.10100705513010506,0.19691270505803193,0.06887576894670192,0.03396079901747513
311,18,balanced,W8A4_pooled_p995,8,4,False,99.5,128,0.621592217690494,0.14442858931125757,0.0814083700026725,0.6622073578595318,0.1248,0.5908496732026144,0.99609375,0.1820974733864202,0.19691270505803193,0.072333114598602,0.04220062304149684
311,18,balanced,W4A4_pooled_p995,4,4,False,99.5,128,0.5972118175357433,0.13567239235888146,0.08177157147078692,0.6622073578595318,0.1797,0.5833333333333334,0.984375,0.18890778726078855,0.19691270505803193,0.07488422517244175,0.03765932385132352
311,18,balanced,W8A4_channel_p995,8,4,True,99.5,128,0.6126627616485236,0.1391060729414215,0.08246294511753154,0.7424749163879598,0.1298,0.594488188976378,0.9921875,0.21311509688792074,0.19691270505803193,0.0807805387832603,0.04695143685048546
311,18,balanced,W8A4_channel_minmax,8,4,True,100.0,128,0.5942701335429007,0.1315181565106875,0.08569489813087683,0.7190635451505016,0.1959,0.541994750656168,0.9921875,0.39866998653011537,0.19691270505803193,0.09993013579196214,0.0651327134333509
311,18,majority_only,W8A8_pooled_p995,8,8,False,99.5,0,0.6219736446178756,0.14803230281385432,0.08086364472326603,0.7235228539576366,0.033,0.9036458333333333,1.0,0.03892479106170892,0.19691270505803193,0.06003946237566908,0.033802658056788865
311,18,majority_only,W4A8_pooled_p995,4,8,False,99.5,0,0.6069938965568213,0.1392626509921358,0.08115844404765199,0.7625418060200669,0.1593,0.7317708333333333,1.0,0.10353507563049826,0.19691270505803193,0.06783904614076909,0.03372587599865142
311,18,majority_only,W8A4_pooled_p995,8,4,False,99.5,0,0.6163134747619556,0.14214250873532286,0.08164493857856658,0.7536231884057971,0.1217,0.5902503293807642,0.98828125,0.20364736810646272,0.19691270505803193,0.0772109064588376,0.0452087969890425
311,18,majority_only,W4A4_pooled_p995,4,4,False,99.5,0,0.6045278787017059,0.13300523787662816,0.08217414581963621,0.7993311036789298,0.1958,0.6167979002624672,0.9921875,0.19589724811534248,0.19691270505803193,0.07494126326336634,0.03962725769560811
311,18,majority_only,W8A4_channel_p995,8,4,True,99.5,0,0.6116582169794441,0.1427603045791055,0.08181916437082727,0.7369007803790413,0.1264,0.6044973544973544,0.984375,0.2010920493875528,0.19691270505803193,0.07704554867062938,0.044829955124682276
311,18,majority_only,W8A4_channel_minmax,8,4,True,100.0,0,0.6029873523509162,0.14208577836108477,0.08254293281130382,0.7714604236343366,0.156,0.6034255599472992,0.98828125,0.22444729556533952,0.19691270505803193,0.08252219436507492,0.04859338502494577
311,19,representative,W8A8_pooled_p995,8,8,False,99.5,29,0.622131322308999,0.14857836711975128,0.08086463217804439,0.7068004459308808,0.0301,0.9166666666666666,1.0,0.03877421701777205,0.19691270505803193,0.06012407394441946,0.03362791217456666
311,19,representative,W4A8_pooled_p995,4,8,False,99.5,29,0.6073624030986391,0.13957828758379845,0.08113279430204536,0.750278706800446,0.1562,0.7330729166666665,1.0,0.10386037813982338,0.19691270505803193,0.06881162070351368,0.033532735619356865
311,19,representative,W8A4_pooled_p995,8,4,False,99.5,29,0.6195685546472912,0.14287845488615622,0.08154962032127709,0.7647714604236343,0.1228,0.5899470899470898,0.984375,0.20156498887956442,0.19691270505803193,0.07529216685668755,0.043420051507074564
311,19,representative,W4A4_pooled_p995,4,4,False,99.5,29,0.6012750032423433,0.13235142226273766,0.08215111486154769,0.7915273132664437,0.1913,0.5882352941176471,0.99609375,0.1998634020013752,0.19691270505803193,0.0734434158054165,0.039302361582813986
311,19,representative,W8A4_channel_p995,8,4,True,99.5,29,0.6125882398038257,0.14259718422947848,0.08208845999853201,0.7302118171683389,0.1294,0.6347941567065072,0.98046875,0.19895228361755324,0.19691270505803193,0.08034260799299447,0.04942091089022777
311,19,representative,W8A4_channel_minmax,8,4,True,100.0,29,0.604930860016379,0.13987210547525883,0.08349647297144554,0.7335562987736901,0.1831,0.5359477124183007,0.99609375,0.32580844480772186,0.19691270505803193,0.09911745865273663,0.05645075785574353
311,19,balanced,W8A8_pooled_p995,8,8,False,99.5,128,0.6223299655827872,0.14860528405381546,0.08085424770925849,0.7268673355629878,0.0325,0.9166666666666666,1.0,0.037528134063357914,0.19691270505803193,0.06074025998082512,0.03393270122254914
311,19,balanced,W4A8_pooled_p995,4,8,False,99.5,128,0.6065892006886138,0.13928839311554597,0.08116917266822873,0.7614269788182831,0.1581,0.7330729166666665,1.0,0.10347198235547217,0.19691270505803193,0.06910344559091787,0.03386880728416168
311,19,balanced,W8A4_pooled_p995,8,4,False,99.5,128,0.6195675749024143,0.14519019554650342,0.08156488950023585,0.7692307692307693,0.1247,0.6010498687664041,0.9921875,0.194747136715258,0.19691270505803193,0.07824679891709853,0.046614708936025984
311,19,balanced,W4A4_pooled_p995,4,4,False,99.5,128,0.5981804790487069,0.1336581975094317,0.08218701226002913,0.7915273132664437,0.1946,0.5660130718954247,0.99609375,0.21500840070842656,0.19691270505803193,0.07518237194513719,0.042864314623241084
311,19,balanced,W8A4_channel_p995,8,4,True,99.5,128,0.6140284035387895,0.14089962558104274,0.08202835396358157,0.7658862876254181,0.1305,0.6231884057971016,0.98828125,0.18602659296967367,0.19691270505803193,0.08306430241581075,0.04496159459222744
311,19,balanced,W8A4_channel_minmax,8,4,True,100.0,128,0.6060981035690759,0.13247002219588638,0.08533416254402852,0.7770345596432553,0.2061,0.5603674540682414,0.9921875,0.4084937545981133,0.19691270505803193,0.1003275947794508,0.06853481411836695
311,19,majority_only,W8A8_pooled_p995,8,8,False,99.5,0,0.6223233523048681,0.149039040379986,0.08085773305930058,0.7101449275362319,0.029,0.9205729166666665,1.0,0.03570529098197456,0.19691270505803193,0.06257320317630397,0.03401584342502706
311,19,majority_only,W4A8_pooled_p995,4,8,False,99.5,0,0.6073169061959189,0.13971741875907093,0.08114388341113138,0.7525083612040134,0.155,0.7356770833333333,1.0,0.10324223551718126,0.19691270505803193,0.06994171455611378,0.0339263972605332
311,19,majority_only,W8A4_pooled_p995,8,4,False,99.5,0,0.6183458942749955,0.14436485751143474,0.0814361251010019,0.7168338907469343,0.1102,0.5965608465608466,0.984375,0.18692779998990444,0.19691270505803193,0.07676712400621033,0.04008585301804837
311,19,majority_only,W4A4_pooled_p995,4,4,False,99.5,0,0.5966765706626909,0.13199418009151948,0.08193140121352065,0.7324414715719063,0.1844,0.6226666666666667,0.9765625,0.18334151683081013,0.19691270505803193,0.07293421390764945,0.03982388389326549
311,19,majority_only,W8A4_channel_p995,8,4,True,99.5,0,0.6115346466568472,0.14364918767735266,0.08204919324280159,0.7402452619843924,0.125,0.6388888888888888,0.984375,0.2005095001278963,0.19691270505803193,0.07885493573123642,0.04777656524575931
311,19,majority_only,W8A4_channel_minmax,8,4,True,100.0,0,0.6098933290518482,0.14218675152371144,0.08257995368723839,0.7547380156075808,0.1526,0.596078431372549,0.99609375,0.26275240150224577,0.19691270505803193,0.08822713940603599,0.054050320228007494
311,20,representative,W8A8_pooled_p995,8,8,False,99.5,24,0.6221551423563183,0.14821726000842775,0.08086706522058218,0.725752508361204,0.0333,0.9140625,1.0,0.03779158644062394,0.19691270505803193,0.06097599431280343,0.03389973284209881
311,20,representative,W4A8_pooled_p995,4,8,False,99.5,24,0.6065790358355161,0.13910755482148018,0.08116754171629688,0.7636566332218506,0.1588,0.7356770833333333,1.0,0.10320562488420613,0.19691270505803193,0.06899108231208033,0.033892197096398013
311,20,representative,W8A4_pooled_p995,8,4,False,99.5,24,0.6188331948831354,0.14464704090462355,0.0815416860268704,0.7658862876254181,0.1247,0.6023622047244095,0.9921875,0.19502805910840434,0.19691270505803193,0.07537622951349196,0.04572565413662437
311,20,representative,W4A4_pooled_p995,4,4,False,99.5,24,0.5991161966401853,0.13341491539509476,0.08212265326354158,0.7915273132664437,0.1898,0.5712418300653594,0.99609375,0.21418600861725973,0.19691270505803193,0.07473124527443997,0.04199897735034084
311,20,representative,W8A4_channel_p995,8,4,True,99.5,24,0.6202975460697473,0.15387248130089348,0.08129979341776727,0.7324414715719063,0.1214,0.6104575163398692,0.99609375,0.18538446123891267,0.19691270505803193,0.08182034342430644,0.04369476676176132
311,20,representative,W8A4_channel_minmax,8,4,True,100.0,24,0.6076147486384913,0.14063674276251753,0.08374144873368093,0.7313266443701226,0.187,0.5643044619422573,0.9921875,0.36236166224895416,0.19691270505803193,0.09711314537470558,0.06198985672187757
311,20,balanced,W8A8_pooled_p995,8,8,False,99.5,128,0.6226608744149545,0.14905687541406118,0.08085314670974385,0.7168338907469343,0.0295,0.9283854166666665,1.0,0.03413545200494962,0.19691270505803193,0.06072457772239824,0.03410321773897051
311,20,balanced,W4A8_pooled_p995,4,8,False,99.5,128,0.6070922996828932,0.1396718277425433,0.08115293860149118,0.7558528428093646,0.1558,0.73046875,1.0,0.10248048212095834,0.19691270505803193,0.06988482570903093,0.03389302477659607
311,20,balanced,W8A4_pooled_p995,8,4,False,99.5,128,0.6162060089957725,0.14430988351912077,0.08132824499523882,0.6800445930880713,0.1114,0.611764705882353,0.99609375,0.18048715974298124,0.19691270505803193,0.0716972295316122,0.04023612490586976
311,20,balanced,W4A4_pooled_p995,4,4,False,99.5,128,0.6035191701168995,0.1367518603985734,0.08161838755754244,0.7670011148272018,0.1841,0.5899470899470899,0.984375,0.18910911361469762,0.19691270505803193,0.07641532927512157,0.04106309794299785
311,20,balanced,W8A4_channel_p995,8,4,True,99.5,128,0.6083172869492716,0.1424607222790769,0.08209802159422573,0.7335562987736901,0.1312,0.6167979002624673,0.9921875,0.18588613404678017,0.19691270505803193,0.08801752174251147,0.045360752545031136
311,20,balanced,W8A4_channel_minmax,8,4,True,100.0,128,0.6044395791946766,0.13220059812546198,0.08521863602101548,0.7480490523968785,0.2006,0.5564304461942257,0.9921875,0.4093940319121525,0.19691270505803193,0.10765159327409707,0.06997941789146819
311,20,majority_only,W8A8_pooled_p995,8,8,False,99.5,0,0.6221683689121562,0.14841713975789764,0.08085120954132821,0.7268673355629878,0.0339,0.9114583333333333,1.0,0.038985847092725595,0.19691270505803193,0.061244320549186305,0.03401017800709496
311,20,majority_only,W4A8_pooled_p995,4,8,False,99.5,0,0.6067750460449475,0.13931455316670857,0.08115720207457182,0.7658862876254181,0.1599,0.7343749999999999,1.0,0.10464366074504579,0.19691270505803193,0.06886028710378919,0.03377250623340494
311,20,majority_only,W8A4_pooled_p995,8,4,False,99.5,0,0.6157667158865999,0.1442598351983416,0.08158185099030611,0.7569676700111483,0.123,0.5810276679841897,0.98828125,0.1960673648345465,0.19691270505803193,0.07421626795446293,0.044165037157390744
311,20,majority_only,W4A4_pooled_p995,4,4,False,99.5,0,0.6014163314408337,0.13198685492595402,0.08213499147445925,0.7870680044593088,0.1937,0.5885416666666665,1.0,0.20049030736288953,0.19691270505803193,0.0750054913938909,0.040581059824654826
311,20,majority_only,W8A4_channel_p995,8,4,True,99.5,0,0.6140745127820579,0.14420771375398592,0.08159369458672831,0.7212931995540691,0.1179,0.6115485564304461,0.9921875,0.1962565043132804,0.19691270505803193,0.07726161144310774,0.04547420451066912
311,20,majority_only,W8A4_channel_minmax,8,4,True,100.0,0,0.6100997490505966,0.14826443888439916,0.08243312987304867,0.750278706800446,0.1549,0.5934640522875816,0.99609375,0.26373113816028054,0.19691270505803193,0.08322245501183345,0.04888060784057462
311,21,representative,W8A8_pooled_p995,8,8,False,99.5,22,0.6221158913271881,0.14864203542003213,0.08087848917645751,0.7101449275362319,0.0301,0.9192708333333333,1.0,0.0370382824762808,0.19691270505803193,0.06108647764532214,0.03387166416644212
311,21,representative,W4A8_pooled_p995,4,8,False,99.5,22,0.6074728693335076,0.13967923506740682,0.0811406752934946,0.7536231884057971,0.1547,0.7317708333333333,1.0,0.10321762445799158,0.19691270505803193,0.06969849168447616,0.033661280132557696
311,21,representative,W8A4_pooled_p995,8,4,False,99.5,22,0.6228081423167611,0.14516045812161482,0.08136426374219966,0.745819397993311,0.115,0.6047430830039525,0.98828125,0.19410065572385965,0.19691270505803193,0.07349575794026647,0.044168381006798665
311,21,representative,W4A4_pooled_p995,4,4,False,99.5,22,0.6030697121546291,0.1356995670553262,0.08187936795029714,0.7591973244147158,0.1838,0.5674603174603174,0.984375,0.20498723767174132,0.19691270505803193,0.08158524917761212,0.04018124990754303
311,21,representative,W8A4_channel_p995,8,4,True,99.5,22,0.6205745076996314,0.14507062666273324,0.08193737151681091,0.7536231884057971,0.1254,0.6259842519685039,0.9921875,0.18431948283131175,0.19691270505803193,0.07792940751230576,0.043395065484320997
311,21,representative,W8A4_channel_minmax,8,4,True,100.0,22,0.5978267911481521,0.13078360681261153,0.08546822430651456,0.7714604236343366,0.1962,0.520421607378129,0.98828125,0.3900660475325551,0.19691270505803193,0.09965692483387947,0.06174237275350683
311,21,balanced,W8A8_pooled_p995,8,8,False,99.5,128,0.6229264465106448,0.1496826590950446,0.08083767250282088,0.7112597547380156,0.0242,0.9348958333333333,1.0,0.028650897714149613,0.19691270505803193,0.062384510979220556,0.03466189068644257
311,21,balanced,W4A8_pooled_p995,4,8,False,99.5,128,0.607292351339942,0.1399415198134883,0.0811720642701114,0.7525083612040134,0.1559,0.7395833333333333,1.0,0.10119917426899676,0.19691270505803193,0.07100612796924395,0.0341349227407194
311,21,balanced,W8A4_pooled_p995,8,4,False,99.5,128,0.6191330580495165,0.14673802198857996,0.08133303630082207,0.5997770345596433,0.1509,0.6036745406824147,0.9921875,0.1740876158450661,0.19691270505803193,0.07147442902713491,0.03881383682348377
311,21,balanced,W4A4_pooled_p995,4,4,False,99.5,128,0.6064544245339875,0.13998650306861565,0.08141905288061926,0.6376811594202898,0.1829,0.5876152832674573,0.98828125,0.18141103061672692,0.19691270505803193,0.07238840026892504,0.035279182815538664
311,21,balanced,W8A4_channel_p995,8,4,True,99.5,128,0.6201883045159748,0.14710023749350387,0.08196714149785088,0.745819397993311,0.1292,0.6145833333333333,1.0,0.2019755687186442,0.19691270505803193,0.08348681663508636,0.04975248039822426
311,21,balanced,W8A4_channel_minmax,8,4,True,100.0,128,0.5987181140498967,0.13188658624795374,0.08484994984819821,0.6744704570791528,0.1991,0.5306666666666667,0.9765625,0.3572986520405514,0.19691270505803193,0.0990005352455699,0.05395108103188913
311,21,majority_only,W8A8_pooled_p995,8,8,False,99.5,0,0.6222467485023069,0.1483911630148536,0.08086479728243996,0.7235228539576366,0.0326,0.9114583333333333,1.0,0.03803009062344658,0.19691270505803193,0.06164393688626334,0.03389654277327901
311,21,majority_only,W4A8_pooled_p995,4,8,False,99.5,0,0.6066593136813656,0.1392478628239105,0.08116790232185143,0.7625418060200669,0.1582,0.73046875,1.0,0.10363118701632053,0.19691270505803193,0.06983858201489074,0.03373598702762649
311,21,majority_only,W8A4_pooled_p995,8,4,False,99.5,0,0.6207121618548335,0.14428449060928672,0.0815098448291987,0.7658862876254181,0.1249,0.5997375328083989,0.9921875,0.19289879358891798,0.19691270505803193,0.07367571707830567,0.0441243045234463
311,21,majority_only,W4A4_pooled_p995,4,4,False,99.5,0,0.6020785165094973,0.1339871290439274,0.08209471597916572,0.7870680044593088,0.1901,0.5757575757575757,0.98828125,0.20681360628455925,0.19691270505803193,0.07749621357501972,0.04142892606019191
311,21,majority_only,W8A4_channel_p995,8,4,True,99.5,0,0.6166942893487893,0.14882192391085192,0.08135251415518141,0.7101449275362319,0.1304,0.6246719160104988,0.9921875,0.18968895304631017,0.19691270505803193,0.08368897085059887,0.04550313769014138
311,21,majority_only,W8A4_channel_minmax,8,4,True,100.0,0,0.6104801962331015,0.14569378242392217,0.08257973632875132,0.7190635451505016,0.1693,0.5519568151147098,0.96484375,0.2663743623450908,0.19691270505803193,0.09026215171635973,0.04882717675380153
311,22,representative,W8A8_pooled_p995,8,8,False,99.5,18,0.6221635314218266,0.14852196815719704,0.08085958489592539,0.7246376811594203,0.0332,0.9166666666666666,1.0,0.03789426586912006,0.19691270505803193,0.06104970350906287,0.03393321986635676
311,22,representative,W4A8_pooled_p995,4,8,False,99.5,18,0.6067373871012424,0.1392812213999235,0.0811636964909934,0.7614269788182831,0.1588,0.7382812499999999,1.0,0.10365446977204042,0.19691270505803193,0.06960094871856966,0.033888183939336125
311,22,representative,W8A4_pooled_p995,8,4,False,99.5,18,0.6195191999991183,0.14434638969260355,0.08154010600258407,0.770345596432553,0.1266,0.5879265091863516,0.9921875,0.19511344117342094,0.19691270505803193,0.07391965134808023,0.045499172859069376
311,22,representative,W4A4_pooled_p995,4,4,False,99.5,18,0.600641292009164,0.13365385284093245,0.08207204421828,0.7859531772575251,0.1901,0.5712418300653594,0.99609375,0.2123127651538235,0.19691270505803193,0.08197300044472629,0.0418563013593645
311,22,representative,W8A4_channel_p995,8,4,True,99.5,18,0.6202780736403192,0.14641816945139444,0.08189887360871977,0.7625418060200669,0.1269,0.590250329380764,0.98828125,0.19364501171725462,0.19691270505803193,0.07647764091858221,0.04424701242230827
311,22,representative,W8A4_channel_minmax,8,4,True,100.0,18,0.6083131230335449,0.14348347481071871,0.0822202735403237,0.7491638795986622,0.151,0.6091503267973856,0.99609375,0.2428559292010192,0.19691270505803193,0.08640555169957789,0.05017874885865368
311,22,balanced,W8A8_pooled_p995,8,8,False,99.5,128,0.6227941809522655,0.14872064564867127,0.08086452478758188,0.7123745819397993,0.024,0.9388020833333333,1.0,0.03365925095246411,0.19691270505803193,0.061481361475244654,0.033808234843474366
311,22,balanced,W4A8_pooled_p995,4,8,False,99.5,128,0.6075927043787616,0.13970687906590756,0.08114112109696255,0.7513935340022296,0.1534,0.73828125,1.0,0.10166488355768534,0.19691270505803193,0.0694685279568861,0.0334556786672951
311,22,balanced,W8A4_pooled_p995,8,4,False,99.5,128,0.6246463886420137,0.14631777390203102,0.08118916467672262,0.7146042363433668,0.1095,0.6013071895424836,0.99609375,0.18170768570596635,0.19691270505803193,0.07338031519155108,0.04341914610746535
311,22,balanced,W4A4_pooled_p995,4,4,False,99.5,128,0.6028151621888038,0.13369054825674698,0.08194335857199189,0.7424749163879598,0.1774,0.5939153439153437,0.984375,0.2029832862228279,0.19691270505803193,0.07410985579707718,0.037827149668679526
311,22,balanced,W8A4_channel_p995,8,4,True,99.5,128,0.6216702911103705,0.14617253452533807,0.0816180976852588,0.7569676700111483,0.1293,0.611764705882353,0.99609375,0.2079576485403353,0.19691270505803193,0.0800549333723096,0.04648655564910101
311,22,balanced,W8A4_channel_minmax,8,4,True,100.0,128,0.6084581252753236,0.14382977160803367,0.08302996832923165,0.745819397993311,0.1788,0.578125,1.0,0.32558359581360186,0.19691270505803193,0.1023650924264369,0.058075517458518404
311,22,majority_only,W8A8_pooled_p995,8,8,False,99.5,0,0.622660384542516,0.14906062272288995,0.08085353502237953,0.7235228539576366,0.0326,0.9322916666666666,1.0,0.034020801155743075,0.19691270505803193,0.06092562994122197,0.03434102869216893
311,22,majority_only,W4A8_pooled_p995,4,8,False,99.5,0,0.6071648008037827,0.1395047487813063,0.08115859123483533,0.7625418060200669,0.1566,0.7460937499999999,1.0,0.10244745532947518,0.19691270505803193,0.06903302058182575,0.033897973967056974
311,22,majority_only,W8A4_pooled_p995,8,4,False,99.5,0,0.6175924092306174,0.14497613866605075,0.08129186853096718,0.6900780379041248,0.1122,0.6076115485564304,0.9921875,0.17946317490708769,0.19691270505803193,0.07403873238539735,0.04110972503451381
311,22,majority_only,W4A4_pooled_p995,4,4,False,99.5,0,0.5999131578634753,0.13429858836336245,0.08179919555118283,0.725752508361204,0.1781,0.6148738379814076,0.98046875,0.1906526857105853,0.19691270505803193,0.075341700411384,0.040260150412913545
311,22,majority_only,W8A4_channel_p995,8,4,True,99.5,0,0.6177871335248981,0.14726332516576868,0.08176115485185304,0.7435897435897436,0.122,0.6287581699346404,0.99609375,0.19300805581849595,0.19691270505803193,0.07697783273145187,0.04337127238849221
311,22,majority_only,W8A4_channel_minmax,8,4,True,100.0,0,0.6134437407835094,0.14569675502436763,0.08212232275843946,0.7591973244147158,0.1517,0.5931758530183726,0.9921875,0.23366677669344546,0.19691270505803193,0.07900101630499792,0.049700615543933915
311,23,representative,W8A8_pooled_p995,8,8,False,99.5,22,0.6234469972105439,0.15042367320353123,0.08080707638863666,0.7201783723522854,0.0258,0.9348958333333333,1.0,0.0313358023391321,0.19691270505803193,0.06068426156635195,0.03468608492426385
311,23,representative,W4A8_pooled_p995,4,8,False,99.5,22,0.6075040987014584,0.14022597327418646,0.0811414571846514,0.7591973244147158,0.1575,0.7447916666666665,1.0,0.10246377308082606,0.19691270505803193,0.06950264214248127,0.03433407061155505
311,23,representative,W8A4_pooled_p995,8,4,False,99.5,22,0.6199565948525918,0.14452711760608697,0.08142171048236246,0.5897435897435898,0.1429,0.6066666666666666,0.9765625,0.16631354649329602,0.19691270505803193,0.06599294281370456,0.037415331363020374
311,23,representative,W4A4_pooled_p995,4,4,False,99.5,22,0.6075608626702628,0.13897502159638153,0.08148748058525263,0.6410256410256411,0.1804,0.5786666666666668,0.9765625,0.17740531158812473,0.19691270505803193,0.0720888484631986,0.033893735905978245
311,23,representative,W8A4_channel_p995,8,4,True,99.5,22,0.6127443866435789,0.14141032498871797,0.08200566930462794,0.7413600891861761,0.1213,0.6338582677165353,0.9921875,0.19338474444850312,0.19691270505803193,0.07990780287864258,0.04564941107749461
311,23,representative,W8A4_channel_minmax,8,4,True,100.0,22,0.6049936249225543,0.1393842235604038,0.08314791437117106,0.7547380156075808,0.1541,0.5751633986928103,0.99609375,0.28462309528041024,0.19691270505803193,0.08927618574532477,0.047716942470930834
311,23,balanced,W8A8_pooled_p995,8,8,False,99.5,128,0.6218677709371174,0.1480878917604338,0.08087759481989369,0.7068004459308808,0.031,0.9075520833333333,1.0,0.03894739167819435,0.19691270505803193,0.06178309918469078,0.033599291071788495
311,23,balanced,W4A8_pooled_p995,4,8,False,99.5,128,0.6067846597915519,0.1396458798712759,0.08114752699987716,0.7469342251950948,0.1545,0.7317708333333333,1.0,0.1037066788203354,0.19691270505803193,0.06876372905843575,0.03344840750385761
311,23,balanced,W8A4_pooled_p995,8,4,False,99.5,128,0.6213444034706972,0.14506228789653786,0.08144369112875821,0.7670011148272018,0.1254,0.6039215686274509,0.99609375,0.19363412465011637,0.19691270505803193,0.07267079453477411,0.04301266433757109
311,23,balanced,W4A4_pooled_p995,4,4,False,99.5,128,0.6005029030453043,0.13390291200925636,0.08212590624995282,0.7792642140468228,0.1888,0.5744400527009224,0.98828125,0.20902966063319145,0.19691270505803193,0.07740133512489031,0.040220645187221925
311,23,balanced,W8A4_channel_p995,8,4,True,99.5,128,0.6173068748330607,0.14942295484246823,0.08168574336829681,0.7212931995540691,0.1294,0.6128608923884513,0.9921875,0.20422488820064896,0.19691270505803193,0.08273299623520408,0.04690738501404094
311,23,balanced,W8A4_channel_minmax,8,4,True,100.0,128,0.5976634799239865,0.12639234810169714,0.08690255019721572,0.7424749163879598,0.2114,0.5241830065359476,0.99609375,0.4252444480168967,0.19691270505803193,0.10887907179949732,0.06690843853632816
311,23,majority_only,W8A8_pooled_p995,8,8,False,99.5,0,0.622200210620655,0.1485116011838079,0.08086406369653654,0.7090301003344481,0.0316,0.9036458333333333,1.0,0.039582529965763405,0.19691270505803193,0.061710867416319655,0.03370790544267785
311,23,majority_only,W4A8_pooled_p995,4,8,False,99.5,0,0.6071734960395649,0.13976048591569812,0.08112674637454073,0.745819397993311,0.1553,0.734375,1.0,0.10378448024195716,0.19691270505803193,0.07022237586139012,0.03350329314109656
311,23,majority_only,W8A4_pooled_p995,8,4,False,99.5,0,0.6162638139435086,0.143070414467242,0.08159728926951877,0.7513935340022296,0.1209,0.5915678524374176,0.98828125,0.20245968776017337,0.19691270505803193,0.07824395863951339,0.04412543192131871
311,23,majority_only,W4A4_pooled_p995,4,4,False,99.5,0,0.6030052939289741,0.1317201330535555,0.08230550526533713,0.8037904124860646,0.1994,0.5986928104575163,0.99609375,0.19929200090123397,0.19691270505803193,0.07600599574597575,0.03918802065343189
311,23,majority_only,W8A4_channel_p995,8,4,True,99.5,0,0.6097914355846523,0.14618639178392334,0.0814883849086746,0.6399108138238573,0.1249,0.6534391534391535,0.984375,0.1723941161777453,0.19691270505803193,0.07254808641956655,0.04044313700764199
311,23,majority_only,W8A4_channel_minmax,8,4,True,100.0,0,0.5950076977330296,0.12804382459335945,0.08720827935870964,0.725752508361204,0.2128,0.5603674540682414,0.9921875,0.4803976664807341,0.19691270505803193,0.1261487619553746,0.08045464280813641
312,0,representative,W8A8_pooled_p995,8,8,False,99.5,26,0.6189404157130993,0.14593393719091002,0.08104316090941904,0.6956521739130435,0.0281,0.90234375,1.0,0.04150157037043188,0.19066544973850133,0.057791383443452075,0.030690851551781185
312,0,representative,W4A8_pooled_p995,4,8,False,99.5,26,0.617974448498547,0.14570677123657816,0.08114783006336422,0.5663322185061316,0.1652,0.7382812499999999,1.0,0.10117602924276071,0.19066544973850133,0.048954090678384646,0.02459829294769189
312,0,representative,W8A4_pooled_p995,8,4,False,99.5,26,0.6098991462870548,0.13798027352957576,0.08197101452064923,0.6978818283166109,0.1229,0.5703125,1.0,0.22142412512995355,0.19066544973850133,0.06800430643539251,0.04389333021820277
312,0,representative,W4A4_pooled_p995,4,4,False,99.5,26,0.6181579669607984,0.14033509547193068,0.08155213705586711,0.5919732441471572,0.1884,0.5677083333333333,1.0,0.20138182033581928,0.19066544973850133,0.05921357493372827,0.032601044503634054
312,0,representative,W8A4_channel_p995,8,4,True,99.5,26,0.614978572367202,0.13617306857987221,0.08208611197497516,0.7134894091415831,0.1393,0.5846354166666666,1.0,0.21389839421729506,0.19066544973850133,0.07074333589215541,0.043827132016051706
312,0,representative,W8A4_channel_minmax,8,4,True,100.0,26,0.6024524116481379,0.12972286103380604,0.08396559335407881,0.717948717948718,0.1823,0.5176470588235295,0.99609375,0.3174861390113917,0.19066544973850133,0.07853160348537562,0.0491666731584156
312,0,balanced,W8A8_pooled_p995,8,8,False,99.5,128,0.6198667644941926,0.14648287051657527,0.0810149351536748,0.6878483835005574,0.0217,0.9127604166666666,1.0,0.03388493500610175,0.19066544973850133,0.05803496428285866,0.03142972724468453
312,0,balanced,W4A8_pooled_p995,4,8,False,99.5,128,0.619027919177416,0.14488349702864248,0.08116382096657558,0.5607580824972129,0.1625,0.7499999999999999,1.0,0.09816954456584981,0.19066544973850133,0.04851816348034918,0.024882682597304643
312,0,balanced,W8A4_pooled_p995,8,4,False,99.5,128,0.6101631875313748,0.13929627976112646,0.08221121096095883,0.6187290969899666,0.1384,0.578125,1.0,0.2210274704427908,0.19066544973850133,0.07164139517475326,0.041785164857342266
312,0,balanced,W4A4_pooled_p995,4,4,False,99.5,128,0.611983002406131,0.1367537764809461,0.08220114256688342,0.49944258639910816,0.2184,0.5182291666666666,1.0,0.21133273808180825,0.19066544973850133,0.05842210516183807,0.03293148091410665
312,0,balanced,W8A4_channel_p995,8,4,True,99.5,128,0.6103144356467437,0.13679933896230662,0.0825944353906428,0.705685618729097,0.1473,0.5768229166666667,1.0,0.2258409733867311,0.19066544973850133,0.07022054654280661,0.043946595774038096
312,0,balanced,W8A4_channel_minmax,8,4,True,100.0,128,0.582947222000759,0.11750094847490727,0.09244427273023953,0.7023411371237458,0.2519,0.48888888888888893,0.99609375,0.5796903437187579,0.19066544973850133,0.1349463131665455,0.08314676593880459
312,0,majority_only,W8A8_pooled_p995,8,8,False,99.5,0,0.6183918198160994,0.1460428149088001,0.0810310703195695,0.6945373467112598,0.0303,0.8984375,1.0,0.04292787125610737,0.19066544973850133,0.05774079175492618,0.030882887482009052
312,0,majority_only,W4A8_pooled_p995,4,8,False,99.5,0,0.6180508073648892,0.14647970504986857,0.08111684270094915,0.5652173913043478,0.1656,0.7408854166666665,1.0,0.1023929196877332,0.19066544973850133,0.04896568890509091,0.024660760927837744
312,0,majority_only,W8A4_pooled_p995,8,4,False,99.5,0,0.6096703758583024,0.13797462533488286,0.08192584448176249,0.7235228539576366,0.1258,0.5533854166666666,1.0,0.2157369622935604,0.19066544973850133,0.07138599817100347,0.03912331867675266
312,0,majority_only,W4A4_pooled_p995,4,4,False,99.5,0,0.6154669751883284,0.13974218952081924,0.08141069884510047,0.6276477146042363,0.1819,0.5751633986928104,0.99609375,0.1985658475651093,0.19066544973850133,0.058575520510431696,0.0339878799386722
312,0,majority_only,W8A4_channel_p995,8,4,True,99.5,0,0.610475297508717,0.14199808752024956,0.08165833355256129,0.653288740245262,0.1346,0.5908496732026144,0.99609375,0.20685620351166265,0.19066544973850133,0.06635324331191245,0.04043890075880679
312,0,majority_only,W8A4_channel_minmax,8,4,True,100.0,0,0.6059225455339494,0.13697686911256104,0.08302588404517938,0.6989966555183946,0.1809,0.5275590551181102,0.9921875,0.3341238631525053,0.19066544973850133,0.08408760317715333,0.05554638362151113
312,1,representative,W8A8_pooled_p995,8,8,False,99.5,28,0.6192680179063073,0.14618517756186034,0.08103663255579661,0.6945373467112598,0.0276,0.91015625,1.0,0.0386570159900614,0.19066544973850133,0.057827449665712,0.031141326069645897
312,1,representative,W4A8_pooled_p995,4,8,False,99.5,28,0.6185229831614922,0.14509380293507504,0.08113716128329543,0.5652173913043478,0.1622,0.7473958333333333,1.0,0.09972903576226777,0.19066544973850133,0.050267250619703524,0.024974368218691187
312,1,representative,W8A4_pooled_p995,8,4,False,99.5,28,0.606743449272668,0.13679012441691363,0.08202435342729941,0.6778149386845039,0.1196,0.58203125,1.0,0.23058584880300748,0.19066544973850133,0.0735727404755254,0.04186136857350433
312,1,representative,W4A4_pooled_p995,4,4,False,99.5,28,0.6141072730013787,0.14194835667799616,0.08147995574827013,0.5785953177257525,0.1973,0.5813648293963254,0.9921875,0.1913114856959079,0.19066544973850133,0.06071706458914882,0.03338833945275595
312,1,representative,W8A4_channel_p995,8,4,True,99.5,28,0.6118472465066278,0.1389952026212959,0.08215579120388629,0.7190635451505016,0.1394,0.5872395833333334,1.0,0.2111652224247743,0.19066544973850133,0.06224407288811293,0.040159734305397495
312,1,representative,W8A4_channel_minmax,8,4,True,100.0,28,0.5871740863358533,0.11840678118928036,0.09193712054864903,0.7068004459308808,0.256,0.48677248677248675,0.984375,0.5438199117369839,0.19066544973850133,0.11652738101218396,0.07987908980963837
312,1,balanced,W8A8_pooled_p995,8,8,False,99.5,128,0.6196924311401621,0.14638286749680385,0.0810300721317643,0.6878483835005574,0.0247,0.9205729166666665,1.0,0.03294735377336166,0.19066544973850133,0.057247362249925944,0.03143683653869239
312,1,balanced,W4A8_pooled_p995,4,8,False,99.5,128,0.6178050138689011,0.14488306367811135,0.08119906141452347,0.5596432552954292,0.1643,0.7447916666666666,1.0,0.09907244518453964,0.19066544973850133,0.0505069562989392,0.025078863468938062
312,1,balanced,W8A4_pooled_p995,8,4,False,99.5,128,0.6144193217446661,0.1427867910680396,0.08185439890553073,0.6309921962095875,0.1345,0.5882352941176471,0.99609375,0.1933604005390214,0.19066544973850133,0.06728701391237205,0.037506189723644556
312,1,balanced,W4A4_pooled_p995,4,4,False,99.5,128,0.6100731734708112,0.1412352321954667,0.08193380911221913,0.46711259754738016,0.2397,0.5729166666666666,1.0,0.18081736200504345,0.19066544973850133,0.05209588418902168,0.028446065822793964
312,1,balanced,W8A4_channel_p995,8,4,True,99.5,128,0.6106814725712462,0.13928265890946162,0.08214710827543384,0.7101449275362319,0.1372,0.5607843137254902,0.99609375,0.21262877912916991,0.19066544973850133,0.0669585671724342,0.04154949091735999
312,1,balanced,W8A4_channel_minmax,8,4,True,100.0,128,0.5957329538781425,0.1277485881980461,0.08594682420184072,0.6889632107023411,0.2027,0.4980237154150198,0.98828125,0.39102698439105354,0.19066544973850133,0.08928463590560128,0.057433489482331575
312,1,majority_only,W8A8_pooled_p995,8,8,False,99.5,0,0.6189353332865506,0.1460325899804712,0.08102062336119481,0.6978818283166109,0.0291,0.8997395833333333,1.0,0.042527153241441344,0.19066544973850133,0.05601162807527095,0.03094282586768019
312,1,majority_only,W4A8_pooled_p995,4,8,False,99.5,0,0.6186388379931836,0.14627177322708826,0.08110870308767072,0.5652173913043478,0.1661,0.7460937499999999,1.0,0.10149342630557116,0.19066544973850133,0.048503452309607016,0.024435802044251977
312,1,majority_only,W8A4_pooled_p995,8,4,False,99.5,0,0.6088672912295321,0.137780922926456,0.08199789665130408,0.7268673355629878,0.1293,0.5794270833333333,1.0,0.21608948718575452,0.19066544973850133,0.06688449519097993,0.042146256902228216
312,1,majority_only,W4A4_pooled_p995,4,4,False,99.5,0,0.6200540794678417,0.14097402812421558,0.08132004023675561,0.620958751393534,0.1803,0.5581699346405228,0.99609375,0.21187119098306517,0.19066544973850133,0.055745397781441816,0.03444953016945846
312,1,majority_only,W8A4_channel_p995,8,4,True,99.5,0,0.6177570063699338,0.1457163997953385,0.0812895021885566,0.717948717948718,0.1384,0.5908496732026144,0.99609375,0.2047560923142253,0.19066544973850133,0.0657491148424122,0.03848908507202085
312,1,majority_only,W8A4_channel_minmax,8,4,True,100.0,0,0.5992201108311898,0.13463444041185235,0.08397990611686812,0.6989966555183946,0.1891,0.5208333333333333,1.0,0.37353716095889555,0.19066544973850133,0.08370070584816042,0.053830917156216344
312,2,representative,W8A8_pooled_p995,8,8,False,99.5,22,0.6192808770578163,0.14604576914220233,0.08104212157313602,0.68561872909699,0.0228,0.9101562499999999,1.0,0.03371729642510325,0.19066544973850133,0.05704851599980442,0.03129975078889245
312,2,representative,W4A8_pooled_p995,4,8,False,99.5,22,0.618122879847395,0.14473228172190827,0.08119084739595492,0.5585284280936454,0.1646,0.7408854166666666,1.0,0.09913031584524025,0.19066544973850133,0.04971099025107606,0.025031074845477896
312,2,representative,W8A4_pooled_p995,8,4,False,99.5,22,0.6114193429316489,0.1419502370449167,0.08190349705297706,0.6555183946488294,0.1266,0.5950520833333333,1.0,0.21301790023999811,0.19066544973850133,0.07428040001018608,0.04066334931948122
312,2,representative,W4A4_pooled_p995,4,4,False,99.5,22,0.6077068446569184,0.14022729880983237,0.0818750203937938,0.5016722408026756,0.2212,0.5529411764705883,0.99609375,0.19582373538265305,0.19066544973850133,0.05643768251318909,0.029720612283405348
312,2,representative,W8A4_channel_p995,8,4,True,99.5,22,0.6084607583396803,0.13933856332601977,0.08218098151674816,0.7101449275362319,0.1466,0.5677083333333334,1.0,0.21807905053063475,0.19066544973850133,0.07401768445785714,0.04189657440506103
312,2,representative,W8A4_channel_minmax,8,4,True,100.0,22,0.5736799376784284,0.11300135409278328,0.10131970542744036,0.7447045707915273,0.3118,0.4591700133868808,0.97265625,0.7599116394856191,0.19066544973850133,0.1826222574413623,0.09829790049733675
312,2,balanced,W8A8_pooled_p995,8,8,False,99.5,128,0.6189843205303946,0.14589352572855988,0.08103836823686922,0.7001114827201784,0.0277,0.90625,1.0,0.0392774214220623,0.19066544973850133,0.05775980715649208,0.03090921754740734
312,2,balanced,W4A8_pooled_p995,4,8,False,99.5,128,0.6185687250004317,0.14538516520484504,0.08112795054531291,0.5652173913043478,0.1623,0.7421874999999999,1.0,0.09991028545504543,0.19066544973850133,0.048661140441465855,0.024677239745387762
312,2,balanced,W8A4_pooled_p995,8,4,False,99.5,128,0.606717057395047,0.13727716114415306,0.08198868731992617,0.6755852842809364,0.1202,0.5794270833333333,1.0,0.2132844081380412,0.19066544973850133,0.0713167156330881,0.040899704570937986
312,2,balanced,W4A4_pooled_p995,4,4,False,99.5,128,0.6090382567105482,0.14328965752873804,0.08138463056937681,0.5696767001114827,0.1977,0.5869281045751633,0.99609375,0.18788142025064414,0.19066544973850133,0.06469633250384252,0.03389045172277208
312,2,balanced,W8A4_channel_p995,8,4,True,99.5,128,0.6142863213776291,0.13657732104097758,0.08209010547150843,0.7302118171683389,0.1445,0.59375,1.0,0.20865919299392546,0.19066544973850133,0.06735593485447348,0.04638650882240143
312,2,balanced,W8A4_channel_minmax,8,4,True,100.0,128,0.5920673608893928,0.12596160870221118,0.08787536828634275,0.7023411371237458,0.2266,0.4980392156862745,0.99609375,0.4568724101225458,0.19066544973850133,0.10961952713881143,0.07229800995150745
312,2,majority_only,W8A8_pooled_p995,8,8,False,99.5,0,0.6189366192017014,0.14598995688075,0.08103340374752348,0.6889632107023411,0.0283,0.8958333333333333,1.0,0.04315822845671957,0.19066544973850133,0.056020930118931514,0.030691644986980154
312,2,majority_only,W4A8_pooled_p995,4,8,False,99.5,0,0.6184896106016233,0.146654664799861,0.08114024175741859,0.5551839464882943,0.1699,0.7395833333333333,1.0,0.10127678879087809,0.19066544973850133,0.0484561121173112,0.02424903037457972
312,2,majority_only,W8A4_pooled_p995,8,4,False,99.5,0,0.6104409452039712,0.13752149341267295,0.08201902841300235,0.7302118171683389,0.1313,0.5625,1.0,0.21613260387821437,0.19066544973850133,0.06899675271169241,0.04182713317237308
312,2,majority_only,W4A4_pooled_p995,4,4,False,99.5,0,0.6166410157211087,0.14120691103836555,0.0813544322975389,0.6064659977703456,0.1818,0.5594771241830064,0.99609375,0.21196272014484535,0.19066544973850133,0.05525803399651501,0.03389977448610064
312,2,majority_only,W8A4_channel_p995,8,4,True,99.5,0,0.6041709453962463,0.13365441297541553,0.08228154573151748,0.7168338907469343,0.1458,0.5882352941176471,0.99609375,0.20017662898136251,0.19066544973850133,0.06943777991875487,0.04115178176706773
312,2,majority_only,W8A4_channel_minmax,8,4,True,100.0,0,0.6024453697318353,0.1356024420928032,0.08437499925627197,0.7034559643255296,0.2063,0.5026246719160106,0.9921875,0.3919251598780973,0.19066544973850133,0.08481035880324943,0.054080308564964055
312,3,representative,W8A8_pooled_p995,8,8,False,99.5,23,0.6189300059237824,0.14582934891934407,0.0810551861480673,0.6878483835005574,0.0274,0.9036458333333333,1.0,0.0433434715276661,0.19066544973850133,0.05709253814473319,0.030876620001198868
312,3,representative,W4A8_pooled_p995,4,8,False,99.5,23,0.6190462281598027,0.1470025797337717,0.08114057855232086,0.5562987736900781,0.1694,0.7447916666666665,1.0,0.10064371730334423,0.19066544973850133,0.0484535714698782,0.024277373434063658
312,3,representative,W8A4_pooled_p995,8,4,False,99.5,23,0.6192414423265218,0.1406805405320886,0.08180033760980861,0.7424749163879598,0.1303,0.5729166666666667,1.0,0.2290586531313967,0.19066544973850133,0.07681694478682347,0.043936209556830995
312,3,representative,W4A4_pooled_p995,4,4,False,99.5,23,0.6231842418813747,0.14309889498439365,0.08123150148542801,0.6309921962095875,0.183,0.5542483660130719,0.99609375,0.2170863871204204,0.19066544973850133,0.05501704445245449,0.032953776551741296
312,3,representative,W8A4_channel_p995,8,4,True,99.5,23,0.6065985694989988,0.13926942965470074,0.0820163136167899,0.7012263099219621,0.1487,0.5542483660130718,0.99609375,0.215430445310534,0.19066544973850133,0.06663101827340841,0.040388329298411164
312,3,representative,W8A4_channel_minmax,8,4,True,100.0,23,0.5508419008961114,0.10943232913885748,0.11109406403012703,0.7636566332218506,0.349,0.44883040935672514,0.890625,0.8549822966657122,0.19066544973850133,0.21263943859707757,0.1183078398099198
312,3,balanced,W8A8_pooled_p995,8,8,False,99.5,128,0.6194761524585902,0.1460199403577791,0.08102978800824026,0.6978818283166109,0.0263,0.8971354166666665,1.0,0.0394076362540855,0.19066544973850133,0.05786976526541194,0.0310778271532573
312,3,balanced,W4A8_pooled_p995,4,8,False,99.5,128,0.6186472882927468,0.14590569066558157,0.08110120936564819,0.5663322185061316,0.1622,0.7421875,1.0,0.10026016500080268,0.19066544973850133,0.04998748832430556,0.024675942283972088
312,3,balanced,W8A4_pooled_p995,8,4,False,99.5,128,0.6093905362278426,0.13793265059758097,0.0818838950857903,0.6833890746934225,0.1201,0.5572916666666666,1.0,0.22266711149040477,0.19066544973850133,0.07417763053221321,0.041571730209757005
312,3,balanced,W4A4_pooled_p995,4,4,False,99.5,128,0.6127407738343454,0.14377939805958187,0.08133221924997731,0.5518394648829431,0.1979,0.6002604166666666,1.0,0.18379035970000454,0.19066544973850133,0.05943196473693527,0.031390816562056154
312,3,balanced,W8A4_channel_p995,8,4,True,99.5,128,0.616408938653397,0.13988339872801253,0.08186703726793883,0.7146042363433668,0.1376,0.5620915032679739,0.99609375,0.20946965191822814,0.19066544973850133,0.06785444779136435,0.043412483314250246
312,3,balanced,W8A4_channel_minmax,8,4,True,100.0,128,0.6009467274745325,0.13089969784257774,0.08473845721640763,0.6989966555183946,0.1989,0.5215686274509804,0.99609375,0.35527738958711835,0.19066544973850133,0.08150719169314202,0.051652946022518825
312,3,majority_only,W8A8_pooled_p995,8,8,False,99.5,0,0.619011875855057,0.14596135978253572,0.08102721355062606,0.6967670011148273,0.0294,0.8984375,1.0,0.04235872420133995,0.19066544973850133,0.05668092478725288,0.030839049440266213
312,3,majority_only,W4A8_pooled_p995,4,8,False,99.5,0,0.6191201376639527,0.14578374827545765,0.08111129336339203,0.5641025641025641,0.165,0.7395833333333333,1.0,0.10090505950386362,0.19066544973850133,0.049042509798293964,0.024494805165026487
312,3,majority_only,W8A4_pooled_p995,8,4,False,99.5,0,0.614401686336882,0.13933572809591022,0.08188272106215287,0.7268673355629878,0.1311,0.5677083333333333,1.0,0.2298179387103093,0.19066544973850133,0.07615138312141964,0.0446199963640084
312,3,majority_only,W4A4_pooled_p995,4,4,False,99.5,0,0.6224776621229773,0.1436882480196614,0.08126139097334246,0.6432552954292085,0.1816,0.55859375,1.0,0.22123259069087597,0.19066544973850133,0.057242362721916816,0.03381181849527876
312,3,majority_only,W8A4_channel_p995,8,4,True,99.5,0,0.6081559964489147,0.13855834979985007,0.0819785457678682,0.6711259754738016,0.1286,0.5989583333333333,1.0,0.20650273745557754,0.19066544973850133,0.06653713655006238,0.03731879889739477
312,3,majority_only,W8A4_channel_minmax,8,4,True,100.0,0,0.5980979967768842,0.1275222371972209,0.08470714353937916,0.6555183946488294,0.1858,0.515748031496063,0.9921875,0.35494589335113275,0.19066544973850133,0.08020076744060535,0.050866956009911785
312,4,representative,W8A8_pooled_p995,8,8,False,99.5,18,0.619181310484703,0.1461866309475318,0.081017512398013,0.6978818283166109,0.0294,0.8958333333333333,1.0,0.043123681415305905,0.19066544973850133,0.057004004124265636,0.030734670214281654
312,4,representative,W4A8_pooled_p995,4,8,False,99.5,18,0.6189900765315464,0.14659172286197325,0.08110977669515496,0.5629877369007804,0.1651,0.7408854166666666,1.0,0.10218628173752792,0.19066544973850133,0.04786768893750651,0.024268247490123185
312,4,representative,W8A4_pooled_p995,8,4,False,99.5,18,0.6149346675499067,0.13955400211431732,0.08182788514275437,0.7369007803790413,0.1334,0.578125,1.0,0.22721883117750347,0.19066544973850133,0.07522960443021573,0.044502699528716036
312,4,representative,W4A4_pooled_p995,4,4,False,99.5,18,0.6191500811167524,0.14160199700263199,0.08132073295866597,0.6399108138238573,0.1783,0.5503267973856208,0.99609375,0.2150022551602881,0.19066544973850133,0.05714877812021386,0.03416810008682049
312,4,representative,W8A4_channel_p995,8,4,True,99.5,18,0.6074818707395642,0.1390198980056466,0.08189635697698876,0.6789297658862876,0.1338,0.5651041666666666,1.0,0.19718210040814063,0.19066544973850133,0.06592111018735161,0.04077119101283498
312,4,representative,W8A4_channel_minmax,8,4,True,100.0,18,0.585640418199202,0.11935626525577245,0.09096769060438963,0.705685618729097,0.2434,0.4861660079051383,0.98828125,0.5265977372437568,0.19066544973850133,0.1295291564836788,0.07446371460248097
312,4,balanced,W8A8_pooled_p995,8,8,False,99.5,128,0.6194893177803733,0.14621659975188722,0.08102445613999028,0.6945373467112598,0.0254,0.90625,1.0,0.03871527912410741,0.19066544973850133,0.056554141692121765,0.031053661162805626
312,4,balanced,W4A8_pooled_p995,4,8,False,99.5,128,0.6189830346152438,0.14531230370564102,0.08114443212016986,0.5719063545150501,0.1607,0.7447916666666665,1.0,0.09932138072403647,0.19066544973850133,0.04993857641571853,0.024953230432600525
312,4,balanced,W8A4_pooled_p995,8,4,False,99.5,128,0.6090137630886261,0.1389326659527942,0.08196884167360445,0.6967670011148273,0.1215,0.5598958333333333,1.0,0.2395113646674858,0.19066544973850133,0.06831057548314284,0.04290584975903044
312,4,balanced,W4A4_pooled_p995,4,4,False,99.5,128,0.6131283854012625,0.14324114568633983,0.08143374275503878,0.5629877369007804,0.1983,0.5807291666666666,1.0,0.1906031792146235,0.19066544973850133,0.05933776754528667,0.029760820845183292
312,4,balanced,W8A4_channel_p995,8,4,True,99.5,128,0.6112088202512287,0.14023217224226256,0.08182968024536891,0.7290969899665551,0.1448,0.546875,1.0,0.2288680484469537,0.19066544973850133,0.06638601033027923,0.039749367340289235
312,4,balanced,W8A4_channel_minmax,8,4,True,100.0,128,0.5675028299318429,0.10808665024779056,0.10561071964581406,0.7413600891861761,0.3172,0.4340136054421768,0.95703125,0.7643266318737505,0.19066544973850133,0.2037768135455164,0.10631476771584657
312,4,majority_only,W8A8_pooled_p995,8,8,False,99.5,0,0.6187422623117497,0.14587008285475261,0.08103894422204957,0.6945373467112598,0.0299,0.9049479166666666,1.0,0.0425471713268805,0.19066544973850133,0.0567302926157672,0.030851725742982273
312,4,majority_only,W4A8_pooled_p995,4,8,False,99.5,0,0.6185422718887559,0.14663337325659978,0.08110862563680589,0.5607580824972129,0.1647,0.7382812499999999,1.0,0.10192453838661056,0.19066544973850133,0.0480833693322756,0.02440653504029253
312,4,majority_only,W8A4_pooled_p995,8,4,False,99.5,0,0.6088161607937697,0.13605374642973547,0.082132982932069,0.7268673355629878,0.1279,0.5729166666666666,1.0,0.2166229559132277,0.19066544973850133,0.06932780371758632,0.04132523130137546
312,4,majority_only,W4A4_pooled_p995,4,4,False,99.5,0,0.619040165988377,0.1401651441214125,0.08140903531371435,0.6164994425863991,0.179,0.5581699346405228,0.99609375,0.21008352332307464,0.19066544973850133,0.05622833705360439,0.03505733301687344
312,4,majority_only,W8A4_channel_p995,8,4,True,99.5,0,0.611846879102299,0.13973851486549632,0.08155082847047056,0.6956521739130435,0.1448,0.5908496732026144,0.99609375,0.20269439846086634,0.19066544973850133,0.06383804834875512,0.039502071921369994
312,4,majority_only,W8A4_channel_minmax,8,4,True,100.0,0,0.6128143159341666,0.13546503113405775,0.08393988161555631,0.7068004459308808,0.1946,0.5163398692810458,0.99609375,0.3321599021530168,0.19066544973850133,0.08084172856702451,0.05516197275853869
312,5,representative,W8A8_pooled_p995,8,8,False,99.5,25,0.6186095681149868,0.1461051939976878,0.08102664072481847,0.693422519509476,0.031,0.90234375,1.0,0.043770115729616865,0.19066544973850133,0.05541994538213291,0.03085637016881729
312,5,representative,W4A8_pooled_p995,4,8,False,99.5,25,0.6187885552571823,0.146679975804227,0.08111206306557533,0.5607580824972129,0.1681,0.7408854166666666,1.0,0.10091232233750684,0.19066544973850133,0.04819822133889128,0.02431196862908482
312,5,representative,W8A4_pooled_p995,8,4,False,99.5,25,0.6109648025428298,0.13762763155001828,0.08199054282527693,0.7469342251950948,0.1362,0.56640625,1.0,0.20866472132970296,0.19066544973850133,0.06733534507977572,0.04153529428066294
312,5,representative,W4A4_pooled_p995,4,4,False,99.5,25,0.616691839986597,0.14024160515449466,0.08131840913522176,0.6287625418060201,0.1752,0.5511811023622046,0.9921875,0.2087493396049187,0.19066544973850133,0.056312047803720545,0.032283291763359125
312,5,representative,W8A4_channel_p995,8,4,True,99.5,25,0.6107311333896932,0.1399550300472926,0.08179058759175657,0.7045707915273133,0.1402,0.6078431372549019,0.99609375,0.1955897909124127,0.19066544973850133,0.06899017400462029,0.03992953499745619
312,5,representative,W8A4_channel_minmax,8,4,True,100.0,25,0.6202985258146242,0.14179806700690856,0.08213887513142332,0.6956521739130435,0.1463,0.5480895915678524,0.98828125,0.2899478065588897,0.19066544973850133,0.07846556462575743,0.04826284939382155
312,5,balanced,W8A8_pooled_p995,8,8,False,99.5,128,0.6190787434429044,0.14631517427769972,0.08103331671846299,0.693422519509476,0.0252,0.9062499999999999,1.0,0.032573199651627235,0.19066544973850133,0.057932449495229923,0.0315701931536889
312,5,balanced,W4A8_pooled_p995,4,8,False,99.5,128,0.6170045010704325,0.14472986902498353,0.08118968626298678,0.5607580824972129,0.1659,0.7447916666666666,1.0,0.09908004026466741,0.19066544973850133,0.05087878341078301,0.025189782159769823
312,5,balanced,W8A4_pooled_p995,8,4,False,99.5,128,0.6111706714350851,0.14092785334789312,0.08196499059314258,0.620958751393534,0.1258,0.596078431372549,0.99609375,0.1919956713299145,0.19066544973850133,0.06662676951873392,0.0386104003933997
312,5,balanced,W4A4_pooled_p995,4,4,False,99.5,128,0.6160725799903519,0.14269674806906207,0.08181695918309403,0.5050167224080268,0.2245,0.5647058823529412,0.99609375,0.18623846043182846,0.19066544973850133,0.0541175810782553,0.029885172329244414
312,5,balanced,W8A4_channel_p995,8,4,True,99.5,128,0.6107460132650108,0.1369427843686119,0.08217961891239492,0.7201783723522854,0.1485,0.5703125,1.0,0.21158332783013545,0.19066544973850133,0.06875422941397177,0.04273080372222404
312,5,balanced,W8A4_channel_minmax,8,4,True,100.0,128,0.6123627147799782,0.13800459290668007,0.08265303485483608,0.7134894091415831,0.1673,0.5411764705882351,0.99609375,0.28740004916783735,0.19066544973850133,0.07770191255019837,0.046455776027221535
312,5,majority_only,W8A8_pooled_p995,8,8,False,99.5,0,0.619332558600072,0.1460805123626014,0.08103928811855156,0.6900780379041248,0.0256,0.9010416666666666,1.0,0.04068905682144232,0.19066544973850133,0.057507323080104505,0.03099136295244508
312,5,majority_only,W4A8_pooled_p995,4,8,False,99.5,0,0.6187008068566465,0.1449210219827442,0.08115935969849354,0.5596432552954292,0.1673,0.7473958333333333,1.0,0.09999029869793119,0.19066544973850133,0.048647590434078576,0.024458585629156537
312,5,majority_only,W8A4_pooled_p995,8,4,False,99.5,0,0.6140268114533646,0.13705331968191267,0.08207037157207064,0.7001114827201784,0.1268,0.5768229166666666,1.0,0.22582328304987248,0.19066544973850133,0.07242582349658098,0.043404236157304266
312,5,majority_only,W4A4_pooled_p995,4,4,False,99.5,0,0.6201374802504864,0.1408172010933144,0.0815339228788215,0.5830546265328874,0.1964,0.5656167979002625,0.9921875,0.19910927723194966,0.19066544973850133,0.05566904864871487,0.03432993651785166
312,5,majority_only,W8A4_channel_p995,8,4,True,99.5,0,0.6089870650407311,0.1391589346604064,0.08193981655071617,0.7012263099219621,0.1429,0.5703125,1.0,0.22222325491884232,0.19066544973850133,0.0687049358405215,0.042803875989497225
312,5,majority_only,W8A4_channel_minmax,8,4,True,100.0,0,0.593711066622529,0.1296978142103045,0.08575579544188397,0.6811594202898551,0.2159,0.4986772486772487,0.984375,0.4233570549903545,0.19066544973850133,0.09500555478183537,0.059314810483082236
312,6,representative,W8A8_pooled_p995,8,8,False,99.5,27,0.6183597331713815,0.14574408050286008,0.0810432837966151,0.6978818283166109,0.0304,0.9010416666666666,1.0,0.043256343265237904,0.19066544973850133,0.05672351504206704,0.030755865178705263
312,6,representative,W4A8_pooled_p995,4,8,False,99.5,27,0.6185372506962619,0.14652344715896226,0.08111015195927901,0.5674470457079153,0.1651,0.7421875,1.0,0.10209423961074862,0.19066544973850133,0.04872192936291214,0.024421545412100145
312,6,representative,W8A4_pooled_p995,8,4,False,99.5,27,0.6097070550571307,0.13536605029559512,0.0821058678074456,0.7246376811594203,0.1289,0.55859375,1.0,0.21593943980219302,0.19066544973850133,0.06393983580110713,0.039958655635342594
312,6,representative,W4A4_pooled_p995,4,4,False,99.5,27,0.6196583850056904,0.1403823540862698,0.0813860108700155,0.6176142697881828,0.1767,0.572549019607843,0.99609375,0.20884532739439898,0.19066544973850133,0.05675196281775243,0.035132868218913954
312,6,representative,W8A4_channel_p995,8,4,True,99.5,27,0.6181432707876451,0.14165108949622113,0.08196753085143672,0.7402452619843924,0.138,0.5885416666666666,1.0,0.2030253003405088,0.19066544973850133,0.07061486352688662,0.04431704065557125
312,6,representative,W8A4_channel_minmax,8,4,True,100.0,27,0.6101971724317918,0.1321511195246461,0.08358798310760347,0.6923076923076923,0.1723,0.5145502645502645,0.984375,0.3121140732428972,0.19066544973850133,0.07735671523883544,0.04985750118921872
312,6,balanced,W8A8_pooled_p995,8,8,False,99.5,128,0.6202380878025314,0.14627498782657447,0.08102456357470196,0.693422519509476,0.0217,0.90625,1.0,0.03468421623426539,0.19066544973850133,0.05784268715233237,0.031215168675184438
312,6,balanced,W4A8_pooled_p995,4,8,False,99.5,128,0.6192992472742579,0.14476150772330462,0.08116257500034552,0.5596432552954292,0.1624,0.7434895833333333,1.0,0.09767154230191466,0.19066544973850133,0.04998266855921834,0.024870939878370676
312,6,balanced,W8A4_pooled_p995,8,4,False,99.5,128,0.6098260940596721,0.1376058419256423,0.08241695781330238,0.6321070234113713,0.1419,0.5833333333333334,1.0,0.22860101148792983,0.19066544973850133,0.07766046057946621,0.04299675163129684
312,6,balanced,W4A4_pooled_p995,4,4,False,99.5,128,0.6101034230938849,0.1359542225685537,0.08224875272007023,0.5061315496098104,0.2152,0.5507246376811593,0.98828125,0.19788667277323652,0.19066544973850133,0.05850400409975135,0.03325720436413338
312,6,balanced,W8A4_channel_p995,8,4,True,99.5,128,0.6113666204104616,0.13832204902600787,0.0826694357823056,0.717948717948718,0.1533,0.5833333333333333,1.0,0.239044752155126,0.19066544973850133,0.07683922853680944,0.04497283321689845
312,6,balanced,W8A4_channel_minmax,8,4,True,100.0,128,0.5904603955891395,0.11900536285145452,0.09442238352785137,0.7235228539576366,0.2816,0.4835309617918314,0.98828125,0.6079076610281626,0.19066544973850133,0.14522929742110957,0.08757996124847067
312,6,majority_only,W8A8_pooled_p995,8,8,False,99.5,0,0.6187847587457845,0.14570177613894414,0.08105575284943907,0.68561872909699,0.0286,0.8919270833333333,1.0,0.04308340199294415,0.19066544973850133,0.056737888263049104,0.030684516248019
312,6,majority_only,W4A8_pooled_p995,4,8,False,99.5,0,0.6187687766574803,0.1468961469815278,0.08113767612317442,0.5585284280936454,0.1703,0.7473958333333333,1.0,0.10158058430430086,0.19066544973850133,0.04801710274438562,0.024323107710504454
312,6,majority_only,W8A4_pooled_p995,8,4,False,99.5,0,0.6165372239982139,0.140281771520637,0.08179909046800296,0.7335562987736901,0.1293,0.5755208333333333,1.0,0.2319939690504866,0.19066544973850133,0.07190394142660024,0.0444064016220541
312,6,majority_only,W4A4_pooled_p995,4,4,False,99.5,0,0.6213883695220475,0.142947560749632,0.08124447530821688,0.6298773690078038,0.1818,0.56640625,1.0,0.20964353229102056,0.19066544973850133,0.056071056315907294,0.034279368756848456
312,6,majority_only,W8A4_channel_p995,8,4,True,99.5,0,0.6057880755495971,0.13703481088552577,0.08200698670037086,0.6644370122630993,0.1269,0.6145833333333333,1.0,0.184275196825388,0.19066544973850133,0.05824939262499801,0.03544705365401489
312,6,majority_only,W8A4_channel_minmax,8,4,True,100.0,0,0.599607354993778,0.1318116523607492,0.08390670949044163,0.7079152731326644,0.1882,0.5163398692810458,0.99609375,0.3477825222290103,0.19066544973850133,0.07967692641816014,0.05424927187697756
312,7,representative,W8A8_pooled_p995,8,8,False,99.5,24,0.6189142075376428,0.14591269767357118,0.08103540704627715,0.6967670011148273,0.0297,0.9088541666666666,1.0,0.041960650287514965,0.19066544973850133,0.05818842307351052,0.030815448117897614
312,7,representative,W4A8_pooled_p995,4,8,False,99.5,24,0.6183419140614331,0.1461511487255907,0.0811199402454797,0.5674470457079153,0.1654,0.7434895833333333,1.0,0.10126491357424948,0.19066544973850133,0.049006444737008686,0.02450933259009807
312,7,representative,W8A4_pooled_p995,8,4,False,99.5,24,0.6110387120469797,0.13739279298431523,0.08199409848682356,0.7235228539576366,0.1281,0.5690104166666667,1.0,0.23250618439418314,0.19066544973850133,0.06890797522697915,0.04319392816721001
312,7,representative,W4A4_pooled_p995,4,4,False,99.5,24,0.6198198592082118,0.1416323686833474,0.08134945127492055,0.6187290969899666,0.1855,0.5673202614379084,0.99609375,0.21886468634917763,0.19066544973850133,0.061376015956848363,0.03356405572620483
312,7,representative,W8A4_channel_p995,8,4,True,99.5,24,0.6156468808413461,0.14006046126271018,0.0818641791640599,0.7168338907469343,0.1371,0.6062992125984252,0.9921875,0.21011279451542447,0.19066544973850133,0.07270656862646571,0.04264601692717502
312,7,representative,W8A4_channel_minmax,8,4,True,100.0,24,0.613296717817922,0.1342120778587446,0.08341455082191705,0.6989966555183946,0.1772,0.5450980392156861,0.99609375,0.29479831206361984,0.19066544973850133,0.07647748790765845,0.05051279955596506
312,7,balanced,W8A8_pooled_p995,8,8,False,99.5,128,0.6197470519170485,0.14633812879224056,0.08102569756413677,0.6923076923076923,0.024,0.90625,1.0,0.033389805878573375,0.19066544973850133,0.057404513660572004,0.03149739118485273
312,7,balanced,W4A8_pooled_p995,4,8,False,99.5,128,0.618157109684031,0.14451002393792373,0.0811736542852595,0.5629877369007804,0.1626,0.7460937499999999,1.0,0.09938834697433944,0.19066544973850133,0.04985303144750197,0.025096193138628715
312,7,balanced,W8A4_pooled_p995,8,4,False,99.5,128,0.6118907226855395,0.139773913564516,0.08210823692359874,0.6488294314381271,0.1275,0.5807291666666667,1.0,0.2099909392585597,0.19066544973850133,0.07189499698371007,0.041539981387684576
312,7,balanced,W4A4_pooled_p995,4,4,False,99.5,128,0.6064748154742375,0.13935333886621368,0.08200222943977699,0.5061315496098104,0.2217,0.5607843137254902,0.99609375,0.1899396816428524,0.19066544973850133,0.05755325658711227,0.02929330510605149
312,7,balanced,W8A4_channel_p995,8,4,True,99.5,128,0.6134317389087675,0.1422552064279798,0.08187830464208581,0.7201783723522854,0.1419,0.5716145833333333,1.0,0.2271848479744455,0.19066544973850133,0.06648584916942774,0.04148947919600658
312,7,balanced,W8A4_channel_minmax,8,4,True,100.0,128,0.5812008267577145,0.11903928705985592,0.08985820476045071,0.6945373467112598,0.2444,0.4967061923583662,0.98828125,0.5205079328067338,0.19066544973850133,0.11272201811078317,0.07557375255190572
312,7,majority_only,W8A8_pooled_p995,8,8,False,99.5,0,0.6189054510678056,0.14592217199026292,0.08105545602311265,0.6911928651059086,0.0269,0.8971354166666667,1.0,0.041408425543600386,0.19066544973850133,0.057780288771797236,0.030713020962026556
312,7,majority_only,W4A8_pooled_p995,4,8,False,99.5,0,0.6184381127615322,0.14561303016682703,0.08115127469876078,0.5574136008918618,0.1672,0.7421875,1.0,0.10092252660337772,0.19066544973850133,0.05030234828811475,0.024584648596427477
312,7,majority_only,W8A4_pooled_p995,8,4,False,99.5,0,0.610865113501607,0.13748363762721855,0.08203620322906015,0.6923076923076923,0.1241,0.56640625,1.0,0.23002326644860985,0.19066544973850133,0.07097011595505462,0.042230761980555045
312,7,majority_only,W4A4_pooled_p995,4,4,False,99.5,0,0.6171562390582399,0.14106016009185532,0.0814427273819893,0.5707915273132664,0.1949,0.596078431372549,0.99609375,0.19389129542883968,0.19066544973850133,0.05931473281232969,0.03196140236707136
312,7,majority_only,W8A4_channel_p995,8,4,True,99.5,0,0.6042214022574056,0.12821214405313364,0.08244573236761454,0.7123745819397993,0.1439,0.5921568627450979,0.99609375,0.22219059134565858,0.19066544973850133,0.06383452172606996,0.04296681895357689
312,7,majority_only,W8A4_channel_minmax,8,4,True,100.0,0,0.6029894955428344,0.1250359957568902,0.08455740536549572,0.6978818283166109,0.2011,0.5058823529411764,0.99609375,0.38904612278419753,0.19066544973850133,0.08615719953534816,0.05706753474964381
312,8,representative,W8A8_pooled_p995,8,8,False,99.5,24,0.6193301704719345,0.14608948979905542,0.0810312000640219,0.6967670011148273,0.027,0.9049479166666666,1.0,0.03857745897965353,0.19066544973850133,0.05747157137623945,0.03117490956274152
312,8,representative,W4A8_pooled_p995,4,8,False,99.5,24,0.6188335622874642,0.1456345049586885,0.08111675001644637,0.5663322185061316,0.1615,0.7447916666666665,1.0,0.09951648540247249,0.19066544973850133,0.04946698252920953,0.024774060936337904
312,8,representative,W8A4_pooled_p995,8,4,False,99.5,24,0.6076178715752865,0.13684825256499733,0.08194760574148409,0.6878483835005574,0.1234,0.57421875,1.0,0.2319800230007021,0.19066544973850133,0.07428003426789667,0.041944331391956816
312,8,representative,W4A4_pooled_p995,4,4,False,99.5,24,0.6123254232406017,0.1430241133485221,0.08141148342768253,0.5752508361204013,0.1917,0.5643044619422571,0.9921875,0.19687331244430936,0.19066544973850133,0.06109872842983121,0.03249669816836641
312,8,representative,W8A4_channel_p995,8,4,True,99.5,24,0.6101570641258942,0.1362914676610166,0.08224800142698045,0.7068004459308808,0.1403,0.5790849673202614,0.99609375,0.2092269684834649,0.19066544973850133,0.06627695245701387,0.04210118571801788
312,8,representative,W8A4_channel_minmax,8,4,True,100.0,24,0.587454293370642,0.12680033563890578,0.0857153062123409,0.6688963210702341,0.2079,0.520997375328084,0.9921875,0.40529805249546996,0.19066544973850133,0.08845255331910513,0.05662140603961049
312,8,balanced,W8A8_pooled_p995,8,8,False,99.5,128,0.6195719225203055,0.14614961494611528,0.08102923172371239,0.7034559643255296,0.0279,0.8919270833333334,1.0,0.03979324272605575,0.19066544973850133,0.057438059568807376,0.031234468481049837
312,8,balanced,W4A8_pooled_p995,4,8,False,99.5,128,0.6183495070842291,0.1455943528516776,0.08111582247767049,0.5674470457079153,0.1624,0.7447916666666665,1.0,0.09963051574361219,0.19066544973850133,0.05014725860389789,0.02486004505675114
312,8,balanced,W8A4_pooled_p995,8,4,False,99.5,128,0.608363090022266,0.1371546123696716,0.08196746921314506,0.6833890746934225,0.1204,0.58203125,1.0,0.21850592174588854,0.19066544973850133,0.07162126828816272,0.04152151671505873
312,8,balanced,W4A4_pooled_p995,4,4,False,99.5,128,0.6115533230435627,0.14314658658890553,0.08138816844139306,0.5641025641025641,0.1925,0.6,0.99609375,0.18473364904185818,0.19066544973850133,0.060383465799494655,0.03171844507421643
312,8,balanced,W8A4_channel_p995,8,4,True,99.5,128,0.6153242386065774,0.13878870744223307,0.08200667547648886,0.7268673355629878,0.1428,0.5833333333333333,1.0,0.20768242196693712,0.19066544973850133,0.06391898502398072,0.0455615612107203
312,8,balanced,W8A4_channel_minmax,8,4,True,100.0,128,0.5879333273813833,0.12501668987921538,0.08900755089133387,0.6945373467112598,0.2329,0.4690382081686429,0.98828125,0.5037608574022112,0.19066544973850133,0.11347273072985192,0.08344199418930733
312,8,majority_only,W8A8_pooled_p995,8,8,False,99.5,0,0.61892602571022,0.14644343271475269,0.08102483528648766,0.6978818283166109,0.028,0.9075520833333334,1.0,0.039585127456977065,0.19066544973850133,0.05729424477989424,0.03113167939012573
312,8,majority_only,W4A8_pooled_p995,4,8,False,99.5,0,0.6176151270649501,0.14546509282038214,0.08114226067295165,0.5663322185061316,0.165,0.7434895833333333,1.0,0.10027765716558854,0.19066544973850133,0.04987504563552301,0.02491257343386003
312,8,majority_only,W8A4_pooled_p995,8,4,False,99.5,0,0.603812603707526,0.13840310554613947,0.08201264030388025,0.6789297658862876,0.1212,0.5885416666666667,1.0,0.21586902064142932,0.19066544973850133,0.0726923159804164,0.041564209563375636
312,8,majority_only,W4A4_pooled_p995,4,4,False,99.5,0,0.6124810802079166,0.14291650773278064,0.08141428826733539,0.5629877369007804,0.197,0.5751633986928104,0.99609375,0.18376005102674225,0.19066544973850133,0.056341345708301835,0.03200034294747779
312,8,majority_only,W8A4_channel_p995,8,4,True,99.5,0,0.6075305518131342,0.1413082895922672,0.08187193512013292,0.6867335562987736,0.1465,0.6091503267973856,0.99609375,0.20014901801955676,0.19066544973850133,0.07532885108131596,0.0414651589934901
312,8,majority_only,W8A4_channel_minmax,8,4,True,100.0,0,0.6083757654716105,0.1332659995015854,0.08330203940247824,0.6956521739130435,0.166,0.551128818061089,0.98046875,0.2728723927298832,0.19066544973850133,0.06976251921631355,0.046467601705903645
312,9,representative,W8A8_pooled_p995,8,8,False,99.5,28,0.6190657005892308,0.14630618844076193,0.08103254741586405,0.6989966555183946,0.0294,0.9140625,1.0,0.039025083535492236,0.19066544973850133,0.058281902897953264,0.03116759801323699
312,9,representative,W4A8_pooled_p995,4,8,False,99.5,28,0.617892149928889,0.14611574103266256,0.0811165313185929,0.5696767001114827,0.1632,0.7330729166666665,1.0,0.10060831318681934,0.19066544973850133,0.04956548943753694,0.024869603064609877
312,9,representative,W8A4_pooled_p995,8,4,False,99.5,28,0.604010022300218,0.13780790012743407,0.08194657120451493,0.6845039018952063,0.12,0.59765625,1.0,0.19590720736062595,0.19066544973850133,0.07346102685539675,0.04061724504884218
312,9,representative,W4A4_pooled_p995,4,4,False,99.5,28,0.6135347345889499,0.1396898530787723,0.08162288119445062,0.5618729096989966,0.1944,0.5727513227513227,0.984375,0.17808303413788526,0.19066544973850133,0.05596376289401688,0.030874066644687212
312,9,representative,W8A4_channel_p995,8,4,True,99.5,28,0.6111718348821262,0.14069632430541584,0.08196324005715598,0.7034559643255296,0.1468,0.5859374999999999,1.0,0.20219709317239742,0.19066544973850133,0.07614007378857364,0.040588558604284605
312,9,representative,W8A4_channel_minmax,8,4,True,100.0,28,0.5971684025908863,0.12784813919245386,0.08435742039496696,0.6878483835005574,0.1868,0.5,0.984375,0.3524352359712474,0.19066544973850133,0.08251519340042202,0.048176782692880185
312,9,balanced,W8A8_pooled_p995,8,8,False,99.5,128,0.6189446408628809,0.14606387672708487,0.08103498850901233,0.6889632107023411,0.0287,0.9010416666666666,1.0,0.042395340607648546,0.19066544973850133,0.057639214154305646,0.03080524374578608
312,9,balanced,W4A8_pooled_p995,4,8,False,99.5,128,0.6187310564797203,0.1465511931718244,0.08113888477071983,0.5562987736900781,0.1699,0.7460937499999999,1.0,0.1009082450123186,0.19066544973850133,0.04802446567076241,0.024352112126834802
312,9,balanced,W8A4_pooled_p995,8,4,False,99.5,128,0.6152146908825309,0.13956940850948216,0.08186797903093725,0.7313266443701226,0.1303,0.5794270833333333,1.0,0.2246581269229454,0.19066544973850133,0.074051639462518,0.04374219073321506
312,9,balanced,W4A4_pooled_p995,4,4,False,99.5,128,0.6251667556397484,0.14531119488704747,0.08109619496035225,0.6298773690078038,0.1846,0.5620915032679737,0.99609375,0.21992101339581405,0.19066544973850133,0.056288550259043266,0.03287253199279377
312,9,balanced,W8A4_channel_p995,8,4,True,99.5,128,0.6134175938421075,0.14099590647107496,0.08201628334176085,0.7268673355629878,0.1433,0.5794270833333333,1.0,0.214676194888161,0.19066544973850133,0.06851350689131866,0.04138468312817978
312,9,balanced,W8A4_channel_minmax,8,4,True,100.0,128,0.5800250104373447,0.12096641966725173,0.08800230019386215,0.6744704570791528,0.2252,0.4856770833333333,1.0,0.46656555538246214,0.19066544973850133,0.10518541838373649,0.06782857288457095
312,9,majority_only,W8A8_pooled_p995,8,8,False,99.5,0,0.6190413906694732,0.1460883366864196,0.08103788615701144,0.6900780379041248,0.0295,0.8880208333333333,1.0,0.04314420841536651,0.19066544973850133,0.05663758084109914,0.03081122820170249
312,9,majority_only,W4A8_pooled_p995,4,8,False,99.5,0,0.6188953474487626,0.146841965660716,0.08114260684588845,0.5607580824972129,0.1704,0.7343749999999999,1.0,0.10141431271164825,0.19066544973850133,0.04863294128966836,0.024388580742527748
312,9,majority_only,W8A4_pooled_p995,8,4,False,99.5,0,0.6103562585061756,0.13703972401846826,0.08205390808487255,0.7268673355629878,0.1281,0.5703125,1.0,0.22333182338392232,0.19066544973850133,0.06948551618674578,0.04334776930860362
312,9,majority_only,W4A4_pooled_p995,4,4,False,99.5,0,0.6200349132086878,0.14194490249315245,0.08131170276564201,0.6298773690078038,0.1808,0.5682414698162729,0.9921875,0.2188496342657983,0.19066544973850133,0.05921830947462912,0.0339872592113287
312,9,majority_only,W8A4_channel_p995,8,4,True,99.5,0,0.6126895209304735,0.13773823212724393,0.0819297747570423,0.7134894091415831,0.1415,0.5976562499999999,1.0,0.19103973071564145,0.19066544973850133,0.06290998963305702,0.040267580530557706
312,9,majority_only,W8A4_channel_minmax,8,4,True,100.0,0,0.6115458524888765,0.13640430855576502,0.08297216130447352,0.7235228539576366,0.1736,0.5288713910761154,0.9921875,0.29032749247456674,0.19066544973850133,0.07464605303811282,0.04720837506030232
312,10,representative,W8A8_pooled_p995,8,8,False,99.5,21,0.6196389738103172,0.14630672625297292,0.08102015355661042,0.693422519509476,0.0238,0.91796875,1.0,0.03315704940549148,0.19066544973850133,0.05787927139187642,0.03145665739334681
312,10,representative,W4A8_pooled_p995,4,8,False,99.5,21,0.6176949150383613,0.14483600046253892,0.081176160827082,0.5629877369007804,0.1658,0.7434895833333333,1.0,0.09941934255892368,0.19066544973850133,0.05036569975612072,0.025199819317800992
312,10,representative,W8A4_pooled_p995,8,4,False,99.5,21,0.6103625043797658,0.13946627272196935,0.0820761474237063,0.6109253065774805,0.128,0.5973856209150326,0.99609375,0.18886003228646625,0.19066544973850133,0.06479650055654942,0.03799335873475683
312,10,representative,W4A4_pooled_p995,4,4,False,99.5,21,0.6151237583111452,0.14474151495676968,0.0816585630437003,0.5117056856187291,0.2271,0.5807291666666667,1.0,0.18631317230026356,0.19066544973850133,0.054464657943202203,0.02995414639624692
312,10,representative,W8A4_channel_p995,8,4,True,99.5,21,0.6079110602296939,0.1412275472626335,0.08182116678219964,0.6688963210702341,0.1306,0.59765625,1.0,0.2079188564972979,0.19066544973850133,0.06368704896115363,0.039969922417731465
312,10,representative,W8A4_channel_minmax,8,4,True,100.0,21,0.6154702818272878,0.13869301800520295,0.08320326160619239,0.7101449275362319,0.1792,0.5489417989417988,0.984375,0.34276237386376535,0.19066544973850133,0.07802381692787692,0.05233370185223336
312,10,balanced,W8A8_pooled_p995,8,8,False,99.5,128,0.6200111543954233,0.1461469579779493,0.08103866714437513,0.6945373467112598,0.0232,0.9114583333333333,1.0,0.035821386183364584,0.19066544973850133,0.05688022666734036,0.03127514367199201
312,10,balanced,W4A8_pooled_p995,4,8,False,99.5,128,0.6192468309233446,0.14509891661829333,0.08115325276693416,0.5596432552954292,0.1633,0.7382812499999999,1.0,0.09848364968612969,0.19066544973850133,0.05022747398440209,0.024818304256189694
312,10,balanced,W8A4_pooled_p995,8,4,False,99.5,128,0.6077914088866044,0.13635331776591592,0.08226161143665926,0.6488294314381271,0.1282,0.5807291666666667,1.0,0.22037578400106708,0.19066544973850133,0.07172805792396406,0.043314908325276374
312,10,balanced,W4A4_pooled_p995,4,4,False,99.5,128,0.6143216534272515,0.13822623217999827,0.08192735847384362,0.5284280936454849,0.2102,0.5761154855643045,0.9921875,0.19358411270108594,0.19066544973850133,0.05598197134938125,0.03305715280164327
312,10,balanced,W8A4_channel_p995,8,4,True,99.5,128,0.6096580678132866,0.1399464458450757,0.08221875486410041,0.6923076923076923,0.1524,0.5803921568627451,0.99609375,0.2220161771198128,0.19066544973850133,0.0701232256912243,0.044599975370936275
312,10,balanced,W8A4_channel_minmax,8,4,True,100.0,128,0.5849691704904272,0.12427983637901222,0.08906064893421778,0.6666666666666666,0.2444,0.5059288537549407,0.98828125,0.5047164737718166,0.19066544973850133,0.12439047294966626,0.07533215135734148
312,10,majority_only,W8A8_pooled_p995,8,8,False,99.5,0,0.6195264868516401,0.14636559990172754,0.08103101116856348,0.693422519509476,0.0267,0.9088541666666666,1.0,0.0388924797807648,0.19066544973850133,0.05748932281303489,0.03086117642762686
312,10,majority_only,W4A8_pooled_p995,4,8,False,99.5,0,0.6182116692268624,0.14569011485129993,0.08114513566686195,0.5629877369007804,0.1663,0.7473958333333333,1.0,0.1001840194919646,0.19066544973850133,0.05160556389154351,0.024740959364481598
312,10,majority_only,W8A4_pooled_p995,8,4,False,99.5,0,0.608090843414602,0.13657869421098148,0.08201415459300314,0.68561872909699,0.1222,0.5716145833333333,1.0,0.23642129787391636,0.19066544973850133,0.06977016778886044,0.0418801490447005
312,10,majority_only,W4A4_pooled_p995,4,4,False,99.5,0,0.6157998435102496,0.14420218733398849,0.08131284980962324,0.5875139353400223,0.1948,0.5816993464052287,0.99609375,0.19962459463178842,0.19066544973850133,0.06365057934374327,0.03439377132832536
312,10,majority_only,W8A4_channel_p995,8,4,True,99.5,0,0.6149402398488939,0.1428208533139767,0.08169967522980122,0.7134894091415831,0.1415,0.5751633986928104,0.99609375,0.20361868897742208,0.19066544973850133,0.06718241518810192,0.044424227236517955
312,10,majority_only,W8A4_channel_minmax,8,4,True,100.0,0,0.6053629887411394,0.13497172844378186,0.08339648214327416,0.7012263099219621,0.1793,0.541994750656168,0.9921875,0.3250941833558936,0.19066544973850133,0.07760160458708745,0.051468301326989645
312,11,representative,W8A8_pooled_p995,8,8,False,99.5,26,0.6189252909015625,0.14606243707597263,0.08103259818447227,0.6889632107023411,0.0285,0.8932291666666666,1.0,0.04300699205098314,0.19066544973850133,0.05690383753750511,0.03078130130161953
312,11,representative,W4A8_pooled_p995,4,8,False,99.5,26,0.6186692713184219,0.14666965455371822,0.08113685738810181,0.5551839464882943,0.1685,0.7447916666666665,1.0,0.10142431161952531,0.19066544973850133,0.04841279812903417,0.02422307823389589
312,11,representative,W8A4_pooled_p995,8,4,False,99.5,26,0.6106517128206108,0.1376352218701401,0.0820230041954491,0.7313266443701226,0.1312,0.5677083333333333,1.0,0.21501693545547096,0.19066544973850133,0.0683827286360639,0.04163715410053848
312,11,representative,W4A4_pooled_p995,4,4,False,99.5,26,0.6171583210161032,0.1414959411965897,0.08134358327512098,0.620958751393534,0.1795,0.5703125,1.0,0.21114010296013455,0.19066544973850133,0.05580343951478281,0.03327928606491494
312,11,representative,W8A4_channel_p995,8,4,True,99.5,26,0.6132926151362501,0.14088295339732115,0.08159543918013701,0.7246376811594203,0.1377,0.60546875,1.0,0.20028475627072156,0.19066544973850133,0.06741784799784381,0.04250502236213448
312,11,representative,W8A4_channel_minmax,8,4,True,100.0,26,0.5974959435500394,0.1291484945559418,0.0861263873724411,0.6900780379041248,0.2109,0.5006535947712418,0.99609375,0.4474343851614134,0.19066544973850133,0.09591159157921461,0.06329902548104836
312,11,balanced,W8A8_pooled_p995,8,8,False,99.5,128,0.6185591112538272,0.14613186527713246,0.08103164459810634,0.6967670011148273,0.0317,0.8932291666666667,1.0,0.04428812596910421,0.19066544973850133,0.05682307053769864,0.03079882369120236
312,11,balanced,W4A8_pooled_p995,4,8,False,99.5,128,0.6187270150321031,0.14736764688642692,0.08108708388806403,0.5596432552954292,0.1679,0.7408854166666665,1.0,0.1015759301817683,0.19066544973850133,0.04830300757718643,0.024238804931820977
312,11,balanced,W8A4_pooled_p995,8,4,False,99.5,128,0.6092806823335221,0.13660358487008878,0.08204943630852013,0.7424749163879598,0.1339,0.5651041666666667,1.0,0.21365100621554584,0.19066544973850133,0.06963174708011574,0.03997049085871346
312,11,balanced,W4A4_pooled_p995,4,4,False,99.5,128,0.6177260831722572,0.1407136043306761,0.08130809462334872,0.6287625418060201,0.1749,0.5748031496062991,0.9921875,0.200843210838192,0.19066544973850133,0.05766519146037302,0.03393459264846247
312,11,balanced,W8A4_channel_p995,8,4,True,99.5,128,0.6185831762373657,0.14633061718171608,0.08130560517497767,0.68561872909699,0.1255,0.5911458333333333,1.0,0.1899621756020009,0.19066544973850133,0.0669018493619363,0.038730206061903166
312,11,balanced,W8A4_channel_minmax,8,4,True,100.0,128,0.5725870935023196,0.11150122421900799,0.10499817561242701,0.7558528428093646,0.315,0.44939271255060725,0.96484375,0.7820802761067785,0.19066544973850133,0.1901109502481084,0.11068102967375637
312,11,majority_only,W8A8_pooled_p995,8,8,False,99.5,0,0.6193103918722325,0.14618838844691912,0.0810335366898215,0.6889632107023411,0.0251,0.9036458333333333,1.0,0.041280601147605456,0.19066544973850133,0.057749539986492904,0.030747973989263003
312,11,majority_only,W4A8_pooled_p995,4,8,False,99.5,0,0.6187117677524567,0.1454023452073328,0.08115054378439843,0.5596432552954292,0.1667,0.7526041666666666,1.0,0.09974414611616246,0.19066544973850133,0.04846051275992239,0.024395810830904745
312,11,majority_only,W8A4_pooled_p995,8,4,False,99.5,0,0.6163710347734725,0.14018301801605523,0.0818603074603419,0.7101449275362319,0.1268,0.58984375,1.0,0.2310428114782305,0.19066544973850133,0.07377263095542243,0.04511041292688831
312,11,majority_only,W4A4_pooled_p995,4,4,False,99.5,0,0.6219475589105286,0.14289303712676021,0.08134687663264167,0.6109253065774805,0.1861,0.5790849673202614,0.99609375,0.21372932853474463,0.19066544973850133,0.059857030250500785,0.033959195776061935
312,11,majority_only,W8A4_channel_p995,8,4,True,99.5,0,0.6098083361837785,0.14435684985227654,0.08143068712811236,0.6610925306577481,0.1285,0.5859375,1.0,0.21540613891339666,0.19066544973850133,0.06276583773908395,0.04180911105685415
312,11,majority_only,W8A4_channel_minmax,8,4,True,100.0,0,0.6083501696367021,0.13262888429218395,0.0836259616815842,0.6956521739130435,0.1834,0.5198412698412699,0.984375,0.32809875921893844,0.19066544973850133,0.07096104455092739,0.05129889212480927
312,12,representative,W8A8_pooled_p995,8,8,False,99.5,31,0.619837739552215,0.14624346824976164,0.08101797392435062,0.6900780379041248,0.0242,0.91015625,1.0,0.03381532923154059,0.19066544973850133,0.057163051947777,0.031470626560865245
312,12,representative,W4A8_pooled_p995,4,8,False,99.5,31,0.6178571852835951,0.14481366328669323,0.0811798633036397,0.5641025641025641,0.1635,0.7447916666666665,1.0,0.09922310071695774,0.19066544973850133,0.05200983807333845,0.024945866899694368
312,12,representative,W8A4_pooled_p995,8,4,False,99.5,31,0.6109229184493431,0.14098880421461038,0.08197335381865704,0.6309921962095875,0.129,0.6106770833333334,1.0,0.2001444996619202,0.19066544973850133,0.06676691715891209,0.03807850587424461
312,12,representative,W4A4_pooled_p995,4,4,False,99.5,31,0.608627131266586,0.14043145143372981,0.08190920456125528,0.4938684503901895,0.2243,0.5751633986928104,0.99609375,0.17936375424994128,0.19066544973850133,0.05110919464832092,0.028255524631146223
312,12,representative,W8A4_channel_p995,8,4,True,99.5,31,0.6133620545543992,0.13727781837030217,0.08207315212677894,0.7235228539576366,0.1373,0.5908496732026144,0.99609375,0.22021065297254977,0.19066544973850133,0.07035786525457875,0.04460351049022713
312,12,representative,W8A4_channel_minmax,8,4,True,100.0,31,0.6094649968384858,0.13582429670234833,0.08309870990218622,0.7168338907469343,0.1717,0.5346405228758169,0.99609375,0.29776881260850735,0.19066544973850133,0.07599924591043615,0.04973269908573301
312,12,balanced,W8A8_pooled_p995,8,8,False,99.5,128,0.6195124642530896,0.14630346685542917,0.08102875137191556,0.7001114827201784,0.0276,0.89453125,1.0,0.04050907940377178,0.19066544973850133,0.056495196822433535,0.030721369381600118
312,12,balanced,W4A8_pooled_p995,4,8,False,99.5,128,0.6187125637951691,0.1453141443821894,0.0811321432844255,0.5596432552954292,0.1658,0.7421875,1.0,0.10062077599695161,0.19066544973850133,0.04998530992830425,0.02459232848166399
312,12,balanced,W8A4_pooled_p995,8,4,False,99.5,128,0.6114686975798219,0.13951257718935095,0.08185605925171663,0.705685618729097,0.1227,0.5846354166666666,1.0,0.21974271951684,0.19066544973850133,0.06998348000523885,0.04069733085388555
312,12,balanced,W4A4_pooled_p995,4,4,False,99.5,128,0.6199504714471114,0.14154205817212384,0.08144343651861562,0.5841694537346711,0.1957,0.5859375,1.0,0.194224262178182,0.19066544973850133,0.05697247297435992,0.031685787811487835
312,12,balanced,W8A4_channel_p995,8,4,True,99.5,128,0.6135295909283462,0.13996658116762695,0.0820666693612511,0.7357859531772575,0.142,0.58203125,1.0,0.22221525373071194,0.19066544973850133,0.0691405744778901,0.04563112137426391
312,12,balanced,W8A4_channel_minmax,8,4,True,100.0,128,0.6033251193972218,0.13350649726005454,0.08395104098063172,0.7023411371237458,0.1797,0.5131233595800525,0.9921875,0.33883891974595187,0.19066544973850133,0.07802632887579106,0.051129580075481046
312,12,majority_only,W8A8_pooled_p995,8,8,False,99.5,0,0.6192928176985033,0.14614971351807837,0.08100775918010082,0.6978818283166109,0.0287,0.9088541666666665,1.0,0.043034254028322394,0.19066544973850133,0.054993011449653906,0.03097851086485938
312,12,majority_only,W4A8_pooled_p995,4,8,False,99.5,0,0.6191772078030311,0.14626855039798095,0.08110825959979222,0.5663322185061316,0.1633,0.7382812499999999,1.0,0.10127371573356628,0.19066544973850133,0.04885117577700462,0.02441560412400061
312,12,majority_only,W8A4_pooled_p995,8,4,False,99.5,0,0.6163240070193822,0.1398999566249596,0.08182312157216577,0.7268673355629878,0.1291,0.5794270833333333,1.0,0.2267688387382375,0.19066544973850133,0.07695947188381674,0.044392166752881164
312,12,majority_only,W4A4_pooled_p995,4,4,False,99.5,0,0.6228071625718843,0.1435082341036729,0.08122540533489467,0.6354515050167224,0.1818,0.5611979166666666,1.0,0.21542330401446272,0.19066544973850133,0.05784243284856064,0.03191647202846917
312,12,majority_only,W8A4_channel_p995,8,4,True,99.5,0,0.6126808256946912,0.13873019231080036,0.08171348710776002,0.7034559643255296,0.138,0.6041666666666666,1.0,0.2031783825478569,0.19066544973850133,0.0638511868263591,0.035964120234540944
312,12,majority_only,W8A4_channel_minmax,8,4,True,100.0,0,0.5902729581473809,0.12553542374374485,0.08591448118125586,0.6800445930880713,0.2089,0.5026455026455026,0.984375,0.4132967583225383,0.19066544973850133,0.09072647136999365,0.056237173723020985
312,13,representative,W8A8_pooled_p995,8,8,False,99.5,31,0.6185011838379815,0.14606199827801444,0.08104779285800244,0.6911928651059086,0.0288,0.8932291666666665,1.0,0.043889090880451564,0.19066544973850133,0.056634325170491454,0.030734331594432736
312,13,representative,W4A8_pooled_p995,4,8,False,99.5,31,0.6185003877952691,0.14665248799811945,0.08113950415462094,0.5585284280936454,0.1699,0.7513020833333333,1.0,0.10147134689126022,0.19066544973850133,0.04677579598086089,0.024332408884277013
312,13,representative,W8A4_pooled_p995,8,4,False,99.5,31,0.6084037494346566,0.13549478785766472,0.08213028098751632,0.7235228539576366,0.1302,0.5594771241830065,0.99609375,0.21672136835615669,0.19066544973850133,0.06761719048809633,0.039399945332177014
312,13,representative,W4A4_pooled_p995,4,4,False,99.5,31,0.6187523659307925,0.1396599481520977,0.08142077622163554,0.6075808249721293,0.1828,0.5777777777777777,0.99609375,0.20593267249637276,0.19066544973850133,0.05718672598090827,0.033972055755219166
312,13,representative,W8A4_channel_p995,8,4,True,99.5,31,0.6133683004279893,0.1404587894629651,0.0820693244611281,0.6967670011148273,0.1371,0.5885416666666667,1.0,0.20825076140550908,0.19066544973850133,0.07530952519907884,0.0422113364354756
312,13,representative,W8A4_channel_minmax,8,4,True,100.0,31,0.6055265449015239,0.1336876162164749,0.08471693301178689,0.7146042363433668,0.2013,0.5098039215686273,0.99609375,0.3836779077774756,0.19066544973850133,0.09045900043971167,0.05309208659311868
312,13,balanced,W8A8_pooled_p995,8,8,False,99.5,128,0.6191656958007277,0.1460502535887261,0.08102459212014894,0.6978818283166109,0.0283,0.8919270833333333,1.0,0.042807404885256244,0.19066544973850133,0.05695403910535346,0.030790011012920844
312,13,balanced,W4A8_pooled_p995,4,8,False,99.5,128,0.6190723751012046,0.14617691961241613,0.081104131936022,0.5629877369007804,0.1654,0.7421875,1.0,0.10211960705771231,0.19066544973850133,0.049595470901162564,0.02453039409676949
312,13,balanced,W8A4_pooled_p995,8,4,False,99.5,128,0.617649724305915,0.14047583563995136,0.08174972728390281,0.7335562987736901,0.1316,0.578125,1.0,0.2243550815567344,0.19066544973850133,0.07658014892044188,0.0434342200485834
312,13,balanced,W4A4_pooled_p995,4,4,False,99.5,128,0.622661670457667,0.1439092492742868,0.08119561825412377,0.6276477146042363,0.1787,0.5748031496062991,0.9921875,0.20388741786553757,0.19066544973850133,0.055876362932123294,0.030976290370508933
312,13,balanced,W8A4_channel_p995,8,4,True,99.5,128,0.610753177649423,0.13878950160681652,0.08202074927402919,0.7068004459308808,0.1421,0.5963541666666667,1.0,0.20226624572566917,0.19066544973850133,0.06706624615201402,0.0421551658450193
312,13,balanced,W8A4_channel_minmax,8,4,True,100.0,128,0.5906849408681103,0.13063797927308382,0.08562652326767996,0.6744704570791528,0.2111,0.50199203187251,0.98046875,0.41061558876354687,0.19066544973850133,0.10197824050884416,0.061377983263304924
312,13,majority_only,W8A8_pooled_p995,8,8,False,99.5,0,0.6189665014204464,0.14608122547468663,0.08102183776236391,0.6945373467112598,0.029,0.89453125,1.0,0.042369317927318864,0.19066544973850133,0.05640687786928117,0.030876297854795263
312,13,majority_only,W4A8_pooled_p995,4,8,False,99.5,0,0.618396657306429,0.146232621122631,0.0811113878554673,0.5652173913043478,0.166,0.74609375,1.0,0.1016057986223711,0.19066544973850133,0.04849891217735079,0.02452605447934621
312,13,majority_only,W8A4_pooled_p995,8,4,False,99.5,0,0.609243268326036,0.13795748266843835,0.08197839504933561,0.7246376811594203,0.1299,0.5807291666666666,1.0,0.21691721202108286,0.19066544973850133,0.06579921117335327,0.04187410626370443
312,13,majority_only,W4A4_pooled_p995,4,4,False,99.5,0,0.6193580932009257,0.14052221474377727,0.08138973083050623,0.6243032329988851,0.1796,0.5607843137254902,0.99609375,0.21270452598144063,0.19066544973850133,0.05754553968154049,0.03426739986289597
312,13,majority_only,W8A4_channel_p995,8,4,True,99.5,0,0.6154230091369782,0.13397456732000854,0.08195107286837204,0.7190635451505016,0.1402,0.5546875,1.0,0.21460337248440928,0.19066544973850133,0.05987510031035598,0.04259350303378603
312,13,majority_only,W8A4_channel_minmax,8,4,True,100.0,0,0.5984199654370501,0.13255296357126026,0.08439684031563173,0.6889632107023411,0.1954,0.5098814229249012,0.98828125,0.3556254424809261,0.19066544973850133,0.0831414835367822,0.05207081613604929
312,14,representative,W8A8_pooled_p995,8,8,False,99.5,24,0.6192596900748537,0.1464709925627442,0.08103857290057725,0.6867335562987736,0.0237,0.9127604166666666,1.0,0.03266122565140997,0.19066544973850133,0.05715302914727447,0.03163782869704989
312,14,representative,W4A8_pooled_p995,4,8,False,99.5,24,0.616967883105659,0.14446884446010502,0.08121009644934435,0.5551839464882943,0.1686,0.74609375,1.0,0.09926314860759958,0.19066544973850133,0.050510336318441505,0.025260021309815243
312,14,representative,W8A4_pooled_p995,8,4,False,99.5,24,0.6121374346923497,0.14058168970665508,0.08197325571915705,0.5942028985507246,0.1318,0.5830065359477123,0.99609375,0.19756975116031283,0.19066544973850133,0.06901876457830788,0.0384069668439948
312,14,representative,W4A4_pooled_p995,4,4,False,99.5,24,0.6111177039776784,0.14302383332138027,0.08181822139393335,0.48606465997770343,0.2385,0.5712418300653594,0.99609375,0.18158675144437653,0.19066544973850133,0.054204443482980535,0.028767581225538404
312,14,representative,W8A4_channel_p995,8,4,True,99.5,24,0.6084312435252641,0.13761145176185907,0.08215099759661364,0.7023411371237458,0.1342,0.5764705882352941,0.99609375,0.2111416733996381,0.19066544973850133,0.07324915232315085,0.04137533123464676
312,14,representative,W8A4_channel_minmax,8,4,True,100.0,24,0.5926563100285094,0.13009468590778583,0.08633404809312503,0.6767001114827201,0.2107,0.5092592592592592,0.984375,0.4387570623419507,0.19066544973850133,0.10571289558486549,0.060885644149632184
312,14,balanced,W8A8_pooled_p995,8,8,False,99.5,128,0.6192754884609935,0.14611369881599112,0.08103698558450627,0.6911928651059086,0.0233,0.9114583333333333,1.0,0.03304772438734281,0.19066544973850133,0.05610191615068945,0.03162557518911548
312,14,balanced,W4A8_pooled_p995,4,8,False,99.5,128,0.6180581554514659,0.14508545192681505,0.08116626182737288,0.5641025641025641,0.1634,0.7421875,1.0,0.09821152894639969,0.19066544973850133,0.05006468431612115,0.025029235646565874
312,14,balanced,W8A4_pooled_p995,8,4,False,99.5,128,0.6128293182775939,0.1418211111702934,0.08193252906262537,0.6376811594202898,0.1261,0.6015625,1.0,0.19791737759686262,0.19066544973850133,0.06880514301910604,0.03922538265448877
312,14,balanced,W4A4_pooled_p995,4,4,False,99.5,128,0.6129296808934196,0.14125065947426846,0.08185640122201061,0.5027870680044593,0.2251,0.5721784776902886,0.9921875,0.18467437639816217,0.19066544973850133,0.05445891422246334,0.02862059485479254
312,14,balanced,W8A4_channel_p995,8,4,True,99.5,128,0.614313999170401,0.14328523646194435,0.08186925565337992,0.705685618729097,0.1521,0.5664062499999999,1.0,0.2147870418404343,0.19066544973850133,0.069125556523289,0.04491619681717103
312,14,balanced,W8A4_channel_minmax,8,4,True,100.0,128,0.5902677532527224,0.1252231064256507,0.08799307292022174,0.6989966555183946,0.2337,0.4848484848484848,0.98828125,0.4951847752050291,0.19066544973850133,0.10670806685128201,0.07023992912173124
312,14,majority_only,W8A8_pooled_p995,8,8,False,99.5,0,0.618343261210639,0.14599900951580275,0.08104908300363937,0.6878483835005574,0.0315,0.8997395833333334,1.0,0.043038160985403376,0.19066544973850133,0.05753559341162155,0.030958225918684405
312,14,majority_only,W4A8_pooled_p995,4,8,False,99.5,0,0.6181459038520016,0.14661784485082746,0.08113135149746722,0.5574136008918618,0.1699,0.7395833333333333,1.0,0.10234457011752594,0.19066544973850133,0.04932691629549896,0.024539548221584162
312,14,majority_only,W8A4_pooled_p995,8,4,False,99.5,0,0.6097510211084809,0.1392748454725639,0.08178545124441046,0.725752508361204,0.1281,0.5633986928104575,0.99609375,0.21168394220408585,0.19066544973850133,0.06874376485562429,0.03851980226679685
312,14,majority_only,W4A4_pooled_p995,4,4,False,99.5,0,0.6169857022156073,0.13881828884956915,0.08152016089998304,0.6176142697881828,0.1876,0.5833333333333333,1.0,0.19878052990446698,0.19066544973850133,0.05794113465033093,0.03476859567718173
312,14,majority_only,W8A4_channel_p995,8,4,True,99.5,0,0.6110257916614159,0.14283265939471237,0.08173575200096693,0.7134894091415831,0.1334,0.5986928104575163,0.99609375,0.1969694798782527,0.19066544973850133,0.06847864553287727,0.04123186325457775
312,14,majority_only,W8A4_channel_minmax,8,4,True,100.0,0,0.6053338413310521,0.13668019162359352,0.0836618140956165,0.6967670011148273,0.1915,0.4921259842519685,0.9921875,0.350212207402942,0.19066544973850133,0.07850968612584136,0.05065808254434831
312,15,representative,W8A8_pooled_p995,8,8,False,99.5,30,0.6190813152732062,0.14640135377523195,0.08102227438862393,0.6878483835005574,0.0242,0.9231770833333333,1.0,0.03270894373889135,0.19066544973850133,0.05682132012811521,0.03155733922121756
312,15,representative,W4A8_pooled_p995,4,8,False,99.5,30,0.617329408965229,0.1447706556162059,0.08119457138601366,0.5641025641025641,0.1653,0.7486979166666666,1.0,0.0986238805665319,0.19066544973850133,0.04987129118747997,0.025316316594356784
312,15,representative,W8A4_pooled_p995,8,4,False,99.5,30,0.6087394345230988,0.14235020232872644,0.08190679783805051,0.6153846153846154,0.1289,0.5869281045751633,0.99609375,0.199476245750123,0.19066544973850133,0.06545920634190652,0.039734063753844494
312,15,representative,W4A4_pooled_p995,4,4,False,99.5,30,0.6127077686788055,0.141330162517346,0.08191129440243351,0.5072463768115942,0.2262,0.562992125984252,0.9921875,0.1815299883993169,0.19066544973850133,0.0549238441774468,0.029025119012196773
312,15,representative,W8A4_channel_p995,8,4,True,99.5,30,0.6076096049778877,0.1381041021600651,0.08215211157147925,0.6945373467112598,0.1345,0.5690104166666666,1.0,0.2177449476415399,0.19066544973850133,0.06666947508310296,0.04147365532701691
312,15,representative,W8A4_channel_minmax,8,4,True,100.0,30,0.5835782389355267,0.11579592368112021,0.09474822240348447,0.7045707915273133,0.2805,0.463254593175853,0.9921875,0.6396741272372062,0.19066544973850133,0.13878664409981148,0.08355655778571841
312,15,balanced,W8A8_pooled_p995,8,8,False,99.5,128,0.6187864120652642,0.14607460125826055,0.08103890110504555,0.6967670011148273,0.0296,0.8984375,1.0,0.042127481159652286,0.19066544973850133,0.05617461783787545,0.030836042238840344
312,15,balanced,W4A8_pooled_p995,4,8,False,99.5,128,0.6185951781121075,0.14584686889441428,0.081129158737121,0.5607580824972129,0.1666,0.7395833333333333,1.0,0.10130256880300573,0.19066544973850133,0.04962911731580241,0.024408013968047877
312,15,balanced,W8A4_pooled_p995,8,4,False,99.5,128,0.6108098191501178,0.13751076460803802,0.08192852639743632,0.7090301003344481,0.1245,0.5690104166666666,1.0,0.2121590879874741,0.19066544973850133,0.06773079455066669,0.041000138181708015
312,15,balanced,W4A4_pooled_p995,4,4,False,99.5,128,0.612713892084286,0.14005004646754363,0.08148942572788732,0.5942028985507246,0.1852,0.5934640522875816,0.99609375,0.20146390679065,0.19066544973850133,0.05709946429587023,0.0338254871836013
312,15,balanced,W8A4_channel_p995,8,4,True,99.5,128,0.6106571014174337,0.13920419539647982,0.08196264523519634,0.7068004459308808,0.1416,0.58203125,1.0,0.20368169702420863,0.19066544973850133,0.08142982173692748,0.04212788375560027
312,15,balanced,W8A4_channel_minmax,8,4,True,100.0,128,0.6023375365613233,0.13325875268000809,0.08465797830487586,0.6923076923076923,0.2083,0.48567708333333337,1.0,0.40618263488969075,0.19066544973850133,0.09416111857663287,0.05695916464147199
312,15,majority_only,W8A8_pooled_p995,8,8,False,99.5,0,0.6187549377610944,0.1461489340445576,0.08102813198507787,0.6900780379041248,0.0294,0.9010416666666666,1.0,0.043119168932862294,0.19066544973850133,0.057312383736150156,0.030692119254610628
312,15,majority_only,W4A8_pooled_p995,4,8,False,99.5,0,0.6184142314801582,0.14659774744302914,0.08114836522343408,0.5585284280936454,0.1698,0.734375,1.0,0.10121749205842838,0.19066544973850133,0.048247097550668215,0.02438808848663598
312,15,majority_only,W8A4_pooled_p995,8,4,False,99.5,0,0.6098271962726587,0.13536304722059184,0.08217179904879467,0.725752508361204,0.1283,0.5716145833333334,1.0,0.21247967129548095,0.19066544973850133,0.06589998511923861,0.0413467193854606
312,15,majority_only,W4A4_pooled_p995,4,4,False,99.5,0,0.6181525171299207,0.1399689703464409,0.08141676175744131,0.6198439241917503,0.1796,0.5712418300653594,0.99609375,0.21046507712679907,0.19066544973850133,0.05860266803295082,0.03373242918773354
312,15,majority_only,W8A4_channel_p995,8,4,True,99.5,0,0.6086227224146401,0.1391817797156036,0.08186996565854619,0.6700111482720178,0.1258,0.5876152832674572,0.98828125,0.19251500464714838,0.19066544973850133,0.06498213386614342,0.038199293114338506
312,15,majority_only,W8A4_channel_minmax,8,4,True,100.0,0,0.6033387133573885,0.1360108829721553,0.08359287351022664,0.705685618729097,0.1932,0.5170603674540681,0.9921875,0.338027156784774,0.19066544973850133,0.07942197236563237,0.04967260538825366
312,16,representative,W8A8_pooled_p995,8,8,False,99.5,22,0.6196351160648645,0.14637779867139683,0.08102912589129047,0.6845039018952063,0.0221,0.90625,1.0,0.035053184762576614,0.19066544973850133,0.0577457481721743,0.031248358258863993
312,16,representative,W4A8_pooled_p995,4,8,False,99.5,22,0.6181605387911002,0.1451374613132742,0.08119319744931658,0.5585284280936454,0.167,0.7434895833333333,1.0,0.09840715407708293,0.19066544973850133,0.05200292241267095,0.024946455189695904
312,16,representative,W8A4_pooled_p995,8,4,False,99.5,22,0.6070096949429611,0.1365545720984781,0.0822783044812879,0.6399108138238573,0.1282,0.5794270833333334,1.0,0.22901850647672953,0.19066544973850133,0.07706039915061019,0.04225350819431428
312,16,representative,W4A4_pooled_p995,4,4,False,99.5,22,0.6132046217994949,0.14166223889267898,0.08169615557524916,0.5083612040133779,0.2214,0.5931758530183726,0.9921875,0.19147616537407613,0.19066544973850133,0.0602500058613192,0.03218407409879142
312,16,representative,W8A4_channel_p995,8,4,True,99.5,22,0.6122101807494583,0.14082240687893088,0.08217887959994252,0.717948717948718,0.1431,0.5598958333333333,1.0,0.2259001938523112,0.19066544973850133,0.06451754760779321,0.043734508856469415
312,16,representative,W8A4_channel_minmax,8,4,True,100.0,22,0.5765835953232368,0.11370575730080298,0.10518889215380227,0.7491638795986622,0.3148,0.430327868852459,0.953125,0.7522432614356787,0.19066544973850133,0.19540407290210618,0.11192326938738122
312,16,balanced,W8A8_pooled_p995,8,8,False,99.5,128,0.6193067178289441,0.14608795483177606,0.08104290205792666,0.693422519509476,0.0247,0.9088541666666666,1.0,0.038563611412628485,0.19066544973850133,0.05631078709070761,0.031038483118065518
312,16,balanced,W4A8_pooled_p995,4,8,False,99.5,128,0.6191570005649454,0.145207914012687,0.08113581354475058,0.5652173913043478,0.1616,0.7421875,1.0,0.09907631793614262,0.19066544973850133,0.0493340806723179,0.024416129482020446
312,16,balanced,W8A4_pooled_p995,8,4,False,99.5,128,0.6147477812146411,0.1416871832095123,0.08190006887999977,0.6945373467112598,0.1303,0.5833333333333333,1.0,0.22654879044247325,0.19066544973850133,0.07346380421837655,0.041420200857909685
312,16,balanced,W4A4_pooled_p995,4,4,False,99.5,128,0.6158497492649158,0.1413291625819636,0.08153921527882112,0.5585284280936454,0.1996,0.546875,1.0,0.2045309509406899,0.19066544973850133,0.055375816133540263,0.03348855319800205
312,16,balanced,W8A4_channel_p995,8,4,True,99.5,128,0.6180350702128043,0.14176490908729492,0.08206391885720928,0.7146042363433668,0.1432,0.5764705882352941,0.99609375,0.24070106250312787,0.19066544973850133,0.07379655090579976,0.047597827057745457
312,16,balanced,W8A4_channel_minmax,8,4,True,100.0,128,0.5861250245089304,0.11663029098984895,0.09233697025813038,0.7157190635451505,0.2532,0.47694334650856385,0.98828125,0.550372397142858,0.19066544973850133,0.1203128460523182,0.0842104437646798
312,16,majority_only,W8A8_pooled_p995,8,8,False,99.5,0,0.6190028744490006,0.14592543242934347,0.08104295965763676,0.6967670011148273,0.0264,0.9036458333333333,1.0,0.04105520305890151,0.19066544973850133,0.056696039721007924,0.030893445425924673
312,16,majority_only,W4A8_pooled_p995,4,8,False,99.5,0,0.6183814100267826,0.1460549289468378,0.08113128924385042,0.5629877369007804,0.1666,0.7421875,1.0,0.10054143081989667,0.19066544973850133,0.04953805523493625,0.02457102187761801
312,16,majority_only,W8A4_pooled_p995,8,4,False,99.5,0,0.608732453840851,0.13760896801817357,0.08207662649909064,0.7034559643255296,0.1259,0.5794270833333333,1.0,0.22235109709193104,0.19066544973850133,0.06910013979151708,0.043961108520218936
312,16,majority_only,W4A4_pooled_p995,4,4,False,99.5,0,0.6171257444989469,0.14069192912975226,0.08148217664400284,0.5852842809364549,0.1881,0.5895424836601306,0.99609375,0.19631059886827415,0.19066544973850133,0.057032313353851345,0.03183555428025055
312,16,majority_only,W8A4_channel_p995,8,4,True,99.5,0,0.6034712238519869,0.13990857644727822,0.0817400693993686,0.6755852842809364,0.1241,0.5755208333333333,1.0,0.20861555142306687,0.19066544973850133,0.06401464201445706,0.036317046684555425
312,16,majority_only,W8A4_channel_minmax,8,4,True,100.0,0,0.5982255473130436,0.13088233832215912,0.0847257368684893,0.6911928651059086,0.2063,0.5071895424836601,0.99609375,0.39289978060661535,0.19066544973850133,0.08382369584998989,0.05106853721158449
312,17,representative,W8A8_pooled_p995,8,8,False,99.5,25,0.6183616926611353,0.14610483575414063,0.08103854199479082,0.6889632107023411,0.0311,0.9049479166666667,1.0,0.04325040617902948,0.19066544973850133,0.057240684716310115,0.03072017257043358
312,17,representative,W4A8_pooled_p995,4,8,False,99.5,25,0.6181371473821645,0.14651191323385082,0.08113311654757169,0.5585284280936454,0.1696,0.7434895833333333,1.0,0.10219601468327191,0.19066544973850133,0.04810438196247169,0.02445302629319894
312,17,representative,W8A4_pooled_p995,8,4,False,99.5,25,0.6124145800243981,0.13954101924039816,0.08175221086410923,0.7268673355629878,0.1276,0.5738562091503268,0.99609375,0.20804526015613234,0.19066544973850133,0.06863714264992905,0.03829440125278111
312,17,representative,W4A4_pooled_p995,4,4,False,99.5,25,0.6143946444205794,0.13699211238137543,0.08165281819973029,0.6276477146042363,0.1883,0.5911458333333333,1.0,0.19249155685257247,0.19066544973850133,0.05863271741792443,0.034138167126041175
312,17,representative,W8A4_channel_p995,8,4,True,99.5,25,0.6095573990271868,0.13890534993553838,0.08191818471669722,0.6677814938684504,0.1308,0.6054687499999999,1.0,0.1829120662975339,0.19066544973850133,0.060342238357796674,0.03618702643817146
312,17,representative,W8A4_channel_minmax,8,4,True,100.0,25,0.6072638775044575,0.1353766237030237,0.0840419495170496,0.7090301003344481,0.1906,0.5301837270341208,0.9921875,0.3540425317906746,0.19066544973850133,0.08178946035194919,0.0574014974860036
312,17,balanced,W8A8_pooled_p995,8,8,False,99.5,128,0.6187188096687593,0.14595926951495963,0.08104212213508563,0.6878483835005574,0.0297,0.8971354166666666,1.0,0.04291480757449785,0.19066544973850133,0.057696284393703584,0.03083222420970371
312,17,balanced,W4A8_pooled_p995,4,8,False,99.5,128,0.6190224693465384,0.146405632990797,0.08114402499480956,0.5551839464882943,0.1705,0.7473958333333333,1.0,0.10126921768243538,0.19066544973850133,0.04931718085350574,0.024350262068858115
312,17,balanced,W8A4_pooled_p995,8,4,False,99.5,128,0.6161513882188863,0.140095058749853,0.08181353099778316,0.7324414715719063,0.1284,0.5677083333333333,1.0,0.2249710324721448,0.19066544973850133,0.0746148717115663,0.04482150094299851
312,17,balanced,W4A4_pooled_p995,4,4,False,99.5,128,0.626163401115758,0.14491598606025127,0.08111604576954436,0.6376811594202898,0.1779,0.5660130718954247,0.99609375,0.2174191298880522,0.19066544973850133,0.05582946825316472,0.03259257118884089
312,17,balanced,W8A4_channel_p995,8,4,True,99.5,128,0.6086036173895408,0.13791514995262333,0.08234519651279597,0.693422519509476,0.1371,0.5947712418300654,0.99609375,0.2085082206810024,0.19066544973850133,0.06008283247589162,0.03961861885378469
312,17,balanced,W8A4_channel_minmax,8,4,True,100.0,128,0.6053066534107185,0.1330542548912872,0.08428076847781359,0.7034559643255296,0.1912,0.515625,1.0,0.36992722350097285,0.19066544973850133,0.08274048316358687,0.05339161354366116
312,17,majority_only,W8A8_pooled_p995,8,8,False,99.5,0,0.6193828929931218,0.14619516786339953,0.08103507967231192,0.6945373467112598,0.0237,0.9127604166666665,1.0,0.0331284541890513,0.19066544973850133,0.057533498403750424,0.03144350965861734
312,17,majority_only,W4A8_pooled_p995,4,8,False,99.5,0,0.617257091546504,0.1447154259067588,0.0811958983862581,0.5663322185061316,0.1652,0.7565104166666666,1.0,0.099296455320399,0.19066544973850133,0.050805013073473584,0.025227032228161465
312,17,majority_only,W8A4_pooled_p995,8,4,False,99.5,0,0.6097973140539137,0.14007338482899406,0.08207353662127165,0.6109253065774805,0.1293,0.61328125,1.0,0.19384532236069807,0.19066544973850133,0.0679818062690124,0.03879399183170057
312,17,majority_only,W4A4_pooled_p995,4,4,False,99.5,0,0.6161786373732746,0.14367971708349664,0.0816823706552087,0.5105908584169454,0.2232,0.5761154855643044,0.9921875,0.18180915340140325,0.19066544973850133,0.05022464701609401,0.029783199691989694
312,17,majority_only,W8A4_channel_p995,8,4,True,99.5,0,0.6092799475248645,0.138340544098611,0.08204338950912156,0.7168338907469343,0.136,0.5568627450980392,0.99609375,0.21516149617938396,0.19066544973850133,0.0667192502627576,0.04097509042489936
312,17,majority_only,W8A4_channel_minmax,8,4,True,100.0,0,0.6076853515036819,0.14356079011414374,0.08266854545590528,0.6811594202898551,0.1851,0.5232403718459495,0.98046875,0.32402796692649205,0.19066544973850133,0.08120972408774021,0.05272668178943802
312,18,representative,W8A8_pooled_p995,8,8,False,99.5,26,0.619072558803369,0.14587335481246413,0.08101635180533395,0.7001114827201784,0.0292,0.8919270833333333,1.0,0.04259232070051949,0.19066544973850133,0.05711359424910171,0.03080567944184817
312,18,representative,W4A8_pooled_p995,4,8,False,99.5,26,0.6193397842185389,0.14636611569001076,0.08108404729383159,0.5652173913043478,0.1644,0.7408854166666665,1.0,0.10208369583850085,0.19066544973850133,0.049049535747007836,0.024376906310207506
312,18,representative,W8A4_pooled_p995,8,4,False,99.5,26,0.6132350551247332,0.14067342123307464,0.081894162068365,0.7402452619843924,0.1298,0.5963541666666667,1.0,0.21772773506852322,0.19066544973850133,0.06883474427508243,0.043726660861071895
312,18,representative,W4A4_pooled_p995,4,4,False,99.5,26,0.6202391287814631,0.14260087773153807,0.0812313095714989,0.6265328874024526,0.182,0.592156862745098,0.99609375,0.21023894775260643,0.19066544973850133,0.054879472114571594,0.03264550455399572
312,18,representative,W8A4_channel_p995,8,4,True,99.5,26,0.6110149532337154,0.1392222400267123,0.08205307624065665,0.7246376811594203,0.1442,0.5716145833333333,1.0,0.21627213734626366,0.19066544973850133,0.07082822428333077,0.044225472019231084
312,18,representative,W8A4_channel_minmax,8,4,True,100.0,26,0.5691291451934145,0.1113378967888026,0.10084233945733916,0.7235228539576366,0.3091,0.45599999999999996,0.9765625,0.7257912878718784,0.19066544973850133,0.17583298923158752,0.09920921277865918
312,18,balanced,W8A8_pooled_p995,8,8,False,99.5,128,0.6193223937469743,0.14619719577299495,0.08104150710159527,0.6867335562987736,0.0262,0.8919270833333333,1.0,0.041550641339068786,0.19066544973850133,0.056463081029933006,0.030790176572903297
312,18,balanced,W4A8_pooled_p995,4,8,False,99.5,128,0.6191293227721735,0.1458714023397093,0.08113532884345555,0.5574136008918618,0.1654,0.7382812499999999,1.0,0.09995234557717754,0.19066544973850133,0.04825129238899084,0.024286480688737032
312,18,balanced,W8A4_pooled_p995,8,4,False,99.5,128,0.6168021837533562,0.13859214285153143,0.08202548234162761,0.717948717948718,0.1345,0.5768229166666667,1.0,0.23890899051953435,0.19066544973850133,0.07230644485170158,0.045984648418009
312,18,balanced,W4A4_pooled_p995,4,4,False,99.5,128,0.6162886137357048,0.14224913252422747,0.08139378385091281,0.6086956521739131,0.1798,0.5703125,1.0,0.2214988860183437,0.19066544973850133,0.060438275601133906,0.03504201093648273
312,18,balanced,W8A4_channel_p995,8,4,True,99.5,128,0.6135068730940134,0.13910870722087604,0.08221138221172912,0.7079152731326644,0.1442,0.5690104166666666,1.0,0.21574117695900788,0.19066544973850133,0.06638566515921542,0.04211510040090044
312,18,balanced,W8A4_channel_minmax,8,4,True,100.0,128,0.5821423615843992,0.11773001887677051,0.09228148518979078,0.6878483835005574,0.2636,0.4833997343957503,0.98046875,0.5622089285531894,0.19066544973850133,0.14686339343504035,0.07995101568784493
312,18,majority_only,W8A8_pooled_p995,8,8,False,99.5,0,0.618308970139948,0.14614425871061731,0.08102073658258771,0.6978818283166109,0.0317,0.9010416666666667,1.0,0.04374195302627816,0.19066544973850133,0.05597988513041578,0.03100512304542353
312,18,majority_only,W4A8_pooled_p995,4,8,False,99.5,0,0.61792325682873,0.14637027932198982,0.08110935943618085,0.5674470457079153,0.1662,0.7395833333333333,1.0,0.10249672387998585,0.19066544973850133,0.05031236485093962,0.024533362512149607
312,18,majority_only,W8A4_pooled_p995,8,4,False,99.5,0,0.6124644857790643,0.14052535806716676,0.08171911399801823,0.7279821627647715,0.1249,0.5572916666666666,1.0,0.1984663323618206,0.19066544973850133,0.07092185718637885,0.03800819509303245
312,18,majority_only,W4A4_pooled_p995,4,4,False,99.5,0,0.6163519297483733,0.1389935871593802,0.08152524823556555,0.6276477146042363,0.1868,0.596078431372549,0.99609375,0.1941264068362134,0.19066544973850133,0.05698847135526583,0.033816296470459375
312,18,majority_only,W8A4_channel_p995,8,4,True,99.5,0,0.6205062929625783,0.13827471223998267,0.08169517444839644,0.7290969899665551,0.1415,0.5846354166666667,1.0,0.20292192441160964,0.19066544973850133,0.06603061403355116,0.04161384809114034
312,18,majority_only,W8A4_channel_minmax,8,4,True,100.0,0,0.5993453344732664,0.1314028819462449,0.08489850541263871,0.7079152731326644,0.2011,0.4901960784313725,0.99609375,0.3950008112245085,0.19066544973850133,0.08891202145858146,0.05953753845877432
312,19,representative,W8A8_pooled_p995,8,8,False,99.5,28,0.6190388188391713,0.1459325154371246,0.08102385313991213,0.693422519509476,0.0279,0.90234375,1.0,0.04273084115429453,0.19066544973850133,0.056221847935300585,0.030818555580633688
312,19,representative,W4A8_pooled_p995,4,8,False,99.5,28,0.6186929076635768,0.14618178536639784,0.08111712377299679,0.5641025641025641,0.1653,0.7395833333333333,1.0,0.10120495297259804,0.19066544973850133,0.04837102383765033,0.024576675544541498
312,19,representative,W8A4_pooled_p995,8,4,False,99.5,28,0.6189339861373448,0.1406728876907456,0.081786677783093,0.7357859531772575,0.1304,0.5755208333333334,1.0,0.233704569117128,0.19066544973850133,0.07589242869407234,0.043759768038026434
312,19,representative,W4A4_pooled_p995,4,4,False,99.5,28,0.6251352813355784,0.14425419288532929,0.08114477908778493,0.6354515050167224,0.1835,0.5542483660130718,0.99609375,0.2163116085345937,0.19066544973850133,0.05568428192439749,0.0322458905577601
312,19,representative,W8A4_channel_p995,8,4,True,99.5,28,0.610301454027125,0.14115243160885604,0.08166387773487645,0.653288740245262,0.1344,0.5673202614379086,0.99609375,0.20091532608517648,0.19066544973850133,0.07050328636497788,0.04236362605675345
312,19,representative,W8A4_channel_minmax,8,4,True,100.0,28,0.6006360258804508,0.13168477252259891,0.08430685003107115,0.6845039018952063,0.198,0.5254901960784314,0.99609375,0.35446281221299264,0.19066544973850133,0.08745704379485643,0.05378248352236176
312,19,balanced,W8A8_pooled_p995,8,8,False,99.5,128,0.6197261098703051,0.14610327380025728,0.08101957788502205,0.6978818283166109,0.026,0.9036458333333333,1.0,0.03886682850222488,0.19066544973850133,0.05698819904459648,0.03100214129383743
312,19,balanced,W4A8_pooled_p995,4,8,False,99.5,128,0.6188621585910583,0.14540258191945699,0.08114016394252467,0.568561872909699,0.1628,0.7421874999999999,1.0,0.09958356866673787,0.19066544973850133,0.04986545110932991,0.02457780680432235
312,19,balanced,W8A4_pooled_p995,8,4,False,99.5,128,0.6086779555320743,0.13922305368675691,0.08201291180786821,0.7001114827201784,0.1215,0.5546875,1.0,0.23982005605592543,0.19066544973850133,0.0714202459901888,0.04365331552773045
312,19,balanced,W4A4_pooled_p995,4,4,False,99.5,128,0.614525562829753,0.14442880948779674,0.0813607737091223,0.5663322185061316,0.1964,0.5869281045751632,0.99609375,0.18941264501853755,0.19066544973850133,0.05807375757226485,0.02983595745160826
312,19,balanced,W8A4_channel_p995,8,4,True,99.5,128,0.612110308006071,0.14342799261631042,0.08187140864795785,0.7146042363433668,0.1458,0.5869281045751633,0.99609375,0.22488526183250807,0.19066544973850133,0.07070943963719917,0.045348268656819735
312,19,balanced,W8A4_channel_minmax,8,4,True,100.0,128,0.579892255006527,0.1184931525540544,0.08901771875036786,0.68561872909699,0.2366,0.473753280839895,0.9921875,0.508003390531532,0.19066544973850133,0.10738374679639165,0.0700670892438107
312,19,majority_only,W8A8_pooled_p995,8,8,False,99.5,0,0.6184782210674296,0.1459507593421942,0.08102728180360937,0.6967670011148273,0.0308,0.8971354166666666,1.0,0.04345306043424591,0.19066544973850133,0.05820487495269451,0.03097369085227049
312,19,majority_only,W4A8_pooled_p995,4,8,False,99.5,0,0.6185620504884579,0.1466611900060084,0.08110067622466227,0.5652173913043478,0.1651,0.73828125,1.0,0.10221840550469641,0.19066544973850133,0.04784082130475205,0.02459834850179922
312,19,majority_only,W8A4_pooled_p995,8,4,False,99.5,0,0.6095162497423577,0.1372795769832572,0.08194593265305747,0.7302118171683389,0.1281,0.5703125,1.0,0.21615463341663696,0.19066544973850133,0.0684860628267074,0.038833601548882955
312,19,majority_only,W4A4_pooled_p995,4,4,False,99.5,0,0.6160122032123141,0.13953118802291284,0.08145027184860704,0.6309921962095875,0.1815,0.5607843137254902,0.99609375,0.20377577544263065,0.19066544973850133,0.056022248576531264,0.034504223746554395
312,19,majority_only,W8A4_channel_p995,8,4,True,99.5,0,0.6114186081229913,0.14401781908764813,0.08146886491151113,0.6945373467112598,0.1369,0.5989583333333333,1.0,0.20363177448437642,0.19066544973850133,0.07109314067587842,0.03697860123762778
312,19,majority_only,W8A4_channel_minmax,8,4,True,100.0,0,0.597349900329329,0.1302499159463255,0.08483462327502186,0.68561872909699,0.2047,0.530718954248366,0.99609375,0.3889774537377326,0.19066544973850133,0.08665595196326603,0.057633831333575004
312,20,representative,W8A8_pooled_p995,8,8,False,99.5,12,0.6184859977923899,0.14570690087482105,0.08104347696407022,0.6956521739130435,0.0297,0.9010416666666666,1.0,0.042926847611276936,0.19066544973850133,0.05668018184007276,0.030844050746172955
312,20,representative,W4A8_pooled_p995,4,8,False,99.5,12,0.6185207787355191,0.14581774625328822,0.08111318020518189,0.5674470457079153,0.165,0.7421874999999999,1.0,0.10181785318945481,0.19066544973850133,0.04933718998480882,0.024552658527950362
312,20,representative,W8A4_pooled_p995,8,4,False,99.5,12,0.6099151283753589,0.13798136507049957,0.08199839879403122,0.7279821627647715,0.1301,0.5638020833333333,1.0,0.21940080784235377,0.19066544973850133,0.06640032045538743,0.04125208929464837
312,20,representative,W4A4_pooled_p995,4,4,False,99.5,12,0.6179605483681063,0.14131443444755332,0.08137045485326985,0.6176142697881828,0.1787,0.5538057742782152,0.9921875,0.21320063621618018,0.19066544973850133,0.054372341590715724,0.03383279126445114
312,20,representative,W8A4_channel_p995,8,4,True,99.5,12,0.6142434575392655,0.13830996972847653,0.08201418238078113,0.738015607580825,0.1483,0.5846354166666667,1.0,0.20426894740520957,0.19066544973850133,0.06763056350424254,0.041996922113431645
312,20,representative,W8A4_channel_minmax,8,4,True,100.0,12,0.6151642952554263,0.13733437506842366,0.0830771444530153,0.7190635451505016,0.1748,0.5191040843214757,0.98828125,0.3103090662865142,0.19066544973850133,0.0704829921805308,0.0443315395381333
312,20,balanced,W8A8_pooled_p995,8,8,False,99.5,128,0.6197986722252492,0.1462397885138668,0.08102571095939516,0.6923076923076923,0.0248,0.8997395833333333,1.0,0.03860548927516829,0.19066544973850133,0.05788001504938453,0.030903759781301637
312,20,balanced,W4A8_pooled_p995,4,8,False,99.5,128,0.6190579238642706,0.14512736796506645,0.08113684028250441,0.5629877369007804,0.1645,0.7486979166666665,1.0,0.09960417542566527,0.19066544973850133,0.04947449234824465,0.024485949860219756
312,20,balanced,W8A4_pooled_p995,8,4,False,99.5,128,0.6092270413015127,0.13808817278526037,0.08199631072082282,0.6833890746934225,0.1235,0.5598958333333333,1.0,0.2368163859735016,0.19066544973850133,0.0727362752838008,0.04431378646893151
312,20,balanced,W4A4_pooled_p995,4,4,False,99.5,128,0.6151029999665661,0.14567313840041396,0.08128746212719172,0.5574136008918618,0.2042,0.5790849673202614,0.99609375,0.18774337079109493,0.19066544973850133,0.060928352550506645,0.03043295348325199
312,20,balanced,W8A4_channel_p995,8,4,True,99.5,128,0.6109916230588346,0.13832510489382638,0.08224395574421438,0.7157190635451505,0.1528,0.5611979166666666,1.0,0.2220784549489595,0.19066544973850133,0.07242494783263552,0.046055057410034184
312,20,balanced,W8A4_channel_minmax,8,4,True,100.0,128,0.5563493530193472,0.11078932893401786,0.11024560268853996,0.7681159420289855,0.3517,0.4439461883408072,0.87109375,0.8049630579014015,0.19066544973850133,0.20230684406391183,0.12096312413292545
312,20,majority_only,W8A8_pooled_p995,8,8,False,99.5,0,0.6188453192259868,0.14585744870537193,0.08103676530204788,0.6967670011148273,0.0303,0.9049479166666667,1.0,0.04242323246100981,0.19066544973850133,0.0569240171289796,0.03083206094526271
312,20,majority_only,W4A8_pooled_p995,4,8,False,99.5,0,0.618567377851226,0.14661118599852965,0.0811115674116433,0.5652173913043478,0.1654,0.7356770833333333,1.0,0.1016958688412172,0.19066544973850133,0.0492028388500876,0.02439697339705792
312,20,majority_only,W8A4_pooled_p995,8,4,False,99.5,0,0.6091089820438482,0.13605717050710045,0.08214248589296437,0.7290969899665551,0.1309,0.5755208333333333,1.0,0.21752285780133893,0.19066544973850133,0.06737863039539393,0.04149663594508243
312,20,majority_only,W4A4_pooled_p995,4,4,False,99.5,0,0.6193588280095834,0.14040023774744675,0.08137783192612776,0.620958751393534,0.1784,0.5577427821522309,0.9921875,0.2087554074802663,0.19066544973850133,0.05594785678419474,0.03413894098424622
312,20,majority_only,W8A4_channel_p995,8,4,True,99.5,0,0.6150503386794337,0.13734848568634805,0.08230235482348955,0.705685618729097,0.1383,0.5973856209150326,0.99609375,0.20504675604942846,0.19066544973850133,0.06939173811805388,0.0391557293612375
312,20,majority_only,W8A4_channel_minmax,8,4,True,100.0,0,0.6069068217308884,0.13758762362298185,0.08271312117352454,0.7079152731326644,0.1591,0.538866930171278,0.98828125,0.300717629371949,0.19066544973850133,0.07621190124764549,0.045798913211439765
312,21,representative,W8A8_pooled_p995,8,8,False,99.5,23,0.6187623470817258,0.14613280916368487,0.08100784297216539,0.7012263099219621,0.0318,0.890625,1.0,0.04291464867758165,0.19066544973850133,0.05705509929368867,0.030722140922810136
312,21,representative,W4A8_pooled_p995,4,8,False,99.5,23,0.6179902468846868,0.1465928441491328,0.08110281944816913,0.5652173913043478,0.166,0.7369791666666665,1.0,0.10256965311634769,0.19066544973850133,0.048039833567899794,0.02452320843581599
312,21,representative,W8A4_pooled_p995,8,4,False,99.5,23,0.6108231681740653,0.13857184017313368,0.0818444722521692,0.7313266443701226,0.128,0.5559895833333333,1.0,0.2092218787327554,0.19066544973850133,0.06705256108780855,0.03794283666534802
312,21,representative,W4A4_pooled_p995,4,4,False,99.5,23,0.6168073886480145,0.13885816335957055,0.08152848811915675,0.6321070234113713,0.185,0.5647058823529411,0.99609375,0.19810405662805258,0.19066544973850133,0.057280843991668655,0.03555329601618949
312,21,representative,W8A4_channel_p995,8,4,True,99.5,23,0.607529694536367,0.1428262228242544,0.08163166803228734,0.6967670011148273,0.1519,0.5872395833333333,1.0,0.20342146951812146,0.19066544973850133,0.07196024750145491,0.03983109796788935
312,21,representative,W8A4_channel_minmax,8,4,True,100.0,23,0.6102585901887614,0.1337765557194901,0.08342432182253351,0.7123745819397993,0.1864,0.517786561264822,0.98828125,0.3092841267062304,0.19066544973850133,0.07712877736837506,0.046055619970723216
312,21,balanced,W8A8_pooled_p995,8,8,False,99.5,128,0.6197828738391095,0.14615154192994634,0.08104261484379024,0.6867335562987736,0.0222,0.9114583333333333,1.0,0.032485346118335284,0.19066544973850133,0.056561773141493424,0.03149608672898942
312,21,balanced,W4A8_pooled_p995,4,8,False,99.5,128,0.6185834211735849,0.1447850340176164,0.08119006884927062,0.5618729096989966,0.1655,0.75,1.0,0.09921529394252207,0.19066544973850133,0.05033738209078422,0.024991177577059376
312,21,balanced,W8A4_pooled_p995,8,4,False,99.5,128,0.6096412896822699,0.14035525093329848,0.08209865915011198,0.6265328874024526,0.1334,0.5872395833333333,1.0,0.2092274657179177,0.19066544973850133,0.0740963317907632,0.04283906622269268
312,21,balanced,W4A4_pooled_p995,4,4,False,99.5,128,0.6100353920589963,0.1416602689560063,0.08187288958779824,0.4938684503901895,0.2303,0.5454545454545454,0.98828125,0.18857365800118103,0.19066544973850133,0.05542932895605994,0.030338273448990837
312,21,balanced,W8A4_channel_p995,8,4,True,99.5,128,0.6113600071325427,0.13918852724711922,0.08214602119037,0.717948717948718,0.1373,0.5807291666666666,1.0,0.21019649780975655,0.19066544973850133,0.06622813513075607,0.03985676226646878
312,21,balanced,W8A4_channel_minmax,8,4,True,100.0,128,0.5815267756314425,0.12014183071798012,0.08988407170589795,0.6755852842809364,0.2436,0.5033200531208499,0.98046875,0.4579136842204824,0.19066544973850133,0.10702694244265512,0.06979810249363197
312,21,majority_only,W8A8_pooled_p995,8,8,False,99.5,0,0.6192762232696511,0.14622784371494635,0.08103861992876232,0.6945373467112598,0.0241,0.91015625,1.0,0.03348205016942639,0.19066544973850133,0.057501498054690056,0.03150640930277221
312,21,majority_only,W4A8_pooled_p995,4,8,False,99.5,0,0.6173289803268454,0.14482007632469193,0.08118720623178176,0.5641025641025641,0.1652,0.7513020833333333,1.0,0.09963060081905684,0.19066544973850133,0.05112101630905844,0.025211088431809657
312,21,majority_only,W8A4_pooled_p995,8,4,False,99.5,0,0.6103918354920175,0.14059206564581136,0.08200807973311453,0.6176142697881828,0.1265,0.6130718954248365,0.99609375,0.1927151339335622,0.19066544973850133,0.06633855825284231,0.03776545994326582
312,21,majority_only,W4A4_pooled_p995,4,4,False,99.5,0,0.6170826969584188,0.1436826416368724,0.08177945073143249,0.5072463768115942,0.2288,0.5633986928104575,0.99609375,0.1871388101552116,0.19066544973850133,0.05301379555047813,0.029854166103539675
312,21,majority_only,W8A4_channel_p995,8,4,True,99.5,0,0.6094561791345938,0.1386454990674844,0.08217846827705363,0.7079152731326644,0.1357,0.5833333333333334,1.0,0.20154173357369487,0.19066544973850133,0.06434726356631781,0.04099730383420266
312,21,majority_only,W8A4_channel_minmax,8,4,True,100.0,0,0.606940255524812,0.13476300611193529,0.08446028721855636,0.7034559643255296,0.1987,0.5085638998682478,0.98828125,0.39064636136465625,0.19066544973850133,0.09472341441519701,0.05805657636858749
312,22,representative,W8A8_pooled_p995,8,8,False,99.5,24,0.619123811707241,0.14608383812160627,0.08100954318213535,0.6978818283166109,0.0286,0.9010416666666667,1.0,0.04318703653463974,0.19066544973850133,0.055765012357709406,0.03095434161361118
312,22,representative,W4A8_pooled_p995,4,8,False,99.5,24,0.6191833312085117,0.14627855621977504,0.08110410249177541,0.5629877369007804,0.1656,0.7382812499999999,1.0,0.10121974137785388,0.19066544973850133,0.048003505613649675,0.02440654907392837
312,22,representative,W8A4_pooled_p995,8,4,False,99.5,24,0.618421824502954,0.14038747756797937,0.08179649375579791,0.7313266443701226,0.1305,0.5572916666666666,1.0,0.22421523079594674,0.19066544973850133,0.0739285899608879,0.04356694050425743
312,22,representative,W4A4_pooled_p995,4,4,False,99.5,24,0.6232552733849487,0.14346029027840487,0.0812401220802774,0.6421404682274248,0.1785,0.5729166666666667,1.0,0.21665708156394325,0.19066544973850133,0.05609601163446342,0.032274099762115725
312,22,representative,W8A4_channel_p995,8,4,True,99.5,24,0.6078702171151389,0.14054238762803678,0.08171483378204798,0.6989966555183946,0.1375,0.5869281045751634,0.99609375,0.19955374092227382,0.19066544973850133,0.06062776569151368,0.03889061663791544
312,22,representative,W8A4_channel_minmax,8,4,True,100.0,24,0.5872241145586292,0.11782948203170136,0.09214407107564528,0.7190635451505016,0.2518,0.4690382081686429,0.98828125,0.5464261375738152,0.19066544973850133,0.12645461682917603,0.08255643428796894
312,22,balanced,W8A8_pooled_p995,8,8,False,99.5,128,0.6191410184766413,0.1458803128085862,0.08105657531569035,0.68561872909699,0.0268,0.8919270833333333,1.0,0.03867076521989907,0.19066544973850133,0.058382619850824775,0.030832864226789727
312,22,balanced,W4A8_pooled_p995,4,8,False,99.5,128,0.6189479475018403,0.14528520685643737,0.08116542869280734,0.5540691192865106,0.1676,0.7421875,1.0,0.09885064461471452,0.19066544973850133,0.04964749736533289,0.024665183103599365
312,22,balanced,W8A4_pooled_p995,8,4,False,99.5,128,0.6080826992853129,0.1381886107972292,0.0819065837008264,0.6755852842809364,0.1205,0.5638020833333333,1.0,0.22889479347022573,0.19066544973850133,0.0776410187985465,0.042306607880655794
312,22,balanced,W4A4_pooled_p995,4,4,False,99.5,128,0.6118466954001346,0.14279098085297492,0.0814622636871483,0.5596432552954292,0.2008,0.5816993464052287,0.99609375,0.18529160230386638,0.19066544973850133,0.056882533334281705,0.02980228937862283
312,22,balanced,W8A4_channel_p995,8,4,True,99.5,128,0.6121390880118295,0.13973852096738532,0.08210183957874054,0.7079152731326644,0.1385,0.6041666666666666,1.0,0.1991877732865699,0.19066544973850133,0.07201458928917095,0.04198262801083058
312,22,balanced,W8A4_channel_minmax,8,4,True,100.0,128,0.5948389366779863,0.13123043506682358,0.0855405720634371,0.6811594202898551,0.2168,0.5145502645502645,0.984375,0.42316735817265305,0.19066544973850133,0.10809558230314527,0.06249227551997783
312,22,majority_only,W8A8_pooled_p995,8,8,False,99.5,0,0.6188220502851609,0.14620223157570042,0.08103519226767919,0.6956521739130435,0.0283,0.91796875,1.0,0.03836709028527261,0.19066544973850133,0.057198074843380874,0.03114912344758019
312,22,majority_only,W4A8_pooled_p995,4,8,False,99.5,0,0.6178909864818476,0.14527290824565003,0.08114472589194195,0.5674470457079153,0.1646,0.7434895833333333,1.0,0.10031602123405303,0.19066544973850133,0.04994238146886241,0.02493317310575844
312,22,majority_only,W8A4_pooled_p995,8,4,False,99.5,0,0.6044569696662413,0.13794767574027272,0.0820271577442691,0.6845039018952063,0.1212,0.5859375,1.0,0.21350986588387755,0.19066544973850133,0.06975318987327991,0.04188436788657963
312,22,majority_only,W4A4_pooled_p995,4,4,False,99.5,0,0.61252559736576,0.14321712448938334,0.0813802368740861,0.5652173913043478,0.1978,0.5721784776902886,0.9921875,0.18761120786414806,0.19066544973850133,0.05763274893282161,0.032289399609540824
312,22,majority_only,W8A4_channel_p995,8,4,True,99.5,0,0.6122439819477108,0.14233774142306665,0.08164656401711505,0.6978818283166109,0.1445,0.5816993464052287,0.99609375,0.21483553073846687,0.19066544973850133,0.07089802406428852,0.04238215452718298
312,22,majority_only,W8A4_channel_minmax,8,4,True,100.0,0,0.6091583979260761,0.13632212634382798,0.08308972390329748,0.7112597547380156,0.1903,0.5111989459815546,0.98828125,0.3290434855863584,0.19066544973850133,0.07966534227998641,0.050517478162511835
312,23,representative,W8A8_pooled_p995,8,8,False,99.5,26,0.6187028888145099,0.14587963896842882,0.08102923393451757,0.6967670011148273,0.0295,0.8971354166666667,1.0,0.04330723859143423,0.19066544973850133,0.05682887560959114,0.030959460257487005
312,23,representative,W4A8_pooled_p995,4,8,False,99.5,26,0.6184166196082956,0.14651047065724976,0.08111835101886612,0.5652173913043478,0.1663,0.73828125,1.0,0.10175245969150074,0.19066544973850133,0.04978743780861427,0.02440190862088877
312,23,representative,W8A4_pooled_p995,8,4,False,99.5,26,0.6087960760237936,0.13705609767309648,0.08205508924377504,0.725752508361204,0.1295,0.5716145833333333,1.0,0.21823737782627878,0.19066544973850133,0.06737258150555356,0.0413975709196379
312,23,representative,W4A4_pooled_p995,4,4,False,99.5,26,0.6192347065804932,0.13995053530384594,0.08143453012042516,0.6254180602006689,0.1789,0.5568627450980391,0.99609375,0.21336692876686622,0.19066544973850133,0.05875698450702973,0.03468570480057884
312,23,representative,W8A4_channel_p995,8,4,True,99.5,26,0.6161439788982549,0.13939898810495666,0.08197155085781313,0.7212931995540691,0.1382,0.5581699346405229,0.99609375,0.21474273685667022,0.19066544973850133,0.07028997671064476,0.04208853557282471
312,23,representative,W8A4_channel_minmax,8,4,True,100.0,26,0.6011780697335866,0.13470508059680364,0.08432549539647191,0.6811594202898551,0.1998,0.484251968503937,0.9921875,0.39305412949254853,0.19066544973850133,0.09064495310398818,0.05771848572877675
312,23,balanced,W8A8_pooled_p995,8,8,False,99.5,128,0.6195591858369061,0.14608302047838267,0.08103612187546272,0.693422519509476,0.0243,0.9049479166666666,1.0,0.03890232810331644,0.19066544973850133,0.05503140423338075,0.031012506903467463
312,23,balanced,W4A8_pooled_p995,4,8,False,99.5,128,0.6192222760673678,0.14541498390881347,0.0811169516366401,0.5641025641025641,0.1618,0.7421875,1.0,0.09867802462119443,0.19066544973850133,0.05055941193185093,0.024650198783083315
312,23,balanced,W8A4_pooled_p995,8,4,False,99.5,128,0.6137161710933376,0.1405816407081253,0.08196377157723898,0.6978818283166109,0.1342,0.5807291666666666,1.0,0.22948253927897044,0.19066544973850133,0.07375327353016925,0.04152102912089503
312,23,balanced,W4A4_pooled_p995,4,4,False,99.5,128,0.6159557454137835,0.14237136413907106,0.08145556387513361,0.5518394648829431,0.2035,0.5516339869281045,0.99609375,0.20292214381199838,0.19066544973850133,0.058345943358834,0.034120572468388885
312,23,balanced,W8A4_channel_p995,8,4,True,99.5,128,0.6102511196340751,0.1407097820124793,0.08235399239417439,0.7090301003344481,0.1438,0.5546875,1.0,0.23174703341989866,0.19066544973850133,0.07171096763419761,0.04358269872803516
312,23,balanced,W8A4_channel_minmax,8,4,True,100.0,128,0.5847963067537121,0.11899390681500875,0.09089627665961277,0.6967670011148273,0.2469,0.48880105401844526,0.98828125,0.5075648209288476,0.19066544973850133,0.11883270185366857,0.0756509374231023
312,23,majority_only,W8A8_pooled_p995,8,8,False,99.5,0,0.6194647016903416,0.14617682693228842,0.08102849253276886,0.6978818283166109,0.0274,0.9075520833333333,1.0,0.03910549857946948,0.19066544973850133,0.05642060625995042,0.03129085888305817
312,23,majority_only,W4A8_pooled_p995,4,8,False,99.5,0,0.6183037040112347,0.14518752946616625,0.08114638104413387,0.568561872909699,0.1628,0.7526041666666665,1.0,0.09998197836967038,0.19066544973850133,0.04971415470351277,0.02487675804737459
312,23,majority_only,W8A4_pooled_p995,8,4,False,99.5,0,0.6078688087318782,0.1374774216938217,0.08199121586610365,0.68561872909699,0.1221,0.5729166666666666,1.0,0.22210517916556588,0.19066544973850133,0.07083320023474889,0.041996255675873825
312,23,majority_only,W4A4_pooled_p995,4,4,False,99.5,0,0.6133945698375007,0.14359358389878013,0.08139960547864175,0.5719063545150501,0.1945,0.5973856209150326,0.99609375,0.18694159203668148,0.19066544973850133,0.061351274741858135,0.0326568840167228
312,23,majority_only,W8A4_channel_p995,8,4,True,99.5,0,0.6123871471678453,0.13972451195113916,0.08196638230165582,0.7034559643255296,0.1379,0.57421875,1.0,0.2086004167541112,0.19066544973850133,0.06771179970346979,0.04001933079699663
312,23,majority_only,W8A4_channel_minmax,8,4,True,100.0,0,0.6115159090360769,0.13891550612674936,0.08291113680362662,0.705685618729097,0.1614,0.5182291666666667,1.0,0.2876126886396318,0.19066544973850133,0.07726966918847984,0.04655609443293511
313,0,representative,W8A8_pooled_p995,8,8,False,99.5,18,0.6112749530304182,0.14341228389254645,0.08113967915913373,0.6967670011148273,0.0321,0.91796875,1.0,0.03947165166285271,0.1951438893221632,0.05721136076153762,0.030724080284070077
313,0,representative,W4A8_pooled_p995,4,8,False,99.5,18,0.6196245225733832,0.14499778852270612,0.08132839555064814,0.6354515050167224,0.1524,0.73046875,1.0,0.09678371943556657,0.1951438893221632,0.06142218167445436,0.03200686706211777
313,0,representative,W8A4_pooled_p995,8,4,False,99.5,18,0.6035039840713078,0.13482363261625407,0.08232624517746553,0.7603121516164995,0.1412,0.6041666666666666,1.0,0.21687810898713605,0.1951438893221632,0.07540783086354477,0.04411853749140401
313,0,representative,W4A4_pooled_p995,4,4,False,99.5,18,0.6085959631326902,0.13925915015077595,0.08246778155067964,0.6978818283166109,0.1686,0.5625,1.0,0.22375852172892696,0.1951438893221632,0.0722171904981255,0.04020844997706384
313,0,representative,W8A4_channel_p995,8,4,True,99.5,18,0.5981970122435043,0.13697594166078408,0.08252313917218362,0.6978818283166109,0.1293,0.5885416666666666,1.0,0.20923890000441864,0.1951438893221632,0.07540576984584717,0.03854657874380584
313,0,representative,W8A4_channel_minmax,8,4,True,100.0,18,0.5511269454212296,0.11914060334376084,0.1403805755421309,0.8193979933110368,0.3645,0.4737654320987655,0.84375,0.9526104583580617,0.1951438893221632,0.2339622883606273,0.13541242175856621
313,0,balanced,W8A8_pooled_p995,8,8,False,99.5,128,0.6127531431134161,0.14420359130841104,0.0811050030931886,0.6978818283166109,0.0258,0.92578125,1.0,0.030794418436621784,0.1951438893221632,0.057931587468550656,0.03127480366336555
313,0,balanced,W4A8_pooled_p995,4,8,False,99.5,128,0.6208883934645628,0.14587005180974738,0.08134943364629905,0.6410256410256411,0.1449,0.7278645833333333,1.0,0.0953065866178292,0.1951438893221632,0.062168810993123574,0.03249533111110309
313,0,balanced,W8A4_pooled_p995,8,4,False,99.5,128,0.6012830249035226,0.13928166035184397,0.0820202302138226,0.6198439241917503,0.13,0.6067708333333334,1.0,0.19189023536771696,0.1951438893221632,0.07082419470806585,0.03848356699060021
313,0,balanced,W4A4_pooled_p995,4,4,False,99.5,128,0.6164096734620548,0.14221346842119922,0.08208123419928863,0.5919732441471572,0.1903,0.5872395833333334,1.0,0.1932270387531438,0.1951438893221632,0.0677903682117107,0.03719408815670913
313,0,balanced,W8A4_channel_p995,8,4,True,99.5,128,0.6070081028575361,0.14175528645556798,0.08211754162133976,0.745819397993311,0.1458,0.5885416666666666,1.0,0.21534984662737872,0.1951438893221632,0.07994266564916377,0.04303802374984107
313,0,balanced,W8A4_channel_minmax,8,4,True,100.0,128,0.5923476903922911,0.12983113085102047,0.08539902864440954,0.7201783723522854,0.2141,0.5393700787401575,0.9921875,0.3791925932494216,0.1951438893221632,0.09130470558121043,0.0608375580753749
313,0,majority_only,W8A8_pooled_p995,8,8,False,99.5,0,0.6109159377670953,0.14342561154412709,0.08115867726397409,0.7045707915273133,0.0327,0.9088541666666666,1.0,0.03998660309263454,0.1951438893221632,0.05599318454664353,0.031038145981020754
313,0,majority_only,W4A8_pooled_p995,4,8,False,99.5,0,0.6192751822907194,0.14528675845782202,0.08135737091521723,0.6443701226309922,0.1483,0.7291666666666666,1.0,0.09792307597263905,0.1951438893221632,0.062006955134180024,0.03207001256373086
313,0,majority_only,W8A4_pooled_p995,8,4,False,99.5,0,0.6003135061137918,0.13690535672449633,0.08224699423279222,0.750278706800446,0.1403,0.6158854166666666,1.0,0.20112612299642135,0.1951438893221632,0.07672050478157941,0.041778524041285695
313,0,majority_only,W4A4_pooled_p995,4,4,False,99.5,0,0.6154084966659894,0.1421769414852657,0.08218547726158645,0.6956521739130435,0.1689,0.5729166666666666,1.0,0.2087935533876631,0.1951438893221632,0.0716705597856983,0.03794201076692675
313,0,majority_only,W8A4_channel_p995,8,4,True,99.5,0,0.60821876135509,0.13613481399010782,0.08178098852666671,0.6833890746934225,0.1321,0.5846354166666666,1.0,0.1990149173588211,0.1951438893221632,0.06761466045854375,0.040074953452841726
313,0,majority_only,W8A4_channel_minmax,8,4,True,100.0,0,0.6019282481390051,0.1382330490442925,0.082577044058141,0.717948717948718,0.1634,0.5559895833333333,1.0,0.26777736815191183,0.1951438893221632,0.07230455135411727,0.046027922215351263
313,1,representative,W8A8_pooled_p995,8,8,False,99.5,20,0.6110418349837747,0.1433709653240082,0.0811580960601418,0.7079152731326644,0.0326,0.9140625,1.0,0.03938227095080869,0.1951438893221632,0.05623205535930487,0.031035515217260348
313,1,representative,W4A8_pooled_p995,4,8,False,99.5,20,0.6194561901567236,0.14541896050481729,0.08134869985239575,0.6454849498327759,0.1478,0.7317708333333333,1.0,0.09707799377292613,0.1951438893221632,0.06141072693331334,0.031991999286702565
313,1,representative,W8A4_pooled_p995,8,4,False,99.5,20,0.602090212213965,0.13628848416824563,0.08225655459327204,0.7525083612040134,0.1396,0.6106770833333333,1.0,0.20294217717569188,0.1951438893221632,0.07321402949477616,0.04265091840506475
313,1,representative,W4A4_pooled_p995,4,4,False,99.5,20,0.6128780605852188,0.142315618589305,0.08215696301174942,0.705685618729097,0.1693,0.546875,1.0,0.21897296884198453,0.1951438893221632,0.07558213393857345,0.03801376311013442
313,1,representative,W8A4_channel_p995,8,4,True,99.5,20,0.612618918065283,0.14515139169525684,0.08183991987760877,0.7558528428093646,0.1439,0.6197916666666666,1.0,0.2012421454996358,0.1951438893221632,0.07797308106278814,0.04040901882669535
313,1,representative,W8A4_channel_minmax,8,4,True,100.0,20,0.6029551432380886,0.1342352498954421,0.08278194755810889,0.7447045707915273,0.1651,0.54296875,1.0,0.2698393158100175,0.1951438893221632,0.0828916857736968,0.047175555820671775
313,1,balanced,W8A8_pooled_p995,8,8,False,99.5,128,0.6121295354992797,0.1438509905187448,0.08113843531199598,0.7045707915273133,0.0311,0.9192708333333333,1.0,0.03475365785032451,0.1951438893221632,0.054776730175835495,0.03120469856808165
313,1,balanced,W4A8_pooled_p995,4,8,False,99.5,128,0.6202889733020746,0.14536940333972612,0.08134542175518047,0.6410256410256411,0.1462,0.73046875,1.0,0.09668411244671221,0.1951438893221632,0.061883696882913855,0.03219117999391374
313,1,balanced,W8A4_pooled_p995,8,4,False,99.5,128,0.6084619830207764,0.1407221446446888,0.08179315275064818,0.7246376811594203,0.1263,0.5859375,1.0,0.19364161732315577,0.1951438893221632,0.07684978576985801,0.03797949713540678
313,1,balanced,W4A4_pooled_p995,4,4,False,99.5,128,0.6155805643599921,0.1428837592903469,0.08189754730908377,0.6688963210702341,0.1693,0.5555555555555556,0.99609375,0.20901980245632215,0.1951438893221632,0.06989948162615325,0.04018334911014587
313,1,balanced,W8A4_channel_p995,8,4,True,99.5,128,0.610421227838324,0.1437114429592188,0.08191702134448917,0.7224080267558528,0.1348,0.6041666666666666,1.0,0.20788667255289414,0.1951438893221632,0.07315999931099153,0.04298253710433468
313,1,balanced,W8A4_channel_minmax,8,4,True,100.0,128,0.5936267473290624,0.13203206305857718,0.0837346880410054,0.7045707915273133,0.1795,0.5481770833333334,1.0,0.3141892768098027,0.1951438893221632,0.0844825807554832,0.05079334780037911
313,1,majority_only,W8A8_pooled_p995,8,8,False,99.5,0,0.61141272965373,0.1435374227524468,0.08114121690922665,0.7079152731326644,0.0312,0.9114583333333333,1.0,0.03832120925554996,0.1951438893221632,0.05689313360699068,0.03114689500604923
313,1,majority_only,W4A8_pooled_p995,4,8,False,99.5,0,0.6198618657698082,0.14575304668869415,0.08131542355261336,0.6443701226309922,0.1489,0.7239583333333333,1.0,0.09666795464497666,0.1951438893221632,0.06164404067422582,0.03219115198850476
313,1,majority_only,W8A4_pooled_p995,8,4,False,99.5,0,0.6051397906113742,0.13641607408569217,0.08231679589429314,0.758082497212932,0.1472,0.640625,1.0,0.2190511165636137,0.1951438893221632,0.07513847802075746,0.04320021022061764
313,1,majority_only,W4A4_pooled_p995,4,4,False,99.5,0,0.6091874841021085,0.13940877864295342,0.0824015909136945,0.7079152731326644,0.1697,0.5677083333333334,1.0,0.23125006760288683,0.1951438893221632,0.07443873331504608,0.04066273494497229
313,1,majority_only,W8A4_channel_p995,8,4,True,99.5,0,0.5968833580657681,0.13875544140606813,0.08204689892201286,0.6867335562987736,0.1375,0.5924479166666665,1.0,0.2129180859842229,0.1951438893221632,0.07320473438724417,0.03856742818735508
313,1,majority_only,W8A4_channel_minmax,8,4,True,100.0,0,0.5979009455885211,0.1296948975181227,0.08579229928171404,0.7068004459308808,0.2199,0.5169270833333333,1.0,0.46150635854300665,0.1951438893221632,0.10197848274234533,0.07451316085189813
313,2,representative,W8A8_pooled_p995,8,8,False,99.5,25,0.6113671102829001,0.1435414996825141,0.08114693334728967,0.7068004459308808,0.0328,0.90234375,1.0,0.038559502233956475,0.1951438893221632,0.058416059154436935,0.031123155811662816
313,2,representative,W4A8_pooled_p995,4,8,False,99.5,25,0.6197790773277115,0.1456908882310342,0.08131956449942106,0.6421404682274248,0.1484,0.7174479166666665,1.0,0.09713525098810766,0.1951438893221632,0.06286099930652157,0.03209617874350428
313,2,representative,W8A4_pooled_p995,8,4,False,99.5,25,0.6067407549742566,0.13816350095470661,0.08218766557713193,0.7647714604236343,0.1501,0.5872395833333333,1.0,0.23527534115908702,0.1951438893221632,0.07894597763101374,0.04362571343440695
313,2,representative,W4A4_pooled_p995,4,4,False,99.5,25,0.6027393544289552,0.13804866105482505,0.08266019959185242,0.6956521739130435,0.1688,0.5507812499999999,1.0,0.236844862533697,0.1951438893221632,0.0731362169523468,0.044482508934724135
313,2,representative,W8A4_channel_p995,8,4,True,99.5,25,0.6079689876455395,0.13801890389032903,0.08240907798503841,0.7346711259754738,0.147,0.5989583333333333,1.0,0.22964935194375358,0.1951438893221632,0.07531380972079953,0.042878063778202025
313,2,representative,W8A4_channel_minmax,8,4,True,100.0,25,0.5543122797181421,0.11728074733820354,0.1390203016769582,0.8205128205128205,0.3621,0.4737654320987654,0.84375,0.9402177293972157,0.1951438893221632,0.22910223979719757,0.1361753084710434
313,2,balanced,W8A8_pooled_p995,8,8,False,99.5,128,0.612317156643203,0.14403160244932525,0.08112401554762814,0.7023411371237458,0.0285,0.9127604166666665,1.0,0.03393417345198561,0.1951438893221632,0.056203569738377306,0.03114087171895215
313,2,balanced,W4A8_pooled_p995,4,8,False,99.5,128,0.6203599435715939,0.1457941916081993,0.08132201369054884,0.6421404682274248,0.1467,0.7278645833333333,1.0,0.09583285984599522,0.1951438893221632,0.06246388472484487,0.03228218451288244
313,2,balanced,W8A4_pooled_p995,8,4,False,99.5,128,0.607701027421712,0.1380712907711111,0.08197607502695725,0.705685618729097,0.1322,0.6015625,1.0,0.21125515877917989,0.1951438893221632,0.07790059681835113,0.042279423730817896
313,2,balanced,W4A4_pooled_p995,4,4,False,99.5,128,0.6140118703439921,0.14357290085992627,0.08191383913685742,0.6488294314381271,0.1745,0.58203125,1.0,0.21959544312836277,0.1951438893221632,0.07350858395619055,0.040375104183673564
313,2,balanced,W8A4_channel_p995,8,4,True,99.5,128,0.6094735083721037,0.14157077774666332,0.08209296718579903,0.7190635451505016,0.1444,0.5755208333333334,1.0,0.2275512179151157,0.1951438893221632,0.08033165530485809,0.04316383040390713
313,2,balanced,W8A4_channel_minmax,8,4,True,100.0,128,0.584632873061437,0.1252568509997829,0.08772877361102542,0.705685618729097,0.2326,0.52734375,1.0,0.4844944980848537,0.1951438893221632,0.11203485482133557,0.073475589344772
313,2,majority_only,W8A8_pooled_p995,8,8,False,99.5,0,0.6114195878678681,0.14341393370303393,0.08115436895146687,0.7090301003344481,0.0341,0.9114583333333333,1.0,0.03886950495778945,0.1951438893221632,0.05799389378267714,0.03080130120248594
313,2,majority_only,W4A8_pooled_p995,4,8,False,99.5,0,0.6194488420701469,0.14537185233286384,0.08134067849855008,0.6421404682274248,0.1481,0.7265624999999999,1.0,0.0971752528373291,0.1951438893221632,0.062434244186232266,0.032115082009518264
313,2,majority_only,W8A4_pooled_p995,8,4,False,99.5,0,0.6046740443905257,0.13539226767161083,0.08228604633988039,0.7625418060200669,0.1462,0.59765625,1.0,0.2100565217643794,0.1951438893221632,0.0798791366313912,0.04314916796750824
313,2,majority_only,W4A4_pooled_p995,4,4,False,99.5,0,0.6123290360498352,0.14237354632193971,0.08222237258221937,0.7023411371237458,0.1692,0.5598958333333333,1.0,0.2199971877114656,0.1951438893221632,0.07529139628235974,0.038586132659478384
313,2,majority_only,W8A4_channel_p995,8,4,True,99.5,0,0.6096740499015907,0.1483904313583705,0.08130829112594071,0.7068004459308808,0.1402,0.5924479166666667,1.0,0.19864365649168014,0.1951438893221632,0.0756620454214666,0.04180150174295813
313,2,majority_only,W8A4_channel_minmax,8,4,True,100.0,0,0.59876110035637,0.1373589782737099,0.08304238647121828,0.7190635451505016,0.1794,0.5299479166666667,1.0,0.2988100701414422,0.1951438893221632,0.08129394090943584,0.04944192327661688
313,3,representative,W8A8_pooled_p995,8,8,False,99.5,20,0.6113638036439406,0.14343116862638738,0.08113795241784601,0.6945373467112598,0.0334,0.90234375,1.0,0.03879659783949023,0.1951438893221632,0.056254004167128585,0.030922672225062533
313,3,representative,W4A8_pooled_p995,4,8,False,99.5,20,0.6193963032511242,0.14539863396820618,0.08133888366452798,0.633221850613155,0.1539,0.73046875,1.0,0.09654258025967807,0.1951438893221632,0.06163210693290369,0.03202777966381943
313,3,representative,W8A4_pooled_p995,8,4,False,99.5,20,0.6059326491529922,0.1375279482778748,0.0820728992407851,0.7491638795986622,0.1383,0.6080729166666666,1.0,0.20625632333401947,0.1951438893221632,0.0757508983782512,0.04231626770677002
313,3,representative,W4A4_pooled_p995,4,4,False,99.5,20,0.6119153387755711,0.14042064172963564,0.08228845846290672,0.6845039018952063,0.1693,0.5494791666666666,1.0,0.21910797784127667,0.1951438893221632,0.07352257303616654,0.03845936089485813
313,3,representative,W8A4_channel_p995,8,4,True,99.5,20,0.5996589753019788,0.1377496631326254,0.08244211138494927,0.7090301003344481,0.1423,0.6041666666666667,1.0,0.19724498273731683,0.1951438893221632,0.07434161984935654,0.042924015168664814
313,3,representative,W8A4_channel_minmax,8,4,True,100.0,20,0.5976350673225569,0.13537279753210657,0.08395538248302134,0.7034559643255296,0.1935,0.4993464052287581,0.99609375,0.36733927945022105,0.1951438893221632,0.08834838317650359,0.05682519793845485
313,3,balanced,W8A8_pooled_p995,8,8,False,99.5,128,0.6132104390347014,0.14419193815007306,0.08110826180150382,0.7001114827201784,0.0253,0.9244791666666666,1.0,0.030077896111847302,0.1951438893221632,0.05899289206479658,0.03123617949066992
313,3,balanced,W4A8_pooled_p995,4,8,False,99.5,128,0.6213731222424009,0.1463324003928773,0.0813316306794556,0.6465997770345596,0.1447,0.73828125,1.0,0.0950126355082202,0.1951438893221632,0.06282765289345524,0.03250494693836344
313,3,balanced,W8A4_pooled_p995,8,4,False,99.5,128,0.6011693744978042,0.13743498436574553,0.08205889930979078,0.6176142697881828,0.1403,0.6171875,1.0,0.19825722340866297,0.1951438893221632,0.06879919926929182,0.03825143555687374
313,3,balanced,W4A4_pooled_p995,4,4,False,99.5,128,0.6158942664227592,0.14520419498462667,0.0820218821283624,0.5707915273132664,0.1966,0.5594771241830067,0.99609375,0.19883915273574118,0.1951438893221632,0.07000396602300747,0.03860322516518011
313,3,balanced,W8A4_channel_p995,8,4,True,99.5,128,0.609044625052248,0.14309721144717746,0.08206455602088657,0.7190635451505016,0.1372,0.6080729166666666,1.0,0.21397922631123625,0.1951438893221632,0.07820669293118696,0.04149746098724302
313,3,balanced,W8A4_channel_minmax,8,4,True,100.0,128,0.5991716746938389,0.13043268988673737,0.08431577368654998,0.7190635451505016,0.205,0.4901185770750988,0.98828125,0.3469250757274748,0.1951438893221632,0.09286594131363543,0.05817141283583671
313,3,majority_only,W8A8_pooled_p995,8,8,False,99.5,0,0.6113655181974752,0.14353363296922275,0.08113919957262307,0.705685618729097,0.0319,0.90625,1.0,0.039457396554271364,0.1951438893221632,0.05717060185392804,0.0312707581315404
313,3,majority_only,W4A8_pooled_p995,4,8,False,99.5,0,0.6193738915870655,0.14551088914685545,0.08133300658069466,0.6399108138238573,0.1497,0.7278645833333333,1.0,0.09769705594209294,0.1951438893221632,0.06258045531479726,0.032032958331940926
313,3,majority_only,W8A4_pooled_p995,8,4,False,99.5,0,0.6040682558863378,0.1344401899085018,0.08237327176742298,0.7647714604236343,0.1437,0.6028645833333334,1.0,0.21325064621864426,0.1951438893221632,0.07512698439493472,0.04310564593485172
313,3,majority_only,W4A4_pooled_p995,4,4,False,99.5,0,0.6086736691482381,0.13864428618519248,0.08245094127201491,0.6867335562987736,0.1671,0.5677083333333333,1.0,0.2240644008191373,0.1951438893221632,0.07378509141330267,0.04102114804762115
313,3,majority_only,W8A4_channel_p995,8,4,True,99.5,0,0.6011894592677803,0.14010210403808407,0.08245741220024892,0.7235228539576366,0.1461,0.6106770833333333,1.0,0.2084852911832777,0.1951438893221632,0.07632610198372489,0.04262389235177918
313,3,majority_only,W8A4_channel_minmax,8,4,True,100.0,0,0.5805642375239594,0.12378968092039731,0.08839824851753378,0.6610925306577481,0.2508,0.5,0.9921875,0.5031085043418428,0.1951438893221632,0.11979026004799323,0.08516298403744027
313,4,representative,W8A8_pooled_p995,8,8,False,99.5,18,0.6124811414419714,0.14393920574136,0.08112494658821916,0.7012263099219621,0.0286,0.92578125,1.0,0.03343906725592406,0.1951438893221632,0.05779543263706281,0.0314674679413444
313,4,representative,W4A8_pooled_p995,4,8,False,99.5,18,0.6203968677066414,0.1455062539399713,0.081337284329443,0.6421404682274248,0.1459,0.7291666666666666,1.0,0.09485606864128865,0.1951438893221632,0.06143054477574918,0.03204871441233924
313,4,representative,W8A4_pooled_p995,8,4,False,99.5,18,0.6081510977245304,0.13892837578638081,0.08197421849818207,0.7146042363433668,0.1357,0.5895424836601306,0.99609375,0.21960856557198316,0.1951438893221632,0.07761084035623607,0.04257258736037953
313,4,representative,W4A4_pooled_p995,4,4,False,99.5,18,0.6185940146650662,0.1442345627574666,0.08194389187346764,0.6923076923076923,0.1684,0.5768229166666666,1.0,0.2319711250511375,0.1951438893221632,0.07734414430949081,0.04130854745261654
313,4,representative,W8A4_channel_p995,8,4,True,99.5,18,0.6076661852445279,0.14576518818585926,0.0817466622498355,0.7134894091415831,0.1393,0.58984375,1.0,0.2153131985997583,0.1951438893221632,0.0756133688978301,0.037203833300446784
313,4,representative,W8A4_channel_minmax,8,4,True,100.0,18,0.5952916400451613,0.13260781533834007,0.08507729986384154,0.6989966555183946,0.2154,0.5091863517060367,0.9921875,0.40090480789701555,0.1951438893221632,0.09608478119647135,0.060728558297867954
313,4,balanced,W8A8_pooled_p995,8,8,False,99.5,128,0.6117013869880817,0.14346717992667432,0.08115077262715231,0.705685618729097,0.0289,0.9075520833333333,1.0,0.03576934005183591,0.1951438893221632,0.05734624962761907,0.030816867479884828
313,4,balanced,W4A8_pooled_p995,4,8,False,99.5,128,0.6198517009167106,0.14538669613046112,0.08135021950180023,0.6387959866220736,0.1484,0.72265625,1.0,0.09679792989086418,0.1951438893221632,0.062287740465057334,0.032138205185613306
313,4,balanced,W8A4_pooled_p995,8,4,False,99.5,128,0.6094281339374931,0.13752747619023903,0.0819144125540683,0.7212931995540691,0.1316,0.5986928104575163,0.99609375,0.1972849335194075,0.1951438893221632,0.0735823569994169,0.03925322109123811
313,4,balanced,W4A4_pooled_p995,4,4,False,99.5,128,0.618685253406726,0.14154477506376822,0.08192831057327639,0.6622073578595318,0.1738,0.5625,1.0,0.20544893164059824,0.1951438893221632,0.06939272182389594,0.03954827823697228
313,4,balanced,W8A4_channel_p995,8,4,True,99.5,128,0.600269723764606,0.1393777626017039,0.0821372903369681,0.7146042363433668,0.1339,0.59375,1.0,0.2065781432370371,0.1951438893221632,0.07302412966997933,0.03874213701638344
313,4,balanced,W8A4_channel_minmax,8,4,True,100.0,128,0.5867801064272367,0.12494452523295556,0.0876953284372724,0.7212931995540691,0.2392,0.5390625,1.0,0.4623234623403619,0.1951438893221632,0.12140939084936796,0.06733715976168693
313,4,majority_only,W8A8_pooled_p995,8,8,False,99.5,0,0.6114876189027567,0.14346585969238948,0.08113128817835405,0.6956521739130435,0.0321,0.9088541666666666,1.0,0.039737415277601794,0.1951438893221632,0.05655072997251802,0.03081396459553886
313,4,majority_only,W4A8_pooled_p995,4,8,False,99.5,0,0.6192027424038848,0.14548040557120087,0.08133784038278982,0.6354515050167224,0.1522,0.7252604166666666,1.0,0.0972472775192644,0.1951438893221632,0.06138598915428195,0.03202831169412777
313,4,majority_only,W8A4_pooled_p995,8,4,False,99.5,0,0.6029596745581443,0.1346623260406295,0.08237757006082061,0.7525083612040134,0.1452,0.6028645833333333,1.0,0.2189353920105978,0.1951438893221632,0.07127382384022544,0.04416672826030697
313,4,majority_only,W4A4_pooled_p995,4,4,False,99.5,0,0.6097848835407882,0.13944679939770496,0.0824569192324592,0.7101449275362319,0.1665,0.5677083333333334,1.0,0.22607408616822183,0.1951438893221632,0.0785072988917494,0.04177165701280289
313,4,majority_only,W8A4_channel_p995,8,4,True,99.5,0,0.6042425280063135,0.1428464716967906,0.08207987083207073,0.7391304347826086,0.1531,0.6052287581699346,0.99609375,0.21370368180922786,0.1951438893221632,0.07623453561351587,0.044296024420236
313,4,majority_only,W8A4_channel_minmax,8,4,True,100.0,0,0.5863893106894698,0.12342326340872706,0.0877019842588661,0.6878483835005574,0.2376,0.5137254901960784,0.99609375,0.48777016057647404,0.1951438893221632,0.10795022886583003,0.07686041803502283
313,5,representative,W8A8_pooled_p995,8,8,False,99.5,25,0.611296078779326,0.14352167832396445,0.08114126214025104,0.7068004459308808,0.0331,0.90234375,1.0,0.03905178875617206,0.1951438893221632,0.05890469211210582,0.03112938608911217
313,5,representative,W4A8_pooled_p995,4,8,False,99.5,25,0.6196018659731053,0.14554204480005223,0.08132422453134523,0.6387959866220736,0.1503,0.7213541666666666,1.0,0.09711099993627839,0.1951438893221632,0.06235400665608763,0.031886740900257046
313,5,representative,W8A4_pooled_p995,8,4,False,99.5,25,0.6048022072672331,0.13451779836196492,0.08235382320213946,0.7603121516164995,0.1392,0.6145833333333334,1.0,0.2191700898478306,0.1951438893221632,0.07587199643217417,0.04317557897820588
313,5,representative,W4A4_pooled_p995,4,4,False,99.5,25,0.6086524821652755,0.14046589946474772,0.08240003329832823,0.6923076923076923,0.1699,0.5755208333333334,1.0,0.22175293804320817,0.1951438893221632,0.07659367922507877,0.04056060426507703
313,5,representative,W8A4_channel_p995,8,4,True,99.5,25,0.6048325793584165,0.13567216458382375,0.08209388143523577,0.7279821627647715,0.1322,0.59375,1.0,0.20629651479952582,0.1951438893221632,0.06792761309021217,0.040631486464100974
313,5,representative,W8A4_channel_minmax,8,4,True,100.0,25,0.6022320302848939,0.1357277934090591,0.08470905542440449,0.7168338907469343,0.2047,0.5221354166666666,1.0,0.39783406960894374,0.1951438893221632,0.10204377275917631,0.06814091302115811
313,5,balanced,W8A8_pooled_p995,8,8,False,99.5,128,0.6121287394565673,0.14379216615893656,0.08113365154929159,0.7045707915273133,0.0298,0.9231770833333333,1.0,0.03458859825420607,0.1951438893221632,0.056465907173652595,0.031320388157382695
313,5,balanced,W4A8_pooled_p995,4,8,False,99.5,128,0.620457366952789,0.14530298099440264,0.08133193718753111,0.6399108138238573,0.1451,0.7317708333333333,1.0,0.09671374556931642,0.1951438893221632,0.06258348262767746,0.03217548705912448
313,5,balanced,W8A4_pooled_p995,8,4,False,99.5,128,0.6119111748598445,0.1396058878184699,0.08180800563650273,0.7313266443701226,0.1292,0.5846354166666666,1.0,0.20899935655969082,0.1951438893221632,0.07560432780485879,0.042899972955989865
313,5,balanced,W4A4_pooled_p995,4,4,False,99.5,128,0.614855675619208,0.14293310341994558,0.08201450480111482,0.6845039018952063,0.1698,0.5677083333333333,1.0,0.21951046143691244,0.1951438893221632,0.07462042006091814,0.04197441929579092
313,5,balanced,W8A4_channel_p995,8,4,True,99.5,128,0.6053721126153052,0.13997649394341083,0.08218812977960434,0.7268673355629878,0.1462,0.59765625,1.0,0.22095560122165817,0.1951438893221632,0.0741994280746324,0.04173830423545198
313,5,balanced,W8A4_channel_minmax,8,4,True,100.0,128,0.5872960033389706,0.126324454340012,0.08745994630842516,0.6989966555183946,0.2404,0.5234375,1.0,0.4671426408975824,0.1951438893221632,0.11404698291884613,0.0737432500308636
313,5,majority_only,W8A8_pooled_p995,8,8,False,99.5,0,0.6109898472712452,0.1434070827307879,0.0811459405435315,0.6967670011148273,0.0334,0.90625,1.0,0.03979640404685909,0.1951438893221632,0.058708147401046795,0.030712587314111573
313,5,majority_only,W4A8_pooled_p995,4,8,False,99.5,0,0.6192320122820818,0.14521410071494897,0.0813564458020943,0.6321070234113713,0.1528,0.7265625,1.0,0.09819986337186407,0.1951438893221632,0.061021620148335766,0.03186119952861893
313,5,majority_only,W8A4_pooled_p995,8,4,False,99.5,0,0.6019313710758003,0.13735383738067314,0.08216479888182741,0.7480490523968785,0.1399,0.6080729166666666,1.0,0.20055308000347954,0.1951438893221632,0.0732943161809545,0.04254028594361524
313,5,majority_only,W4A4_pooled_p995,4,4,False,99.5,0,0.6171259282011112,0.14081420879150988,0.0822586664752925,0.7101449275362319,0.1688,0.5651041666666667,1.0,0.2097806503083744,0.1951438893221632,0.0727956948631692,0.037931320641021005
313,5,majority_only,W8A4_channel_p995,8,4,True,99.5,0,0.6019644374653951,0.1358615760659116,0.08221280613404085,0.745819397993311,0.1539,0.5729166666666666,1.0,0.21711152872479625,0.1951438893221632,0.06964752886561015,0.04172787919244738
313,5,majority_only,W8A4_channel_minmax,8,4,True,100.0,0,0.5972365560938846,0.1347969956418571,0.08348010396085281,0.6923076923076923,0.1749,0.5320261437908498,0.99609375,0.2961535498239229,0.1951438893221632,0.07752461264380216,0.048880975581045816
313,6,representative,W8A8_pooled_p995,8,8,False,99.5,25,0.6120437465884977,0.14342186983279442,0.08115476702660052,0.7068004459308808,0.0299,0.9153645833333333,1.0,0.03526290486043469,0.1951438893221632,0.05692448326107925,0.03106692973062644
313,6,representative,W4A8_pooled_p995,4,8,False,99.5,25,0.6201667501286834,0.14526484398876413,0.08134656893649075,0.6432552954292085,0.146,0.7278645833333333,1.0,0.09610304343294002,0.1951438893221632,0.062422193527452624,0.03227559155911208
313,6,representative,W8A4_pooled_p995,8,4,False,99.5,25,0.606060015986987,0.14016098133865515,0.08180190652925504,0.7279821627647715,0.1244,0.578125,1.0,0.19623560609295204,0.1951438893221632,0.07284324978459525,0.036605955658804035
313,6,representative,W4A4_pooled_p995,4,4,False,99.5,25,0.6143889496534826,0.14327381896204755,0.08193948062043376,0.6577480490523969,0.1709,0.5516339869281044,0.99609375,0.2051620526815052,0.1951438893221632,0.07061933684355118,0.04128967994934008
313,6,representative,W8A4_channel_p995,8,4,True,99.5,25,0.6031745448564557,0.13763146125362824,0.0824939485745228,0.717948717948718,0.1406,0.59375,1.0,0.21552368153996374,0.1951438893221632,0.07711648048263103,0.04179639743366327
313,6,representative,W8A4_channel_minmax,8,4,True,100.0,25,0.6003204255619847,0.13791834981687,0.08293765942460728,0.6800445930880713,0.1732,0.5442708333333334,1.0,0.29366516422357947,0.1951438893221632,0.08712989737808106,0.052366737840102554
313,6,balanced,W8A8_pooled_p995,8,8,False,99.5,128,0.6127734728196115,0.14424579820769812,0.08109743748761782,0.6978818283166109,0.0245,0.9283854166666666,1.0,0.03043653436302434,0.1951438893221632,0.05690278036625007,0.03137434098514294
313,6,balanced,W4A8_pooled_p995,4,8,False,99.5,128,0.6215329431254425,0.14611679406399639,0.08131789899387418,0.6421404682274248,0.1447,0.7317708333333333,1.0,0.09479738727760836,0.1951438893221632,0.061662574704368936,0.032588544378871744
313,6,balanced,W8A4_pooled_p995,8,4,False,99.5,128,0.6134587431269367,0.14231994495410008,0.08179799278002468,0.6499442586399108,0.1442,0.5989583333333333,1.0,0.220806749566798,0.1951438893221632,0.07983573913808603,0.04362105605941752
313,6,balanced,W4A4_pooled_p995,4,4,False,99.5,128,0.6127525307728681,0.14365593405768495,0.08196985334603218,0.5774804905239688,0.1999,0.5755208333333333,1.0,0.22099407861860998,0.1951438893221632,0.07554800432076679,0.039260073049583497
313,6,balanced,W8A4_channel_p995,8,4,True,99.5,128,0.5995886173730076,0.1397411682024497,0.08238600341157144,0.6900780379041248,0.143,0.5598958333333333,1.0,0.22555691748628487,0.1951438893221632,0.08062902641705716,0.044713881597189295
313,6,balanced,W8A4_channel_minmax,8,4,True,100.0,128,0.5867692067654813,0.12863693947521232,0.08654603646785415,0.6822742474916388,0.2398,0.5555555555555555,0.99609375,0.44789107779671034,0.1951438893221632,0.1080293226638272,0.07047675256322614
313,6,majority_only,W8A8_pooled_p995,8,8,False,99.5,0,0.6110475909849264,0.14362022246599448,0.08113962032784182,0.7034559643255296,0.0325,0.9166666666666665,1.0,0.039091788076374735,0.1951438893221632,0.05729059139995679,0.030685231941358155
313,6,majority_only,W4A8_pooled_p995,4,8,False,99.5,0,0.6192961243374628,0.14527435540223546,0.08133686758959185,0.6443701226309922,0.1485,0.7200520833333333,1.0,0.09727375948792619,0.1951438893221632,0.06208034126545066,0.03206531151783887
313,6,majority_only,W8A4_pooled_p995,8,4,False,99.5,0,0.6053408220132999,0.13386201943128825,0.08239245027100602,0.7591973244147158,0.1413,0.5911458333333333,1.0,0.21506284758137442,0.1951438893221632,0.07493599335718273,0.0431162983420535
313,6,majority_only,W4A4_pooled_p995,4,4,False,99.5,0,0.6104749301043882,0.14120973980224805,0.08228464734059424,0.7012263099219621,0.168,0.5872395833333334,1.0,0.21848248376700113,0.1951438893221632,0.07771146848792108,0.04032836510262159
313,6,majority_only,W8A4_channel_p995,8,4,True,99.5,0,0.60149134315797,0.13538750096240837,0.08212018435215908,0.7346711259754738,0.1457,0.5989583333333333,1.0,0.21223641703177387,0.1951438893221632,0.06847979830618676,0.041706361610933274
313,6,majority_only,W8A4_channel_minmax,8,4,True,100.0,0,0.607686576184778,0.13999219325423878,0.08453433061826647,0.7335562987736901,0.2164,0.5325520833333334,1.0,0.40744198375360274,0.1951438893221632,0.10044546825850331,0.07139314681707469
313,7,representative,W8A8_pooled_p995,8,8,False,99.5,24,0.611856921487287,0.14366309393905088,0.08113215570507402,0.7079152731326644,0.0331,0.91015625,1.0,0.03851600139503046,0.1951438893221632,0.05845130945995597,0.030988189499239812
313,7,representative,W4A8_pooled_p995,4,8,False,99.5,24,0.619538427492327,0.1455538064210455,0.08132181642527804,0.6399108138238573,0.1488,0.7252604166666666,1.0,0.0972858368145944,0.1951438893221632,0.062010276969842744,0.032014617897927415
313,7,representative,W8A4_pooled_p995,8,4,False,99.5,24,0.6040860749962862,0.13495219381713042,0.082402824308748,0.7525083612040134,0.1467,0.6184895833333333,1.0,0.2249791116529063,0.1951438893221632,0.07706008034407336,0.044699620023566373
313,7,representative,W4A4_pooled_p995,4,4,False,99.5,24,0.6093725946497848,0.1399428243751159,0.08238743878072705,0.7090301003344481,0.1703,0.5677083333333334,1.0,0.23015056967340816,0.1951438893221632,0.07642273992593207,0.041688644983871294
313,7,representative,W8A4_channel_p995,8,4,True,99.5,24,0.5996088246110933,0.13793616207408094,0.08223825532495456,0.7134894091415831,0.143,0.6015625,1.0,0.21550084088172808,0.1951438893221632,0.07504905288994602,0.0409232854343199
313,7,representative,W8A4_channel_minmax,8,4,True,100.0,24,0.589511818846152,0.13385182743274904,0.08393248006954634,0.7001114827201784,0.1822,0.51953125,1.0,0.3404475820313009,0.1951438893221632,0.08566531798124948,0.05181215147370962
313,7,balanced,W8A8_pooled_p995,8,8,False,99.5,128,0.6117643355964215,0.14344636245877904,0.08114780509504015,0.7034559643255296,0.03,0.9127604166666666,1.0,0.03544703697120265,0.1951438893221632,0.05636896220226717,0.031033887259478105
313,7,balanced,W4A8_pooled_p995,4,8,False,99.5,128,0.6198428219787637,0.14533891988892686,0.0813566856297166,0.6387959866220736,0.1471,0.7317708333333333,1.0,0.09669942501091941,0.1951438893221632,0.06214328911824313,0.03203989683068113
313,7,balanced,W8A4_pooled_p995,8,4,False,99.5,128,0.6075688843314423,0.14164576668882745,0.08171031422499471,0.7134894091415831,0.1224,0.5846354166666666,1.0,0.19198078375550626,0.1951438893221632,0.07402756580409979,0.03742200350310848
313,7,balanced,W4A4_pooled_p995,4,4,False,99.5,128,0.6142241688120018,0.144526302085308,0.08182053602120039,0.6688963210702341,0.1651,0.5712418300653596,0.99609375,0.20180120375884253,0.1951438893221632,0.06757922536320647,0.039372792862818085
313,7,balanced,W8A4_channel_p995,8,4,True,99.5,128,0.609797497756078,0.14223411920131232,0.08170163058123397,0.6889632107023411,0.131,0.5989583333333333,1.0,0.20046378366472783,0.1951438893221632,0.07240493597402575,0.03833988220813497
313,7,balanced,W8A4_channel_minmax,8,4,True,100.0,128,0.595953457709496,0.1302109672970967,0.0854957753287611,0.7034559643255296,0.2271,0.5296442687747036,0.98828125,0.42155235175576666,0.1951438893221632,0.0923983518877096,0.06593634823226824
313,7,majority_only,W8A8_pooled_p995,8,8,False,99.5,0,0.6111162343603631,0.14359447936236655,0.08114186845021133,0.705685618729097,0.0326,0.9153645833333333,1.0,0.039353530695342795,0.1951438893221632,0.05768951355224878,0.03078522329835627
313,7,majority_only,W4A8_pooled_p995,4,8,False,99.5,0,0.619342233580731,0.14513143553359242,0.08134987129928785,0.6399108138238573,0.1489,0.72265625,1.0,0.09714716414133229,0.1951438893221632,0.06142955402398441,0.03197847464224103
313,7,majority_only,W8A4_pooled_p995,8,4,False,99.5,0,0.6036592736342938,0.13564613124393013,0.08228422409435614,0.7547380156075808,0.1447,0.5911458333333333,1.0,0.21669241063132058,0.1951438893221632,0.07773187849921787,0.04547729921100739
313,7,majority_only,W4A4_pooled_p995,4,4,False,99.5,0,0.611570835983237,0.14156992989210523,0.08227693465706074,0.7045707915273133,0.1665,0.5611979166666667,1.0,0.22155495350478982,0.1951438893221632,0.07229204858188215,0.03969016116915017
313,7,majority_only,W8A4_channel_p995,8,4,True,99.5,0,0.6036571916764304,0.13896030699076953,0.08243393060111064,0.7290969899665551,0.1381,0.58203125,1.0,0.21568582416767956,0.1951438893221632,0.08130933184725547,0.041268891826323595
313,7,majority_only,W8A4_channel_minmax,8,4,True,100.0,0,0.5926943363765435,0.1306318392899425,0.08627087140297252,0.7045707915273133,0.2265,0.5013020833333333,1.0,0.46671578996345253,0.1951438893221632,0.11583338470678248,0.06822414260810511
313,8,representative,W8A8_pooled_p995,8,8,False,99.5,28,0.6120509722069647,0.14385749857368693,0.08113109679556742,0.7068004459308808,0.0303,0.9127604166666666,1.0,0.03481158863463646,0.1951438893221632,0.05771829559513961,0.03147883109039615
313,8,representative,W4A8_pooled_p995,4,8,False,99.5,28,0.6205416250122009,0.14550336166499392,0.08132366769212707,0.6421404682274248,0.1447,0.7330729166666665,1.0,0.0968925424056887,0.1951438893221632,0.06269250419334335,0.032211895249012815
313,8,representative,W8A4_pooled_p995,8,4,False,99.5,28,0.6116637892784313,0.13949668609889407,0.08181960248917468,0.7357859531772575,0.1297,0.5716145833333334,1.0,0.20769355778648652,0.1951438893221632,0.077079745579159,0.04366608968364414
313,8,representative,W4A4_pooled_p995,4,4,False,99.5,28,0.6158882654853883,0.14235795709667767,0.08203901769054814,0.6923076923076923,0.1708,0.5755208333333333,1.0,0.21726817878009147,0.1951438893221632,0.07323312960358858,0.04178119524489076
313,8,representative,W8A4_channel_p995,8,4,True,99.5,28,0.602282915784437,0.14169234204890033,0.08211985236302184,0.705685618729097,0.1381,0.58984375,1.0,0.21275283267947334,0.1951438893221632,0.07438691882247109,0.04390517264263297
313,8,representative,W8A4_channel_minmax,8,4,True,100.0,28,0.5949291344407145,0.13367323143394882,0.08570698318664126,0.705685618729097,0.2225,0.5065104166666666,1.0,0.4394991472983004,0.1951438893221632,0.0958981038550201,0.07386464000928242
313,8,balanced,W8A8_pooled_p995,8,8,False,99.5,128,0.6129644006024941,0.1442854336518442,0.08109397693102667,0.6900780379041248,0.0255,0.9244791666666665,1.0,0.029580147379055614,0.1951438893221632,0.056708582023323545,0.031574429427244484
313,8,balanced,W4A8_pooled_p995,4,8,False,99.5,128,0.6210506637097966,0.1463757662877452,0.08131206317447295,0.6343366778149386,0.1485,0.7291666666666665,1.0,0.0945890490053738,0.1951438893221632,0.061953028085218464,0.03251868093888558
313,8,balanced,W8A4_pooled_p995,8,4,False,99.5,128,0.6127632467324591,0.14238742532013685,0.08170557232579521,0.6376811594202898,0.1372,0.578125,1.0,0.21386792150204154,0.1951438893221632,0.07934705226432257,0.040586628628896226
313,8,balanced,W4A4_pooled_p995,4,4,False,99.5,128,0.6119192577550787,0.14592145998751294,0.0819290012857173,0.5641025641025641,0.2007,0.5572916666666666,1.0,0.21005195033852048,0.1951438893221632,0.0735615693926899,0.040628486107918214
313,8,balanced,W8A4_channel_p995,8,4,True,99.5,128,0.6003550228029497,0.14268713246097872,0.08224271635284643,0.7034559643255296,0.1516,0.5598958333333333,1.0,0.23470475279977526,0.1951438893221632,0.07592754184880782,0.04528591404061796
313,8,balanced,W8A4_channel_minmax,8,4,True,100.0,128,0.581272593069946,0.12636707482098725,0.0880598038395382,0.6755852842809364,0.2627,0.48496732026143796,0.99609375,0.4959305970113278,0.1951438893221632,0.10611804454045277,0.07315863086360136
313,8,majority_only,W8A8_pooled_p995,8,8,False,99.5,0,0.6101736585547465,0.14310189745630764,0.08119717550669577,0.705685618729097,0.0341,0.9088541666666666,1.0,0.04240593898090516,0.1951438893221632,0.059101477471639366,0.030838218735976315
313,8,majority_only,W4A8_pooled_p995,4,8,False,99.5,0,0.6188553003769202,0.14524066443002998,0.08136196500458022,0.6410256410256411,0.1485,0.7122395833333334,1.0,0.09900373556835905,0.1951438893221632,0.061894813021137404,0.031990224795112016
313,8,majority_only,W8A4_pooled_p995,8,4,False,99.5,0,0.6039563200341539,0.1376018123602472,0.08223710022334434,0.782608695652174,0.1482,0.6015625,1.0,0.19089780452499727,0.1951438893221632,0.07239563425091913,0.03934350476593611
313,8,majority_only,W4A4_pooled_p995,4,4,False,99.5,0,0.6121397003523775,0.13962330794907085,0.08230924406600926,0.7268673355629878,0.1669,0.5716145833333333,1.0,0.2118674018641085,0.1951438893221632,0.07257184803970164,0.03972181021404274
313,8,majority_only,W8A4_channel_p995,8,4,True,99.5,0,0.6048387639979519,0.13987390932896843,0.08215206455516555,0.7625418060200669,0.1429,0.6026143790849673,0.99609375,0.18971294551316337,0.1951438893221632,0.07268468289628718,0.0401363271178697
313,8,majority_only,W8A4_channel_minmax,8,4,True,100.0,0,0.6032326559744658,0.13758975685242292,0.0830029854557969,0.7335562987736901,0.1725,0.5247395833333334,1.0,0.286023660062671,0.1951438893221632,0.08862355771287898,0.05128706044420059
313,9,representative,W8A8_pooled_p995,8,8,False,99.5,22,0.6122474110547798,0.14379011503270384,0.08112753159454932,0.7068004459308808,0.0295,0.9231770833333333,1.0,0.03598058906670105,0.1951438893221632,0.05701934483632683,0.031231323553515437
313,9,representative,W4A8_pooled_p995,4,8,False,99.5,22,0.6203172634353946,0.14570422204500158,0.081330089495282,0.6410256410256411,0.1477,0.71875,1.0,0.09642223794532793,0.1951438893221632,0.06208704765229912,0.03195111596947464
313,9,representative,W8A4_pooled_p995,8,4,False,99.5,22,0.60421215591513,0.1362789788317756,0.08207832090307479,0.725752508361204,0.1347,0.5768229166666667,1.0,0.20998894936207596,0.1951438893221632,0.0760924838235994,0.040986395110736776
313,9,representative,W4A4_pooled_p995,4,4,False,99.5,22,0.6107476053504358,0.13828101063771536,0.08232300285649072,0.6744704570791528,0.1735,0.55078125,1.0,0.22281322610304058,0.1951438893221632,0.07718451451255129,0.03957694602290756
313,9,representative,W8A4_channel_p995,8,4,True,99.5,22,0.5980578272369321,0.1354833250143913,0.08237959885660281,0.738015607580825,0.1549,0.578125,1.0,0.2157144163517397,0.1951438893221632,0.0719473854367477,0.04216108054016138
313,9,representative,W8A4_channel_minmax,8,4,True,100.0,22,0.5869106574320813,0.1210137903032967,0.09155519294319864,0.7290969899665551,0.2593,0.4868766404199475,0.9921875,0.5756164674133457,0.1951438893221632,0.13655761490438453,0.07907396663096458
313,9,balanced,W8A8_pooled_p995,8,8,False,99.5,128,0.6129009008876611,0.1443279459866435,0.0811057930896646,0.6867335562987736,0.0251,0.9231770833333333,1.0,0.029454497190382803,0.1951438893221632,0.0582296043588187,0.0313624395767737
313,9,balanced,W4A8_pooled_p995,4,8,False,99.5,128,0.620987960037676,0.14620650802036955,0.08135001739671167,0.6365663322185061,0.147,0.73828125,1.0,0.09505184049496841,0.1951438893221632,0.061175503500019573,0.0324976653406662
313,9,balanced,W8A4_pooled_p995,8,4,False,99.5,128,0.6026792225871365,0.14317254081962205,0.08183228094965433,0.6153846153846154,0.1471,0.5807291666666666,1.0,0.20692687567084012,0.1951438893221632,0.06937154261935674,0.04028116944744618
313,9,balanced,W4A4_pooled_p995,4,4,False,99.5,128,0.6189645419306925,0.1467138651989592,0.08184662404642111,0.5741360089186176,0.2,0.5716145833333333,1.0,0.19490053652667771,0.1951438893221632,0.06991370677839831,0.037867186457128305
313,9,balanced,W8A4_channel_p995,8,4,True,99.5,128,0.6082736883022504,0.14389268767501323,0.08201880473952892,0.717948717948718,0.1335,0.5859375,1.0,0.22600642973456647,0.1951438893221632,0.07961677649930454,0.042110363768767894
313,9,balanced,W8A4_channel_minmax,8,4,True,100.0,128,0.6085545689116418,0.13645189067181146,0.0847347163100325,0.738015607580825,0.2069,0.5390625,1.0,0.40882482411391735,0.1951438893221632,0.09760279072745968,0.06197927745095681
313,9,majority_only,W8A8_pooled_p995,8,8,False,99.5,0,0.6107401960298042,0.14383941218824947,0.08114520129728095,0.6956521739130435,0.0333,0.9049479166666666,1.0,0.04201210877195778,0.1951438893221632,0.05758825603195765,0.030745875539960287
313,9,majority_only,W4A8_pooled_p995,4,8,False,99.5,0,0.6186848247683424,0.14522802522579198,0.08134823413438992,0.6309921962095875,0.1536,0.73046875,1.0,0.09807391430310178,0.1951438893221632,0.06188140293399247,0.03167476973679201
313,9,majority_only,W8A4_pooled_p995,8,4,False,99.5,0,0.6057986078070235,0.13915173562543548,0.08217989754630703,0.7792642140468228,0.1507,0.5690104166666666,1.0,0.22849476726042284,0.1951438893221632,0.07066968503682881,0.04281790095804255
313,9,majority_only,W4A4_pooled_p995,4,4,False,99.5,0,0.6115595076830981,0.13992553721410833,0.08230126532742661,0.7123745819397993,0.171,0.5677083333333333,1.0,0.22368556203136106,0.1951438893221632,0.07483282425375784,0.042924447083896186
313,9,majority_only,W8A4_channel_p995,8,4,True,99.5,0,0.6099607477461888,0.14774415843104755,0.08134683905403021,0.7034559643255296,0.1321,0.61328125,1.0,0.20172952997951127,0.1951438893221632,0.07544189814632682,0.040738010428857836
313,9,majority_only,W8A4_channel_minmax,8,4,True,100.0,0,0.5837111780685089,0.12174611011011405,0.09055510460021238,0.6800445930880713,0.2553,0.515625,1.0,0.5324053394837052,0.1951438893221632,0.12404905511494586,0.07438829783030425
313,10,representative,W8A8_pooled_p995,8,8,False,99.5,22,0.6108760131633623,0.14327047555031874,0.0811659790490705,0.7112597547380156,0.0337,0.9127604166666665,1.0,0.0393014034168421,0.1951438893221632,0.05599454466608278,0.031046354699246076
313,10,representative,W4A8_pooled_p995,4,8,False,99.5,22,0.6195149136152818,0.14511231808451186,0.08134366733986462,0.6421404682274248,0.1485,0.7239583333333333,1.0,0.09733884684962443,0.1951438893221632,0.06132045198469043,0.03206005782470845
313,10,representative,W8A4_pooled_p995,8,4,False,99.5,22,0.6041614541177515,0.13544312018364751,0.08225360003867882,0.7614269788182831,0.1406,0.59375,1.0,0.20131951078013227,0.1951438893221632,0.07304203698773731,0.04220458225360262
313,10,representative,W4A4_pooled_p995,4,4,False,99.5,22,0.6106452832448562,0.14172075943965723,0.08220467746237106,0.7001114827201784,0.1686,0.5703125,1.0,0.21628679909995274,0.1951438893221632,0.07497168839517607,0.03871073049412332
313,10,representative,W8A4_channel_p995,8,4,True,99.5,22,0.6020508999507801,0.13680998199865269,0.08231693142074692,0.7480490523968785,0.1499,0.5807291666666666,1.0,0.19408581360091937,0.1951438893221632,0.07049787237361846,0.041978366946145
313,10,representative,W8A4_channel_minmax,8,4,True,100.0,22,0.6002713158500309,0.13865268857394955,0.08256775711920054,0.7079152731326644,0.1753,0.5455729166666666,1.0,0.2813232610133783,0.1951438893221632,0.08313005503000229,0.053371735748202
313,10,balanced,W8A8_pooled_p995,8,8,False,99.5,128,0.6119229930324218,0.14367417233756544,0.08114494843411771,0.7034559643255296,0.0291,0.9127604166666665,1.0,0.03538386989195662,0.1951438893221632,0.05611721805773715,0.0312353725978162
313,10,balanced,W4A8_pooled_p995,4,8,False,99.5,128,0.6202653369569198,0.14542415963400318,0.08133949642109249,0.6421404682274248,0.1454,0.7330729166666666,1.0,0.09598655746451817,0.1951438893221632,0.06225643388427799,0.03204180949278207
313,10,balanced,W8A4_pooled_p995,8,4,False,99.5,128,0.6091828303139434,0.13984934620761527,0.08186168129958443,0.7324414715719063,0.1325,0.5833333333333333,1.0,0.21802495365860186,0.1951438893221632,0.07771082049555746,0.044280444151804876
313,10,balanced,W4A4_pooled_p995,4,4,False,99.5,128,0.6160250011297682,0.14315625002024557,0.08199903817196083,0.6889632107023411,0.1743,0.5716145833333333,1.0,0.21965904390338528,0.1951438893221632,0.07170926276846687,0.04235656553700357
313,10,balanced,W8A4_channel_p995,8,4,True,99.5,128,0.605950284560776,0.14383212995144873,0.0824561561424253,0.7591973244147158,0.1558,0.5830065359477123,0.99609375,0.22138011618916975,0.1951438893221632,0.08035246911014282,0.04143746158528769
313,10,balanced,W8A4_channel_minmax,8,4,True,100.0,128,0.5835132696033785,0.12191572364901021,0.08819230909399652,0.6755852842809364,0.2626,0.4986979166666667,1.0,0.47898477227215075,0.1951438893221632,0.11597169571316476,0.06928980069077709
313,10,majority_only,W8A8_pooled_p995,8,8,False,99.5,0,0.6112433562581387,0.1438699580088295,0.08112472952068772,0.6956521739130435,0.0345,0.89453125,1.0,0.041283925994943856,0.1951438893221632,0.056879953884101275,0.030739500108355817
313,10,majority_only,W4A8_pooled_p995,4,8,False,99.5,0,0.6192404013475901,0.14572846451522725,0.08132981455203493,0.633221850613155,0.1541,0.7434895833333333,1.0,0.09701106689436953,0.1951438893221632,0.06121041267367905,0.0316781253325617
313,10,majority_only,W8A4_pooled_p995,8,4,False,99.5,0,0.6032865419426945,0.13625346395690024,0.08235656647009136,0.7525083612040134,0.1581,0.5846354166666666,1.0,0.22654955427180204,0.1951438893221632,0.07069481723392601,0.041750013830976956
313,10,majority_only,W4A4_pooled_p995,4,4,False,99.5,0,0.6122798651038266,0.14184784436781905,0.08222760617504718,0.7101449275362319,0.1718,0.5625,1.0,0.22737186124199726,0.1951438893221632,0.0743066695751577,0.044577451743052436
313,10,majority_only,W8A4_channel_p995,8,4,True,99.5,0,0.603112820929212,0.1308934537574632,0.08249091875921147,0.7279821627647715,0.1435,0.5846354166666666,1.0,0.22292041386719935,0.1951438893221632,0.07053162567806404,0.03921237159060603
313,10,majority_only,W8A4_channel_minmax,8,4,True,100.0,0,0.6034368715472412,0.13470974144862297,0.0847486560589987,0.7246376811594203,0.2018,0.52734375,1.0,0.3944735091996799,0.1951438893221632,0.09028319048130265,0.058676413447132196
313,11,representative,W8A8_pooled_p995,8,8,False,99.5,33,0.6113258997640162,0.14366148461958872,0.08114528234358315,0.7068004459308808,0.0327,0.9114583333333333,1.0,0.03955488613703488,0.1951438893221632,0.057878597336342694,0.03125752741811878
313,11,representative,W4A8_pooled_p995,4,8,False,99.5,33,0.6195324265549561,0.14565111208429007,0.08133151172132297,0.6421404682274248,0.1495,0.7239583333333333,1.0,0.0974132186117603,0.1951438893221632,0.06203117094861851,0.03208160986863191
313,11,representative,W8A4_pooled_p995,8,4,False,99.5,33,0.6032257977603277,0.1346117822764567,0.0824305830189812,0.7513935340022296,0.1436,0.6015625,1.0,0.21731930399429028,0.1951438893221632,0.07934339179446354,0.04480690605365777
313,11,representative,W4A4_pooled_p995,4,4,False,99.5,33,0.6094831221187081,0.137812178057419,0.0824837742279678,0.7068004459308808,0.169,0.5716145833333333,1.0,0.21726421187110556,0.1951438893221632,0.07771304184900596,0.039666101823094616
313,11,representative,W8A4_channel_p995,8,4,True,99.5,33,0.6102768379370933,0.1377873021420864,0.0825892420951568,0.7346711259754738,0.1467,0.6028645833333334,1.0,0.21356740786877976,0.1951438893221632,0.08001294147345217,0.04512161428500786
313,11,representative,W8A4_channel_minmax,8,4,True,100.0,33,0.5904787045715263,0.12889205956702743,0.08663377930864942,0.6800445930880713,0.2376,0.5208333333333334,1.0,0.48239925334036304,0.1951438893221632,0.11053008575412895,0.0725781423152906
313,11,balanced,W8A8_pooled_p995,8,8,False,99.5,128,0.6125030019995368,0.14412498525272766,0.08110401794907772,0.693422519509476,0.0259,0.9114583333333333,1.0,0.031653257088660194,0.1951438893221632,0.05926518312334716,0.03147509842499516
313,11,balanced,W4A8_pooled_p995,4,8,False,99.5,128,0.6210359675366435,0.14605580774223015,0.08131708208574817,0.6387959866220736,0.1437,0.7356770833333333,1.0,0.09468378931998628,0.1951438893221632,0.06327055874955119,0.032782984778545826
313,11,balanced,W8A4_pooled_p995,8,4,False,99.5,128,0.6019560483998868,0.1396304185503321,0.08219848230857826,0.6153846153846154,0.1606,0.55859375,1.0,0.24295262218281166,0.1951438893221632,0.07259052272376978,0.04275464245003445
313,11,balanced,W4A4_pooled_p995,4,4,False,99.5,128,0.6122497991829172,0.1409089512477248,0.08252598351559545,0.5852842809364549,0.1979,0.5598958333333333,1.0,0.2464750413784345,0.1951438893221632,0.07644784075613009,0.04661614333419256
313,11,balanced,W8A4_channel_p995,8,4,True,99.5,128,0.6047445247876065,0.13937645737219925,0.0825521006223192,0.7045707915273133,0.1612,0.5872395833333334,1.0,0.25778932233687035,0.1951438893221632,0.0784003263180865,0.04449410013362164
313,11,balanced,W8A4_channel_minmax,8,4,True,100.0,128,0.5605224538543225,0.11217268121616575,0.10643048678196308,0.6889632107023411,0.3108,0.4879032258064516,0.96875,0.763417303412816,0.1951438893221632,0.19141489081426452,0.10854656434276737
313,11,majority_only,W8A8_pooled_p995,8,8,False,99.5,0,0.6127383857062081,0.14417621675491285,0.08110263246646483,0.6967670011148273,0.0257,0.9114583333333333,1.0,0.0307758889464757,0.1951438893221632,0.05724795753853053,0.031512507357990646
313,11,majority_only,W4A8_pooled_p995,4,8,False,99.5,0,0.6211041822736965,0.14599970107929938,0.08134318110028772,0.6410256410256411,0.1452,0.7317708333333333,1.0,0.09525387783893384,0.1951438893221632,0.06200534484060061,0.03246691041039523
313,11,majority_only,W8A4_pooled_p995,8,4,False,99.5,0,0.604398307441738,0.14010241160181497,0.08194385288161127,0.6265328874024526,0.1371,0.59765625,1.0,0.20182825240267216,0.1951438893221632,0.07354440957495884,0.039536582344274
313,11,majority_only,W4A4_pooled_p995,4,4,False,99.5,0,0.6168039595409454,0.14705703159092942,0.08182845940197142,0.5886287625418061,0.1907,0.5846354166666666,1.0,0.2061711855757436,0.1951438893221632,0.07038963634278778,0.03962221966818216
313,11,majority_only,W8A4_channel_p995,8,4,True,99.5,0,0.6049989522853223,0.139520577262418,0.08203966222114803,0.717948717948718,0.1437,0.5638020833333334,1.0,0.22399047569888755,0.1951438893221632,0.07806012706703291,0.04424533224681784
313,11,majority_only,W8A4_channel_minmax,8,4,True,100.0,0,0.5948881688580498,0.1350397248477549,0.08387152372243065,0.7068004459308808,0.2049,0.5118110236220472,0.9921875,0.3714672929916558,0.1951438893221632,0.09866079413993571,0.06065770420624543
313,12,representative,W8A8_pooled_p995,8,8,False,99.5,24,0.6115550988311521,0.14361523213304755,0.0811286942129033,0.693422519509476,0.0317,0.9192708333333333,1.0,0.03797646101504856,0.1951438893221632,0.0568682939001655,0.03075190827200191
313,12,representative,W4A8_pooled_p995,4,8,False,99.5,24,0.6193031662537655,0.14543939046873566,0.08134356979644876,0.6321070234113713,0.1532,0.73046875,1.0,0.09676403903054781,0.1951438893221632,0.06142520864950341,0.031854967487452784
313,12,representative,W8A4_pooled_p995,8,4,False,99.5,24,0.6053948916836928,0.13540201789059303,0.08226021690654577,0.7424749163879598,0.1401,0.5833333333333333,1.0,0.22100695925941924,0.1951438893221632,0.07671824798492224,0.044155992864138904
313,12,representative,W4A4_pooled_p995,4,4,False,99.5,24,0.6099251095262921,0.1370691928158897,0.08244464937519072,0.6889632107023411,0.1704,0.5690104166666666,1.0,0.22310855450312447,0.1951438893221632,0.07451543218220777,0.039823351164823925
313,12,representative,W8A4_channel_p995,8,4,True,99.5,24,0.6056766908039064,0.13921800748122853,0.08226541776990898,0.7045707915273133,0.1374,0.58203125,1.0,0.20780477001152253,0.1951438893221632,0.07556049894131707,0.04007927478518278
313,12,representative,W8A4_channel_minmax,8,4,True,100.0,24,0.5986704127212035,0.13776490585937978,0.08436108709407082,0.7112597547380156,0.2073,0.5143229166666666,1.0,0.3852236489307337,0.1951438893221632,0.09443988063922258,0.06447207304790661
313,12,balanced,W8A8_pooled_p995,8,8,False,99.5,128,0.6109767431835169,0.14357720016403608,0.08113119143133417,0.6911928651059086,0.0327,0.9010416666666666,1.0,0.039329533617786516,0.1951438893221632,0.05683591651547959,0.031048149011165378
313,12,balanced,W4A8_pooled_p995,4,8,False,99.5,128,0.6192404013475901,0.14523546007315558,0.08134155285846276,0.6376811594202898,0.1528,0.71875,1.0,0.09821778926401942,0.1951438893221632,0.061436481326198604,0.03185491726513787
313,12,balanced,W8A4_pooled_p995,8,4,False,99.5,128,0.6041790282914805,0.13641840344615927,0.08216664830448454,0.7547380156075808,0.1416,0.6041666666666666,1.0,0.1988648618510295,0.1951438893221632,0.07349032822589438,0.041713726659717364
313,12,balanced,W4A4_pooled_p995,4,4,False,99.5,128,0.612432215432182,0.14124397027324748,0.08223532933810984,0.7101449275362319,0.1679,0.5559895833333333,1.0,0.21581184258977193,0.1951438893221632,0.0740585835142262,0.03911326317589644
313,12,balanced,W8A4_channel_p995,8,4,True,99.5,128,0.6088980307250442,0.13847463156693768,0.08216177753628075,0.7447045707915273,0.1436,0.60546875,1.0,0.2079561801630722,0.1951438893221632,0.0821978869966442,0.0399931364999197
313,12,balanced,W8A4_channel_minmax,8,4,True,100.0,128,0.6040319440918384,0.14103168665382054,0.08314237792240635,0.725752508361204,0.1894,0.5437908496732026,0.99609375,0.34272437473768413,0.1951438893221632,0.09378882346275544,0.058057012240676886
313,12,majority_only,W8A8_pooled_p995,8,8,False,99.5,0,0.6112146374864351,0.1435144730472258,0.0811471684843953,0.705685618729097,0.0319,0.9062499999999999,1.0,0.038575268469791896,0.1951438893221632,0.05753819726859813,0.031100586977641967
313,12,majority_only,W4A8_pooled_p995,4,8,False,99.5,0,0.6196331565751108,0.14548758060723258,0.08133086606156693,0.6421404682274248,0.1486,0.7265625,1.0,0.09707879385633905,0.1951438893221632,0.06216459929808682,0.0320452728395062
313,12,majority_only,W8A4_pooled_p995,8,4,False,99.5,0,0.6016073816918259,0.13482806210666531,0.08235613379200198,0.7513935340022296,0.1478,0.59765625,1.0,0.2158054658221829,0.1951438893221632,0.0708924211731321,0.043293502514682336
313,12,majority_only,W4A4_pooled_p995,4,4,False,99.5,0,0.6087628871660892,0.14023345844165505,0.08244568688446573,0.6989966555183946,0.1653,0.5729166666666666,1.0,0.22967960752109753,0.1951438893221632,0.07826134510336617,0.040230568250185526
313,12,majority_only,W8A4_channel_p995,8,4,True,99.5,0,0.6071698219962768,0.142120234697199,0.08213951187703665,0.7112597547380156,0.1364,0.6002604166666666,1.0,0.22106572124248347,0.1951438893221632,0.07682125921739641,0.042065770899721217
313,12,majority_only,W8A4_channel_minmax,8,4,True,100.0,0,0.5881375429541587,0.12859338723169209,0.08640266744649638,0.6867335562987736,0.221,0.515748031496063,0.9921875,0.4386791461404441,0.1951438893221632,0.10868610820223118,0.07364842184787151
313,13,representative,W8A8_pooled_p995,8,8,False,99.5,21,0.6115831440282529,0.1434343587715069,0.08115010414340973,0.7068004459308808,0.0332,0.9140624999999999,1.0,0.03936294619690286,0.1951438893221632,0.05780458623434098,0.030805366339204346
313,13,representative,W4A8_pooled_p995,4,8,False,99.5,21,0.6195757802657582,0.1454378756157581,0.08133815808361602,0.6410256410256411,0.1482,0.7252604166666665,1.0,0.0971222885088087,0.1951438893221632,0.06209211037722139,0.032181988420419985
313,13,representative,W8A4_pooled_p995,8,4,False,99.5,21,0.60338384285578,0.13478713981491713,0.08234373637579354,0.7569676700111483,0.1426,0.5989583333333333,1.0,0.2133071097040336,0.1951438893221632,0.07550796136842537,0.04454472680557009
313,13,representative,W4A4_pooled_p995,4,4,False,99.5,21,0.6110459988995015,0.14099845800847471,0.08233405820686437,0.693422519509476,0.1688,0.5729166666666666,1.0,0.2225989872645299,0.1951438893221632,0.07334741988346433,0.03890157876929985
313,13,representative,W8A4_channel_p995,8,4,True,99.5,21,0.5903698304220827,0.12742353897979697,0.08263440564189657,0.7168338907469343,0.1363,0.5833333333333333,1.0,0.20621696230550166,0.1951438893221632,0.06970914393029581,0.03869161437881172
313,13,representative,W8A4_channel_minmax,8,4,True,100.0,21,0.5952177305410115,0.12602756864326808,0.08380046493748289,0.6956521739130435,0.1841,0.5393700787401575,0.9921875,0.32039623078084234,0.1951438893221632,0.08252824934297244,0.051989560083464184
313,13,balanced,W8A8_pooled_p995,8,8,False,99.5,128,0.6122521873110547,0.1437551681190563,0.08113283029889092,0.705685618729097,0.031,0.9231770833333333,1.0,0.03446487037184719,0.1951438893221632,0.05637278218642223,0.031204134298610024
313,13,balanced,W4A8_pooled_p995,4,8,False,99.5,128,0.6200490582753477,0.14547043326120623,0.08134136872350187,0.6421404682274248,0.1458,0.7330729166666666,1.0,0.09558389987722346,0.1951438893221632,0.06200443501665996,0.032137781659612806
313,13,balanced,W8A4_pooled_p995,8,4,False,99.5,128,0.6143482902410919,0.14057601524487898,0.08173346677210948,0.7369007803790413,0.1261,0.5768229166666667,1.0,0.1986960649949142,0.1951438893221632,0.07631865051124251,0.038933510618615295
313,13,balanced,W4A4_pooled_p995,4,4,False,99.5,128,0.6184434401243002,0.14507744865898434,0.08180578749122389,0.6744704570791528,0.1709,0.5725490196078431,0.99609375,0.20943650641497213,0.1951438893221632,0.06870159531787393,0.04068662556326501
313,13,balanced,W8A4_channel_p995,8,4,True,99.5,128,0.6048387027638971,0.1389155460162547,0.08232978107618397,0.7112597547380156,0.128,0.59765625,1.0,0.2058959843220961,0.1951438893221632,0.07338088408521866,0.04140407246644834
313,13,balanced,W8A4_channel_minmax,8,4,True,100.0,128,0.6026228260226607,0.14052932607593777,0.08429701371160349,0.7068004459308808,0.2092,0.5346405228758169,0.99609375,0.39313365405158684,0.1951438893221632,0.09833297765022367,0.06490882923359254
313,13,majority_only,W8A8_pooled_p995,8,8,False,99.5,0,0.610561759994102,0.14331695195001196,0.08116081891452392,0.6978818283166109,0.033,0.9023437499999999,1.0,0.039992435480392885,0.1951438893221632,0.058511284740218585,0.030813895610741215
313,13,majority_only,W4A8_pooled_p995,4,8,False,99.5,0,0.6192034772125425,0.14541882994709565,0.08134739510355744,0.6343366778149386,0.1525,0.73046875,1.0,0.09785666423827287,0.1951438893221632,0.06154438746556989,0.0318689210328993
313,13,majority_only,W8A4_pooled_p995,8,4,False,99.5,0,0.5990190794292644,0.136250318132485,0.08236771884926243,0.7536231884057971,0.1386,0.6067708333333333,1.0,0.20393982328363916,0.1951438893221632,0.07703335478511572,0.04271284125139847
313,13,majority_only,W4A4_pooled_p995,4,4,False,99.5,0,0.6154966124708541,0.14080503692599827,0.08220021357591022,0.693422519509476,0.1667,0.5572916666666666,1.0,0.21014122574539468,0.1951438893221632,0.07243540296888154,0.03715866413705053
313,13,majority_only,W8A4_channel_p995,8,4,True,99.5,0,0.6001702184255475,0.13884128343470942,0.0820138768831899,0.7101449275362319,0.1336,0.58984375,1.0,0.19859873684719168,0.1951438893221632,0.06572891028460887,0.03910887362400864
313,13,majority_only,W8A4_channel_minmax,8,4,True,100.0,0,0.5660086577605408,0.11325612229549889,0.0974568156291636,0.6945373467112598,0.2882,0.5032938076416337,0.98828125,0.6400865212956415,0.1951438893221632,0.15177693965933703,0.09443366626981539
313,14,representative,W8A8_pooled_p995,8,8,False,99.5,19,0.6120427668436208,0.14382799138685734,0.0811373073517123,0.7068004459308808,0.0293,0.9127604166666666,1.0,0.034845061512306784,0.1951438893221632,0.05538179739521322,0.03125811834575345
313,14,representative,W4A8_pooled_p995,4,8,False,99.5,19,0.6203723740847193,0.14544016789105302,0.08133862624265652,0.6410256410256411,0.1456,0.7356770833333333,1.0,0.09643010607948321,0.1951438893221632,0.06173679780237398,0.032181937858917126
313,14,representative,W8A4_pooled_p995,8,4,False,99.5,19,0.612315258387504,0.1401224202047393,0.08176705581510665,0.7324414715719063,0.1283,0.5924479166666666,1.0,0.20535327170952816,0.1951438893221632,0.07321569044221984,0.04263105044255524
313,14,representative,W4A4_pooled_p995,4,4,False,99.5,19,0.6147305132111861,0.14317874696085506,0.0820078229479673,0.6811594202898551,0.1691,0.5690104166666667,1.0,0.22056464143472668,0.1951438893221632,0.07473503824323097,0.0419831137088282
313,14,representative,W8A4_channel_p995,8,4,True,99.5,19,0.6027812385224418,0.1432704447254659,0.0821015997151872,0.738015607580825,0.1495,0.58984375,1.0,0.21508773183568153,0.1951438893221632,0.07872448666555032,0.045181676274528446
313,14,representative,W8A4_channel_minmax,8,4,True,100.0,19,0.6005448483728458,0.13323168185305395,0.08556910598566424,0.7123745819397993,0.2225,0.5403645833333333,1.0,0.43299554034208454,0.1951438893221632,0.10867210200518182,0.06682989017120566
313,14,balanced,W8A8_pooled_p995,8,8,False,99.5,128,0.6124890406350412,0.14358493007344514,0.08112945961975823,0.6967670011148273,0.0302,0.91015625,1.0,0.035565009703093974,0.1951438893221632,0.0539767758927093,0.031115719911575274
313,14,balanced,W4A8_pooled_p995,4,8,False,99.5,128,0.6203364909286034,0.14573228156320947,0.08132090289325108,0.6343366778149386,0.1512,0.7395833333333333,1.0,0.0964970301528105,0.1951438893221632,0.06132364526053498,0.03203696878925685
313,14,balanced,W8A4_pooled_p995,8,4,False,99.5,128,0.6057294133250937,0.13867550187512556,0.08199306473927831,0.7268673355629878,0.1341,0.6106770833333333,1.0,0.21578043813389802,0.1951438893221632,0.07762978431907637,0.044280200868577424
313,14,balanced,W4A4_pooled_p995,4,4,False,99.5,128,0.6164482509165821,0.1422205659473204,0.08205683703627593,0.6945373467112598,0.1689,0.5690104166666666,1.0,0.22238894908373913,0.1951438893221632,0.07063194765267763,0.03950149163149498
313,14,balanced,W8A4_channel_p995,8,4,True,99.5,128,0.6073563409272134,0.14083671619914495,0.08243884126221177,0.7547380156075808,0.1522,0.5768229166666666,1.0,0.23253240886980564,0.1951438893221632,0.07603559512814904,0.04281489966664313
313,14,balanced,W8A4_channel_minmax,8,4,True,100.0,128,0.5901141170092161,0.1286662488203993,0.08665563759452327,0.7190635451505016,0.2371,0.4953886693017128,0.98828125,0.44697205225558345,0.1951438893221632,0.09499908242871548,0.0650999897123684
313,14,majority_only,W8A8_pooled_p995,8,8,False,99.5,0,0.6117733982365328,0.1436215608052162,0.08114791158676338,0.705685618729097,0.0285,0.9192708333333333,1.0,0.034580814316313074,0.1951438893221632,0.056491110905668926,0.031390069864919594
313,14,majority_only,W4A8_pooled_p995,4,8,False,99.5,0,0.620396316600148,0.1456572959671716,0.08132763205313516,0.6432552954292085,0.1457,0.7330729166666666,1.0,0.09589767409932651,0.1951438893221632,0.06241283467778793,0.0324661108187797
313,14,majority_only,W8A4_pooled_p995,8,4,False,99.5,0,0.6009096196373205,0.14035923428407476,0.08210214732992688,0.7034559643255296,0.1384,0.60546875,1.0,0.23389472698310776,0.1951438893221632,0.07981195897454879,0.04584958239677085
313,14,majority_only,W4A4_pooled_p995,4,4,False,99.5,0,0.6166656930451953,0.14213259090676175,0.08210429667727995,0.6923076923076923,0.1743,0.5546875,1.0,0.22860805740357143,0.1951438893221632,0.07900231055308854,0.04163792627607031
313,14,majority_only,W8A4_channel_p995,8,4,True,99.5,0,0.610428453456791,0.14366179643109778,0.08149315126104499,0.6778149386845039,0.1356,0.5794270833333333,1.0,0.21603868740588184,0.1951438893221632,0.06464447875289893,0.04083510033965922
313,14,majority_only,W8A4_channel_minmax,8,4,True,100.0,0,0.5885451168229421,0.1271873407068129,0.08711039174102465,0.6722408026755853,0.2442,0.5301837270341208,0.9921875,0.4461627406934171,0.1951438893221632,0.10991055116615346,0.07403920263775597
313,15,representative,W8A8_pooled_p995,8,8,False,99.5,27,0.6114038507157833,0.1433812300693036,0.08115226753127576,0.7090301003344481,0.0338,0.9153645833333333,1.0,0.03902241169245383,0.1951438893221632,0.05824852935019258,0.03079164447091571
313,15,representative,W4A8_pooled_p995,4,8,False,99.5,27,0.6193645840107351,0.14534599747924545,0.08134256939481523,0.6421404682274248,0.1477,0.7291666666666665,1.0,0.09719964636143699,0.1951438893221632,0.06254946951486656,0.03214828804189771
313,15,representative,W8A4_pooled_p995,8,4,False,99.5,27,0.6045729469660425,0.13514022974728104,0.08230797570088833,0.7647714604236343,0.1464,0.59375,1.0,0.21053978101814547,0.1951438893221632,0.07989683214669979,0.043212785864160094
313,15,representative,W4A4_pooled_p995,4,4,False,99.5,27,0.6123422013716182,0.14250441900740274,0.08223045244999232,0.7023411371237458,0.1693,0.55859375,1.0,0.2209205301359764,0.1951438893221632,0.07569676583649268,0.03870494864528682
313,15,representative,W8A4_channel_p995,8,4,True,99.5,27,0.6036031220060374,0.13981958900196095,0.08218908292496033,0.7101449275362319,0.1337,0.5768229166666666,1.0,0.19746347504778528,0.1951438893221632,0.07243191865194916,0.03978270798919445
313,15,representative,W8A4_channel_minmax,8,4,True,100.0,27,0.5961215451899364,0.1334408746605234,0.08363089126343758,0.7101449275362319,0.1863,0.5590551181102361,0.9921875,0.2852038763942666,0.1951438893221632,0.08485226532673087,0.05098930328429163
313,15,balanced,W8A8_pooled_p995,8,8,False,99.5,128,0.6119488950376044,0.1436124212426541,0.08113820204522551,0.7045707915273133,0.0292,0.9088541666666665,1.0,0.03523713206797688,0.1951438893221632,0.05635169628766197,0.031305096701926875
313,15,balanced,W4A8_pooled_p995,4,8,False,99.5,128,0.6204206877539606,0.14576512755583562,0.08131875866355416,0.6443701226309922,0.1449,0.734375,1.0,0.09629016956376095,0.1951438893221632,0.06254627996422271,0.0321565997474633
313,15,balanced,W8A4_pooled_p995,8,4,False,99.5,128,0.6092906634844553,0.13838841366481006,0.08191654443962378,0.7402452619843924,0.1268,0.58203125,1.0,0.2030401316635712,0.1951438893221632,0.07820481021538689,0.04100341070369334
313,15,balanced,W4A4_pooled_p995,4,4,False,99.5,128,0.6163908133731747,0.14234386042212263,0.08198989882353636,0.693422519509476,0.1679,0.5755208333333334,1.0,0.21672652913934629,0.1951438893221632,0.07229246850278348,0.04165033709113382
313,15,balanced,W8A4_channel_p995,8,4,True,99.5,128,0.6044531731548435,0.1380665716069226,0.08250969557397227,0.7636566332218506,0.1547,0.578125,1.0,0.20668751420734155,0.1951438893221632,0.0852603987124675,0.039827186148799716
313,15,balanced,W8A4_channel_minmax,8,4,True,100.0,128,0.5907210077263906,0.13126995279576711,0.08619001466612806,0.6989966555183946,0.2258,0.5364583333333333,1.0,0.4306137535689799,0.1951438893221632,0.10294255434823832,0.07215654516749812
313,15,majority_only,W8A8_pooled_p995,8,8,False,99.5,0,0.6129885268200874,0.14434697642282307,0.08109642278336855,0.6967670011148273,0.0256,0.9036458333333333,1.0,0.030692553214869946,0.1951438893221632,0.05920736580380005,0.0314907673676651
313,15,majority_only,W4A8_pooled_p995,4,8,False,99.5,0,0.6211941351002053,0.14605195231509546,0.08134387332971744,0.6387959866220736,0.1443,0.7291666666666666,1.0,0.0950776422992026,0.1951438893221632,0.06212538641508348,0.03253803957662229
313,15,majority_only,W8A4_pooled_p995,8,4,False,99.5,0,0.6038289532001591,0.13948736576549273,0.0819857649153337,0.6220735785953178,0.1354,0.5885416666666666,1.0,0.20667414657034916,0.1951438893221632,0.07769523919679572,0.041022486713663264
313,15,majority_only,W4A4_pooled_p995,4,4,False,99.5,0,0.6151033673708951,0.1470965956358133,0.08182455840112227,0.5819397993311036,0.1956,0.5807291666666666,1.0,0.21008512514716104,0.1951438893221632,0.07257827254597161,0.03956196604018003
313,15,majority_only,W8A4_channel_p995,8,4,True,99.5,0,0.6028520863238515,0.13768813782766298,0.08214804911761264,0.705685618729097,0.1486,0.5716145833333333,1.0,0.2237690749211785,0.1951438893221632,0.07284494773925518,0.044185508928003395
313,15,majority_only,W8A4_channel_minmax,8,4,True,100.0,0,0.6042687361817701,0.1411965852430277,0.08381794783965048,0.7134894091415831,0.2085,0.5494791666666666,1.0,0.39261489951543327,0.1951438893221632,0.09924963337505577,0.06633642877968629
313,16,representative,W8A8_pooled_p995,8,8,False,99.5,26,0.6113636199417761,0.14339006175218022,0.08113673521678051,0.693422519509476,0.0334,0.9127604166666665,1.0,0.0396029309332034,0.1951438893221632,0.056402422307808966,0.030647214194695
313,16,representative,W4A8_pooled_p995,4,8,False,99.5,26,0.6189748904859547,0.1452981493032242,0.08134660647699372,0.6354515050167224,0.1528,0.7291666666666666,1.0,0.09722202912886731,0.1951438893221632,0.06098370070482238,0.03182655074589515
313,16,representative,W8A4_pooled_p995,8,4,False,99.5,26,0.6046839643074042,0.13440170574235796,0.08236218175214029,0.7647714604236343,0.1458,0.58984375,1.0,0.20862634740168157,0.1951438893221632,0.07553308034122866,0.04411906466310238
313,16,representative,W4A4_pooled_p995,4,4,False,99.5,26,0.6120878351079574,0.1417498104142199,0.08225399187431745,0.6967670011148273,0.1692,0.55078125,1.0,0.22073998799517774,0.1951438893221632,0.07651701536822346,0.03901000751621181
313,16,representative,W8A4_channel_p995,8,4,True,99.5,26,0.6092604750954363,0.1415784578856485,0.08189591762732863,0.7123745819397993,0.1401,0.61328125,1.0,0.19600477191220472,0.1951438893221632,0.07190643409536876,0.04003359452037849
313,16,representative,W8A4_channel_minmax,8,4,True,100.0,26,0.6033516337429524,0.1406861505629657,0.08377566546637709,0.7302118171683389,0.2026,0.5260416666666667,1.0,0.35089409320862663,0.1951438893221632,0.07966931978839331,0.0568110617971821
313,16,balanced,W8A8_pooled_p995,8,8,False,99.5,128,0.6116907322625457,0.1436487718489957,0.08113035093795959,0.7023411371237458,0.029,0.9153645833333333,1.0,0.03730935421259175,0.1951438893221632,0.056280915228255485,0.03096260068837501
313,16,balanced,W4A8_pooled_p995,4,8,False,99.5,128,0.6196389125762625,0.14560968530572696,0.08131759365970402,0.6354515050167224,0.1498,0.7317708333333333,1.0,0.09583180704974553,0.1951438893221632,0.061487628511450954,0.032069192291271045
313,16,balanced,W8A4_pooled_p995,8,4,False,99.5,128,0.6019943809181949,0.13656431089754945,0.08232441023245406,0.7279821627647715,0.1438,0.6184895833333333,1.0,0.2331374097417091,0.1951438893221632,0.07950807112323369,0.04700357694516153
313,16,balanced,W4A4_pooled_p995,4,4,False,99.5,128,0.6032579456391004,0.1368604820297188,0.0826805198603571,0.6755852842809364,0.1736,0.55859375,1.0,0.23666739043153395,0.1951438893221632,0.07506677063254906,0.042482163724458816
313,16,balanced,W8A4_channel_p995,8,4,True,99.5,128,0.6036663767846513,0.14322339641927154,0.08202518212851567,0.7212931995540691,0.1429,0.5716145833333333,1.0,0.22605954997850247,0.1951438893221632,0.07253611434410984,0.04648986851139322
313,16,balanced,W8A4_channel_minmax,8,4,True,100.0,128,0.5806126736613102,0.1224657563351147,0.0912932220270544,0.6767001114827201,0.2567,0.5164690382081686,0.98828125,0.5134757218079065,0.1951438893221632,0.1364317111131259,0.07022589362445565
313,16,majority_only,W8A8_pooled_p995,8,8,False,99.5,0,0.611666116172514,0.14378540963439568,0.08113400433633326,0.705685618729097,0.03,0.9179687499999999,1.0,0.035949189395712566,0.1951438893221632,0.05691123203465256,0.03119456185404237
313,16,majority_only,W4A8_pooled_p995,4,8,False,99.5,0,0.6199433070626992,0.1454669906632771,0.08134433777577448,0.6410256410256411,0.1483,0.7356770833333333,1.0,0.09623127934516473,0.1951438893221632,0.06198386212920482,0.032143129254501995
313,16,majority_only,W8A4_pooled_p995,8,4,False,99.5,0,0.6083831135581872,0.13873087724235048,0.08191325459147687,0.7268673355629878,0.1377,0.5911458333333333,1.0,0.2026897621166577,0.1951438893221632,0.07490985757408997,0.04328248167923064
313,16,majority_only,W4A4_pooled_p995,4,4,False,99.5,0,0.6174112176624487,0.14238848819489083,0.08192915236049518,0.6833890746934225,0.1715,0.5494791666666666,1.0,0.20989638608349986,0.1951438893221632,0.0743243904904933,0.039179080238148103
313,16,majority_only,W8A4_channel_p995,8,4,True,99.5,0,0.603115025355185,0.13818930036863875,0.08211227007214132,0.7246376811594203,0.1416,0.5950520833333333,1.0,0.21547976811128816,0.1951438893221632,0.08316294365015417,0.04395153402896144
313,16,majority_only,W8A4_channel_minmax,8,4,True,100.0,0,0.6065947729876009,0.14035381124584098,0.08326613621070518,0.7146042363433668,0.1955,0.484375,1.0,0.36719094802201124,0.1951438893221632,0.0912381044159921,0.060401058529931814
313,17,representative,W8A8_pooled_p995,8,8,False,99.5,25,0.6117197572045233,0.14347974255673254,0.08112898457495528,0.693422519509476,0.0331,0.9062499999999999,1.0,0.040229416802540933,0.1951438893221632,0.05685435181804344,0.030765542265867696
313,17,representative,W4A8_pooled_p995,4,8,False,99.5,25,0.6192642213949093,0.1454024197500771,0.08133669971094275,0.6321070234113713,0.1552,0.7213541666666666,1.0,0.09722183542506664,0.1951438893221632,0.06170744090678948,0.03178114503058931
313,17,representative,W8A4_pooled_p995,8,4,False,99.5,25,0.606503595479996,0.13540590684240472,0.08225589813996884,0.7647714604236343,0.1425,0.5872395833333333,1.0,0.21583463651315193,0.1951438893221632,0.0796980340966626,0.04477544865479055
313,17,representative,W4A4_pooled_p995,4,4,False,99.5,25,0.6116113729275181,0.1416863972133277,0.0822659993833621,0.7034559643255296,0.1676,0.55859375,1.0,0.2213230778288519,0.1951438893221632,0.07373224779794421,0.0391994691734722
313,17,representative,W8A4_channel_p995,8,4,True,99.5,25,0.5991123388947326,0.1372770821674737,0.08262988187483575,0.7402452619843924,0.1546,0.6015625,1.0,0.21939350436043964,0.1951438893221632,0.07980979551043393,0.040708716516128576
313,17,representative,W8A4_channel_minmax,8,4,True,100.0,25,0.6053629275070844,0.13920149003839144,0.08342872725834398,0.7112597547380156,0.1908,0.538562091503268,0.99609375,0.3442439256684735,0.1951438893221632,0.09408385665730569,0.05657351043762119
313,17,balanced,W8A8_pooled_p995,8,8,False,99.5,128,0.6127980889096432,0.14417444440729282,0.08110557895076623,0.6911928651059086,0.0237,0.9375,1.0,0.029231872251354707,0.1951438893221632,0.057646316202227724,0.031351849736489336
313,17,balanced,W4A8_pooled_p995,4,8,False,99.5,128,0.6208991706582085,0.14614175340759983,0.08133580076975157,0.6365663322185061,0.1487,0.7421874999999999,1.0,0.0944525027028836,0.1951438893221632,0.0611907210692291,0.03255979980984554
313,17,balanced,W8A4_pooled_p995,8,4,False,99.5,128,0.6076494071135111,0.13992680278023553,0.081957668174987,0.6321070234113713,0.1379,0.58203125,1.0,0.21231645289723877,0.1951438893221632,0.07888330381006706,0.04149003300260513
313,17,balanced,W4A4_pooled_p995,4,4,False,99.5,128,0.6121437417999946,0.14518664201174236,0.0819023479208151,0.5819397993311036,0.1948,0.57421875,1.0,0.20818394105425722,0.1951438893221632,0.07133080206130439,0.03975455571201244
313,17,balanced,W8A4_channel_p995,8,4,True,99.5,128,0.5995429980021777,0.14173059771881402,0.08226317663513198,0.6956521739130435,0.1501,0.5755208333333334,1.0,0.2122431925101886,0.1951438893221632,0.07187153838018667,0.046164622609685804
313,17,balanced,W8A4_channel_minmax,8,4,True,100.0,128,0.5999208121203259,0.1346005683129579,0.0852551652235959,0.6923076923076923,0.2307,0.5085638998682477,0.98828125,0.4287890387268106,0.1951438893221632,0.09791216433533269,0.06699383794069762
313,17,majority_only,W8A8_pooled_p995,8,8,False,99.5,0,0.6115671619399488,0.14336931069606082,0.08115899015407577,0.705685618729097,0.0314,0.91796875,1.0,0.03642542784547766,0.1951438893221632,0.05632034152015851,0.030973233699057186
313,17,majority_only,W4A8_pooled_p995,4,8,False,99.5,0,0.6197278856578944,0.1449867726342342,0.08136225871384276,0.6443701226309922,0.1471,0.73046875,1.0,0.09694821220752264,0.1951438893221632,0.06142157361695513,0.032090803701321224
313,17,majority_only,W8A4_pooled_p995,8,4,False,99.5,0,0.6040574786926921,0.1397627367833225,0.08181045072228614,0.7168338907469343,0.1289,0.5989583333333333,1.0,0.19010233748100255,0.1951438893221632,0.06756511433572487,0.0381696413559596
313,17,majority_only,W4A4_pooled_p995,4,4,False,99.5,0,0.6134284935038629,0.14024836743609204,0.08203319916685603,0.6677814938684504,0.1731,0.58203125,1.0,0.1980518766982718,0.1951438893221632,0.0686293942484591,0.037813461980551355
313,17,majority_only,W8A4_channel_p995,8,4,True,99.5,0,0.6058896628465189,0.13921921266208054,0.08210186752105857,0.7469342251950948,0.1511,0.5911458333333333,1.0,0.20897687120446873,0.1951438893221632,0.06828215174853339,0.04233360879364276
313,17,majority_only,W8A4_channel_minmax,8,4,True,100.0,0,0.5992518913056337,0.13835199811554422,0.08262306857665666,0.7201783723522854,0.1772,0.546875,1.0,0.2833953018281308,0.1951438893221632,0.0836478893604862,0.04981417529153798
313,18,representative,W8A8_pooled_p995,8,8,False,99.5,23,0.6104620097188243,0.143033471698676,0.08117212746507112,0.6978818283166109,0.0349,0.9166666666666666,1.0,0.04189199928492292,0.1951438893221632,0.05711680161688401,0.03062567271262833
313,18,representative,W4A8_pooled_p995,4,8,False,99.5,23,0.6184150275228706,0.1451740008627055,0.0813596274811817,0.6321070234113713,0.1516,0.7239583333333333,1.0,0.09980566556924768,0.1951438893221632,0.06117020734942774,0.03192720910195979
313,18,representative,W8A4_pooled_p995,8,4,False,99.5,23,0.6018822001297917,0.13813525484604935,0.08228365357190591,0.7770345596432553,0.1521,0.5794270833333333,1.0,0.21622368170022824,0.1951438893221632,0.07643574973243285,0.04246343167607482
313,18,representative,W4A4_pooled_p995,4,4,False,99.5,23,0.6147853176902367,0.13957425180997307,0.08227303864780569,0.725752508361204,0.1721,0.5677083333333334,1.0,0.21474008919061105,0.1951438893221632,0.07073687405092663,0.04043593488898873
313,18,representative,W8A4_channel_p995,8,4,True,99.5,23,0.6042210348530768,0.13635934210712947,0.08241330056712699,0.7190635451505016,0.1376,0.5950520833333333,1.0,0.19506632397086526,0.1951438893221632,0.07382380595957416,0.04241575330216123
313,18,representative,W8A4_channel_minmax,8,4,True,100.0,23,0.6025172585121765,0.14026447333406405,0.0827593830895247,0.7279821627647715,0.1701,0.5572916666666666,1.0,0.2847346395747464,0.1951438893221632,0.0820592715643237,0.04955415076751425
313,18,balanced,W8A8_pooled_p995,8,8,False,99.5,128,0.6121693376349032,0.14388018639397357,0.08112548492130721,0.6945373467112598,0.0275,0.9218749999999999,1.0,0.03316569245738935,0.1951438893221632,0.055244827304212894,0.031219596808560367
313,18,balanced,W4A8_pooled_p995,4,8,False,99.5,128,0.6206853413388287,0.14559116161617416,0.08132478419892755,0.6343366778149386,0.1485,0.7421875,1.0,0.0946837812451207,0.1951438893221632,0.06220351558994615,0.032161055644260236
313,18,balanced,W8A4_pooled_p995,8,4,False,99.5,128,0.6022344796470861,0.13569894100027383,0.0821818118153042,0.6778149386845039,0.1403,0.5699346405228758,0.99609375,0.23420880043975473,0.1951438893221632,0.07090640333448392,0.04320982993496919
313,18,balanced,W4A4_pooled_p995,4,4,False,99.5,128,0.6107428903282157,0.13814950404115298,0.08247996986120949,0.6443701226309922,0.1792,0.5533854166666666,1.0,0.23637438902831465,0.1951438893221632,0.07481904821390402,0.044797423701947385
313,18,balanced,W8A4_channel_p995,8,4,True,99.5,128,0.6017283189500662,0.1368443355849046,0.082689980950464,0.7134894091415831,0.152,0.6015625,1.0,0.22459868777955763,0.1951438893221632,0.07891855256077075,0.046471169920936625
313,18,balanced,W8A4_channel_minmax,8,4,True,100.0,128,0.547712167120962,0.10863029932022951,0.10798497609877122,0.68561872909699,0.3124,0.484,0.9765625,0.8076467412277857,0.1951438893221632,0.19730965532101247,0.11469783177985947
313,18,majority_only,W8A8_pooled_p995,8,8,False,99.5,0,0.6122968881710624,0.144122039459102,0.08112631643897268,0.7023411371237458,0.0261,0.9205729166666665,1.0,0.03073747435120474,0.1951438893221632,0.055960431203605866,0.031280018849618424
313,18,majority_only,W4A8_pooled_p995,4,8,False,99.5,0,0.6205290720309659,0.14583364748561234,0.08136733113252347,0.6421404682274248,0.1445,0.7356770833333333,1.0,0.09634494230882243,0.1951438893221632,0.06277911096598351,0.03249184845662549
313,18,majority_only,W8A4_pooled_p995,8,4,False,99.5,0,0.602015384198993,0.13986375910300672,0.08191636813971453,0.6231884057971014,0.1303,0.5963541666666666,1.0,0.19698359245534902,0.1951438893221632,0.0694812401291399,0.03926743219153483
313,18,majority_only,W4A4_pooled_p995,4,4,False,99.5,0,0.6139219175174833,0.14160827571611348,0.08211770529704683,0.6086956521739131,0.1846,0.5572916666666666,1.0,0.20071194271612514,0.1951438893221632,0.06939136006098715,0.038538193749632854
313,18,majority_only,W8A4_channel_p995,8,4,True,99.5,0,0.6034783882363992,0.13809208836235898,0.08219325125294605,0.7513935340022296,0.1527,0.6015625,1.0,0.21479300893328437,0.1951438893221632,0.0742646640650808,0.04024223250293549
313,18,majority_only,W8A4_channel_minmax,8,4,True,100.0,0,0.5907070463618949,0.1353786330952898,0.0843764005811432,0.6911928651059086,0.1963,0.5138339920948617,0.98828125,0.3501488378261029,0.1951438893221632,0.09753806090768047,0.059044657079664206
313,19,representative,W8A8_pooled_p995,8,8,False,99.5,21,0.6109412886657847,0.14342346368528522,0.08115575080035801,0.705685618729097,0.0337,0.9075520833333333,1.0,0.04031443616440615,0.1951438893221632,0.05639000221752399,0.03107843453454425
313,19,representative,W4A8_pooled_p995,4,8,False,99.5,21,0.6192741413117877,0.14530303220851606,0.08135446034665199,0.6421404682274248,0.1482,0.7278645833333333,1.0,0.09776782974099414,0.1951438893221632,0.06196027839987367,0.03200804620420344
313,19,representative,W8A4_pooled_p995,8,4,False,99.5,21,0.6005139251751692,0.13766686496327177,0.08216954803047628,0.7536231884057971,0.1397,0.5989583333333333,1.0,0.20297368440840075,0.1951438893221632,0.0757456291094903,0.041877371589434574
313,19,representative,W4A4_pooled_p995,4,4,False,99.5,21,0.6157733291645189,0.14154975476185905,0.08214246806124824,0.7045707915273133,0.1695,0.5751633986928104,0.99609375,0.20528001046000913,0.1951438893221632,0.07267720513642667,0.037854546849202676
313,19,representative,W8A4_channel_p995,8,4,True,99.5,21,0.613623952606801,0.142533591818173,0.08188222722606683,0.745819397993311,0.145,0.6041666666666666,1.0,0.20273178331792346,0.1951438893221632,0.07806040302124848,0.03956138932606333
313,19,representative,W8A4_channel_minmax,8,4,True,100.0,21,0.6010608065186345,0.1355701073364629,0.08299469999720968,0.7469342251950948,0.1805,0.5247395833333333,1.0,0.28756700748320374,0.1951438893221632,0.07828643454567119,0.048954707706896694
313,19,balanced,W8A8_pooled_p995,8,8,False,99.5,128,0.6112895267354619,0.14341673196965987,0.08113438527812714,0.7045707915273133,0.0342,0.9088541666666666,1.0,0.03985959100449958,0.1951438893221632,0.05817457643157939,0.03084676111620449
313,19,balanced,W4A8_pooled_p995,4,8,False,99.5,128,0.6196059074207224,0.14565754819995716,0.08130455381616802,0.6354515050167224,0.1491,0.73046875,1.0,0.09695197215616466,0.1951438893221632,0.06115690048953912,0.031819657807994436
313,19,balanced,W8A4_pooled_p995,8,4,False,99.5,128,0.6062446366622247,0.1402919834255885,0.08223473558802499,0.7736900780379041,0.1595,0.5729166666666667,1.0,0.2430602782333393,0.1951438893221632,0.0749153690640191,0.0433375385385068
313,19,balanced,W4A4_pooled_p995,4,4,False,99.5,128,0.6081286248264168,0.1403149900685679,0.08247767145860525,0.7112597547380156,0.1697,0.5455729166666666,1.0,0.23998820308177443,0.1951438893221632,0.07287281544333454,0.043455381185277045
313,19,balanced,W8A4_channel_p995,8,4,True,99.5,128,0.6097419584683698,0.14082740626746512,0.08209710439916493,0.7157190635451505,0.1354,0.578125,1.0,0.22049380993667758,0.1951438893221632,0.08015030583142703,0.04122899229812435
313,19,balanced,W8A4_channel_minmax,8,4,True,100.0,128,0.5966868579838982,0.13311179722665517,0.08553284753236458,0.6900780379041248,0.2309,0.523056653491436,0.98828125,0.4207116811480621,0.1951438893221632,0.10379748903997524,0.0635789439517246
313,19,majority_only,W8A8_pooled_p995,8,8,False,99.5,0,0.611555466235481,0.14351746314352226,0.08113612651561662,0.7079152731326644,0.0327,0.9010416666666666,1.0,0.038545711141746035,0.1951438893221632,0.05792410703244687,0.03097911454101151
313,19,majority_only,W4A8_pooled_p995,4,8,False,99.5,0,0.6194830106727284,0.14535007807329342,0.08133275383966308,0.6410256410256411,0.1484,0.7239583333333333,1.0,0.09717236207113744,0.1951438893221632,0.06179686400606472,0.03210990989723432
313,19,majority_only,W8A4_pooled_p995,8,4,False,99.5,0,0.6065760966008854,0.13803046964739063,0.08219157984783144,0.7569676700111483,0.1499,0.6002604166666666,1.0,0.23359691673897537,0.1951438893221632,0.07951524778972308,0.04506339137940865
313,19,majority_only,W4A4_pooled_p995,4,4,False,99.5,0,0.6052854664277558,0.13857342546911686,0.08252937739437397,0.7012263099219621,0.1729,0.5651041666666666,1.0,0.22789547134957006,0.1951438893221632,0.07194491093801961,0.042411266859080476
313,19,majority_only,W8A4_channel_p995,8,4,True,99.5,0,0.6024760479932927,0.14098718323045437,0.08204018294662212,0.6989966555183946,0.1439,0.6015625,1.0,0.21848213350971007,0.1951438893221632,0.07657614188757651,0.044132364480302784
313,19,majority_only,W8A4_channel_minmax,8,4,True,100.0,0,0.5857382089847258,0.12691835760933093,0.08857329831998137,0.6789297658862876,0.2554,0.4784313725490197,0.99609375,0.50128095280223,0.1951438893221632,0.12205376738439364,0.07907250196286206
313,20,representative,W8A8_pooled_p995,8,8,False,99.5,24,0.6129580934948492,0.14468340245920652,0.08109176040247461,0.693422519509476,0.0252,0.9192708333333333,1.0,0.02970533282292906,0.1951438893221632,0.05717797924200477,0.031561486375411625
313,20,representative,W4A8_pooled_p995,4,8,False,99.5,24,0.621016250170996,0.14595424485002187,0.08134851000876711,0.6387959866220736,0.1451,0.7330729166666666,1.0,0.0947233838786851,0.1951438893221632,0.061479944660476335,0.03241044764359121
313,20,representative,W8A4_pooled_p995,8,4,False,99.5,24,0.6051495268260882,0.13962575303566505,0.08194092078425864,0.6254180602006689,0.1359,0.6015625,1.0,0.2040333031403188,0.1951438893221632,0.07802644080872008,0.040370468751082286
313,20,representative,W4A4_pooled_p995,4,4,False,99.5,24,0.6173952355741446,0.1484613850098432,0.08170209648786304,0.5942028985507246,0.1939,0.58203125,1.0,0.21008131361682714,0.1951438893221632,0.07243973709540147,0.04005394726114957
313,20,representative,W8A4_channel_p995,8,4,True,99.5,24,0.6039629945461277,0.1346008997332076,0.08230222856078229,0.7068004459308808,0.1444,0.5872395833333334,1.0,0.2215415455510839,0.1951438893221632,0.07275674122066178,0.04160987575469186
313,20,representative,W8A4_channel_minmax,8,4,True,100.0,24,0.5465874200023,0.10938244134748379,0.14030352163911794,0.8049052396878483,0.3677,0.4174603174603175,0.8203125,0.9585109974655271,0.1951438893221632,0.24127187009789752,0.12776285171325102
313,20,balanced,W8A8_pooled_p995,8,8,False,99.5,128,0.6128652626677644,0.14424040239210906,0.08109839452896934,0.7012263099219621,0.0274,0.9140625,1.0,0.030582222313344842,0.1951438893221632,0.058384172973613785,0.03138479309622971
313,20,balanced,W4A8_pooled_p995,4,8,False,99.5,128,0.6210134334044751,0.14606219090033676,0.08132547138764867,0.6477146042363434,0.1447,0.7356770833333333,1.0,0.09614924809945632,0.1951438893221632,0.06190597068366943,0.032351421505313054
313,20,balanced,W8A4_pooled_p995,8,4,False,99.5,128,0.6002872979383351,0.13817232964992027,0.08209114777224238,0.6387959866220736,0.1308,0.59765625,1.0,0.1923925654938794,0.1951438893221632,0.0703704580343946,0.038490161817179035
313,20,balanced,W4A4_pooled_p995,4,4,False,99.5,128,0.615389452874945,0.14400385279340328,0.08203994701668203,0.6031215161649944,0.1861,0.5546875,1.0,0.20282840564060506,0.1951438893221632,0.0711034710364131,0.03782436699411223
313,20,balanced,W8A4_channel_p995,8,4,True,99.5,128,0.6093640218821119,0.14205646295393443,0.08194578129929844,0.7513935340022296,0.1624,0.5598958333333334,1.0,0.2082341752515932,0.1951438893221632,0.06810440154936376,0.03989920890507176
313,20,balanced,W8A4_channel_minmax,8,4,True,100.0,128,0.5903168629646762,0.1276608122940872,0.08640237770822036,0.7302118171683389,0.2332,0.5380577427821523,0.9921875,0.4310091854261996,0.1951438893221632,0.10282168610610265,0.06881643961004252
313,20,majority_only,W8A8_pooled_p995,8,8,False,99.5,0,0.6112487448549616,0.14359754151175586,0.08114523269141188,0.7090301003344481,0.0335,0.9036458333333333,1.0,0.03960597930506984,0.1951438893221632,0.0581345627575355,0.031226415204211672
313,20,majority_only,W4A8_pooled_p995,4,8,False,99.5,0,0.6193858322277525,0.14566381104112294,0.08132822492059902,0.6410256410256411,0.1501,0.7265624999999999,1.0,0.09773424279286828,0.1951438893221632,0.06163787925453632,0.03201648852203048
313,20,majority_only,W8A4_pooled_p995,8,4,False,99.5,0,0.602729005873693,0.13511217577029078,0.08235612421744955,0.7558528428093646,0.1427,0.6002604166666666,1.0,0.22048487953956938,0.1951438893221632,0.07570754236504473,0.04518559117483649
313,20,majority_only,W4A4_pooled_p995,4,4,False,99.5,0,0.6095166171466866,0.13828550132931022,0.08247383060347438,0.6923076923076923,0.167,0.57421875,1.0,0.22168545166957987,0.1951438893221632,0.07579548621644236,0.040188921696922786
313,20,majority_only,W8A4_channel_p995,8,4,True,99.5,0,0.6041005262332202,0.13889397940915374,0.08179977631069316,0.6566332218506131,0.1336,0.6119791666666666,1.0,0.18694677864411408,0.1951438893221632,0.07393534061519787,0.03927565598323037
313,20,majority_only,W8A4_channel_minmax,8,4,True,100.0,0,0.5926811710547603,0.13220989584186796,0.08335493140935446,0.7090301003344481,0.1828,0.5208333333333333,1.0,0.3083098983206325,0.1951438893221632,0.08702451293543984,0.0467750175830332
313,21,representative,W8A8_pooled_p995,8,8,False,99.5,18,0.6107611380765476,0.14315065071736194,0.08116974562479812,0.693422519509476,0.0335,0.9179687499999999,1.0,0.04080525481499178,0.1951438893221632,0.05789730072353942,0.030813769414886297
313,21,representative,W4A8_pooled_p995,4,8,False,99.5,18,0.6191832699744568,0.14543880059351824,0.08133942571946048,0.633221850613155,0.1514,0.73046875,1.0,0.09850924450429234,0.1951438893221632,0.061569432422573026,0.03204287196671699
313,21,representative,W8A4_pooled_p995,8,4,False,99.5,18,0.6002994222811866,0.13674941486525277,0.082264793920045,0.7513935340022296,0.1361,0.6080729166666666,1.0,0.20299109593035541,0.1951438893221632,0.0763287468974034,0.045241191964485415
313,21,representative,W4A4_pooled_p995,4,4,False,99.5,18,0.618061584558535,0.14189242557504525,0.08213679047661722,0.705685618729097,0.1659,0.5598958333333334,1.0,0.21054547509058047,0.1951438893221632,0.07507486972760732,0.03896224914411277
313,21,representative,W8A4_channel_p995,8,4,True,99.5,18,0.607562026117304,0.14714379495521976,0.0816381491296198,0.7480490523968785,0.1503,0.5768229166666667,1.0,0.20079654488881188,0.1951438893221632,0.07825335561690115,0.04282669818414783
313,21,representative,W8A4_channel_minmax,8,4,True,100.0,18,0.5972285344327051,0.13799773506518176,0.0825091049759923,0.7101449275362319,0.17,0.5764705882352941,0.99609375,0.2700476307234187,0.1951438893221632,0.07180470422626728,0.04455969744637431
313,21,balanced,W8A8_pooled_p995,8,8,False,99.5,128,0.6113032431637382,0.1433995480041901,0.08114788990805279,0.6956521739130435,0.0294,0.9101562499999999,1.0,0.03694468474742363,0.1951438893221632,0.056755290474203315,0.03106183921814416
313,21,balanced,W4A8_pooled_p995,4,8,False,99.5,128,0.6193427234531697,0.14536277688862204,0.08134759091565398,0.6321070234113713,0.1522,0.7239583333333333,1.0,0.09599488390607777,0.1951438893221632,0.061692168195347424,0.032084539390427116
313,21,balanced,W8A4_pooled_p995,8,4,False,99.5,128,0.603414337415073,0.13628096173349258,0.08207329693292491,0.7302118171683389,0.1362,0.60546875,1.0,0.20654538659071375,0.1951438893221632,0.07747422719226583,0.04073424106064655
313,21,balanced,W4A4_pooled_p995,4,4,False,99.5,128,0.6129155970608143,0.14012904022423328,0.08214110184722027,0.6789297658862876,0.1718,0.5572916666666667,1.0,0.21797871718514147,0.1951438893221632,0.07429330959793656,0.03944702903091807
313,21,balanced,W8A4_channel_p995,8,4,True,99.5,128,0.603607653326093,0.13939714951362253,0.08230679246408792,0.7201783723522854,0.1406,0.5807291666666666,1.0,0.21338765271389187,0.1951438893221632,0.07724623272215728,0.040900461188470225
313,21,balanced,W8A4_channel_minmax,8,4,True,100.0,128,0.5991658574586324,0.13557827037483167,0.08407343482345696,0.7224080267558528,0.198,0.5260416666666666,1.0,0.35644231204674026,0.1951438893221632,0.07967326092004595,0.055307338697067845
313,21,majority_only,W8A8_pooled_p995,8,8,False,99.5,0,0.6118394697816676,0.143796529338164,0.08114069291906983,0.7068004459308808,0.0299,0.9205729166666665,1.0,0.035014624591183666,0.1951438893221632,0.05662564544188271,0.03115337998206428
313,21,majority_only,W4A8_pooled_p995,4,8,False,99.5,0,0.6202351485679007,0.14560533726545652,0.08133608541025517,0.6421404682274248,0.1461,0.7330729166666666,1.0,0.09627126931218495,0.1951438893221632,0.0626468445507693,0.032173623666178756
313,21,majority_only,W8A4_pooled_p995,8,4,False,99.5,0,0.6078026759526887,0.14011889295780033,0.08186973311762734,0.725752508361204,0.1321,0.6078431372549019,0.99609375,0.2195972413238055,0.1951438893221632,0.08133722568949714,0.044229898289507186
313,21,majority_only,W4A4_pooled_p995,4,4,False,99.5,0,0.6137125582841043,0.1434042428235344,0.08194526256816997,0.6755852842809364,0.17,0.5690104166666666,1.0,0.22569025892786881,0.1951438893221632,0.06903004174411487,0.04130631269125984
313,21,majority_only,W8A4_channel_p995,8,4,True,99.5,0,0.6033129950543703,0.13824856170802133,0.08237831613588012,0.7068004459308808,0.1325,0.58203125,1.0,0.22286954763520583,0.1951438893221632,0.07992118951044555,0.044585931572612196
313,21,majority_only,W8A4_channel_minmax,8,4,True,100.0,0,0.5815451458478841,0.12083885042927027,0.0885479008181836,0.6744704570791528,0.2501,0.49868766404199477,0.9921875,0.5095791890088136,0.1951438893221632,0.1109928380685559,0.0786823433645304
313,22,representative,W8A8_pooled_p995,8,8,False,99.5,27,0.6125312921328568,0.14393849180200918,0.08111460574649022,0.6923076923076923,0.0245,0.921875,1.0,0.03029380431100906,0.1951438893221632,0.05708272098545183,0.03151497675444696
313,22,representative,W4A8_pooled_p995,4,8,False,99.5,27,0.6209098253837446,0.1463387852440967,0.08133099239830398,0.6387959866220736,0.1471,0.7395833333333333,1.0,0.09489116134544934,0.1951438893221632,0.06127154512038872,0.032512569011434816
313,22,representative,W8A4_pooled_p995,8,4,False,99.5,27,0.6019866041932346,0.13784093397443548,0.08215348753006818,0.620958751393534,0.1372,0.6041666666666667,1.0,0.2034374631906457,0.1951438893221632,0.07351368615725783,0.04081979426557044
313,22,representative,W4A4_pooled_p995,4,4,False,99.5,27,0.6140161567278284,0.1452702172560603,0.08199977921681255,0.5841694537346711,0.192,0.578125,1.0,0.21046786202933376,0.1951438893221632,0.07112905712961004,0.039220662965763486
313,22,representative,W8A4_channel_p995,8,4,True,99.5,27,0.6039938565097493,0.13829813789007778,0.08222799879459818,0.7201783723522854,0.1396,0.5703125,1.0,0.22258804844938035,0.1951438893221632,0.07539687381840576,0.04400704685324755
313,22,representative,W8A4_channel_minmax,8,4,True,100.0,27,0.6013475655972874,0.13868648998891236,0.08341218708271682,0.7168338907469343,0.197,0.5215686274509804,0.99609375,0.3165297004657669,0.1951438893221632,0.08690770478681376,0.04720801875387336
313,22,balanced,W8A8_pooled_p995,8,8,False,99.5,128,0.6120834262560115,0.14352595839976462,0.08114147524004924,0.6989966555183946,0.0293,0.9153645833333333,1.0,0.03454720056642111,0.1951438893221632,0.056458128287991835,0.031131646119070433
313,22,balanced,W4A8_pooled_p995,4,8,False,99.5,128,0.619967861918676,0.14536592988850952,0.08134378844357544,0.6387959866220736,0.1466,0.7304687499999999,1.0,0.09601388457906458,0.1951438893221632,0.06221835770702338,0.03183506619736157
313,22,balanced,W8A4_pooled_p995,8,4,False,99.5,128,0.6089227692831856,0.1391655128232589,0.08187039357779428,0.7246376811594203,0.1235,0.5872395833333334,1.0,0.1929983200779043,0.1951438893221632,0.07557084805584148,0.03804592599593578
313,22,balanced,W4A4_pooled_p995,4,4,False,99.5,128,0.6171765687644352,0.14477073744119892,0.08180742614669685,0.6666666666666666,0.1713,0.5751633986928105,0.99609375,0.2104267239050332,0.1951438893221632,0.06650750263196904,0.040980475704018755
313,22,balanced,W8A4_channel_p995,8,4,True,99.5,128,0.6065963038389711,0.1418279568259111,0.08214730380402144,0.7402452619843924,0.1363,0.5872395833333333,1.0,0.21087515733915985,0.1951438893221632,0.0769235556465912,0.0396105999119367
313,22,balanced,W8A4_channel_minmax,8,4,True,100.0,128,0.6069177826266985,0.1417404603052253,0.08368931166147989,0.7201783723522854,0.2046,0.5234375,1.0,0.3837914285322961,0.1951438893221632,0.09390607190626982,0.060735391161143515
313,22,majority_only,W8A8_pooled_p995,8,8,False,99.5,0,0.6127086871896275,0.14421880221166455,0.0811182178882232,0.6956521739130435,0.026,0.9166666666666666,1.0,0.032194281306455894,0.1951438893221632,0.056908601202515015,0.030977769971484423
313,22,majority_only,W4A8_pooled_p995,4,8,False,99.5,0,0.6204170749447271,0.1457460325734962,0.08136279891203245,0.6387959866220736,0.1458,0.7291666666666665,1.0,0.09683823161188475,0.1951438893221632,0.06138830446787422,0.03250864957707364
313,22,majority_only,W8A4_pooled_p995,8,4,False,99.5,0,0.6054992957471357,0.1395397410000837,0.08190141492087565,0.6644370122630993,0.1235,0.6263020833333334,1.0,0.17970199117375651,0.1951438893221632,0.07249834737128667,0.03932644885536155
313,22,majority_only,W4A4_pooled_p995,4,4,False,99.5,0,0.6137666279544972,0.14116970281473434,0.08213353187847142,0.6254180602006689,0.1794,0.5546875,1.0,0.19618926009086046,0.1951438893221632,0.07269781345320778,0.0392736932838961
313,22,majority_only,W8A4_channel_p995,8,4,True,99.5,0,0.6035047801140203,0.1355974442370314,0.08218661674836385,0.7513935340022296,0.1547,0.6015625,1.0,0.2162883774276055,0.1951438893221632,0.07209480640884634,0.041526553523844795
313,22,majority_only,W8A4_channel_minmax,8,4,True,100.0,0,0.6029240363382476,0.13769842560635479,0.08298935083688154,0.7235228539576366,0.1752,0.54296875,1.0,0.29497425917155906,0.1951438893221632,0.0831676355125436,0.0463512321365298
313,23,representative,W8A8_pooled_p995,8,8,False,99.5,23,0.6122777219119084,0.14341074077953783,0.08115140472324546,0.7068004459308808,0.0289,0.92578125,1.0,0.03458261046547249,0.1951438893221632,0.05696711527604851,0.031223452506009657
313,23,representative,W4A8_pooled_p995,4,8,False,99.5,23,0.6198777253900027,0.14533605327151106,0.08134943126763117,0.6443701226309922,0.1459,0.7356770833333333,1.0,0.09593616122169893,0.1951438893221632,0.06261270875539265,0.03205965469678584
313,23,representative,W8A4_pooled_p995,8,4,False,99.5,23,0.6107401960298043,0.14063209201225535,0.08175934626070941,0.7246376811594203,0.1286,0.5777777777777777,0.99609375,0.1999309078189654,0.1951438893221632,0.0775104441860974,0.03833686429542025
313,23,representative,W4A4_pooled_p995,4,4,False,99.5,23,0.6154839982555642,0.14311938000235,0.08188923348103738,0.6577480490523969,0.1713,0.54296875,1.0,0.2121849333750675,0.1951438893221632,0.072542137918051,0.04159121460816999
313,23,representative,W8A4_channel_p995,8,4,True,99.5,23,0.6062346555112914,0.14249192587857343,0.08200487556505773,0.7513935340022296,0.1475,0.5885416666666666,1.0,0.21451599463520174,0.1951438893221632,0.07103021307180932,0.04335113067951984
313,23,representative,W8A4_channel_minmax,8,4,True,100.0,23,0.5924994896141531,0.13458326762219452,0.08410917644650996,0.7302118171683389,0.2062,0.5403645833333333,1.0,0.3602463315364453,0.1951438893221632,0.09006842205127974,0.061097698798813146
313,23,balanced,W8A8_pooled_p995,8,8,False,99.5,128,0.6125364357934604,0.14399088225888504,0.08112587520085847,0.6978818283166109,0.027,0.921875,1.0,0.032232837487300506,0.1951438893221632,0.05758869621911329,0.03139977578391008
313,23,balanced,W4A8_pooled_p995,4,8,False,99.5,128,0.620559505356204,0.14581395079830084,0.08134185888382495,0.6387959866220736,0.1459,0.7356770833333333,1.0,0.09521870824340598,0.1951438893221632,0.062360850815917156,0.03217259063343608
313,23,balanced,W8A4_pooled_p995,8,4,False,99.5,128,0.602627418576771,0.13659147006924227,0.08218386452590705,0.6655518394648829,0.1372,0.59375,1.0,0.22067993992615226,0.1951438893221632,0.08202139180059721,0.04433492243163706
313,23,balanced,W4A4_pooled_p995,4,4,False,99.5,128,0.6129785456691541,0.14259536892571273,0.08202601896235216,0.6231884057971014,0.1805,0.578125,1.0,0.22188277858647693,0.1951438893221632,0.07822019147618911,0.04209372109394187
313,23,balanced,W8A4_channel_p995,8,4,True,99.5,128,0.5994548209632583,0.14113731496479331,0.0824169461758067,0.7090301003344481,0.1467,0.5755208333333334,1.0,0.23932553695372302,0.1951438893221632,0.07444905470300765,0.04513882326879098
313,23,balanced,W8A4_channel_minmax,8,4,True,100.0,128,0.582128645156123,0.12263922965636118,0.09003445412943961,0.6677814938684504,0.2674,0.5170603674540681,0.9921875,0.5159075170189253,0.1951438893221632,0.12865076637754658,0.0808291580958509
313,23,majority_only,W8A8_pooled_p995,8,8,False,99.5,0,0.6128501990902824,0.14419495282241912,0.08111249807352892,0.7001114827201784,0.0263,0.9179687499999999,1.0,0.03093687508746315,0.1951438893221632,0.056738618842788156,0.031119678945160552
313,23,majority_only,W4A8_pooled_p995,4,8,False,99.5,0,0.6204691238913116,0.14573126219186872,0.08136732624561041,0.6421404682274248,0.1459,0.7265625,1.0,0.09535807009269126,0.1951438893221632,0.06148676748380231,0.03257640632641216
313,23,majority_only,W8A4_pooled_p995,8,4,False,99.5,0,0.6051327486950717,0.14290607199520614,0.0816918897662023,0.6220735785953178,0.1274,0.6067708333333333,1.0,0.1959089684434997,0.1951438893221632,0.07295346777532971,0.03954306047389861
313,23,majority_only,W4A4_pooled_p995,4,4,False,99.5,0,0.617668584394795,0.1439233306001109,0.0820642850199636,0.6042363433667781,0.1825,0.5638020833333334,1.0,0.20754627322105873,0.1951438893221632,0.06968688766883374,0.03969823386205717
313,23,majority_only,W8A4_channel_p995,8,4,True,99.5,0,0.6034160519686076,0.13496008516315652,0.08205591970138722,0.7112597547380156,0.1365,0.5816993464052287,0.99609375,0.21245721589753444,0.1951438893221632,0.07088145141661865,0.03822907638621109
313,23,majority_only,W8A4_channel_minmax,8,4,True,100.0,0,0.6066686824917509,0.13672884086457376,0.08429323092937312,0.7235228539576366,0.2113,0.5202614379084968,0.99609375,0.39627298225700514,0.1951438893221632,0.09904704508899644,0.06189494654821081
