seed,size,draw,method,layer,boundary_has_member_activation,boundary_matches_nonmember
311,64,0,minmax,0,True,False
311,64,0,minmax,1,True,False
311,64,0,minmax,2,True,False
311,64,0,p99_5,0,False,False
311,64,0,p99_5,1,False,False
311,64,0,p99_5,2,False,False
311,64,1,minmax,0,True,False
311,64,1,minmax,1,True,False
311,64,1,minmax,2,True,False
311,64,1,p99_5,0,False,False
311,64,1,p99_5,1,False,False
311,64,1,p99_5,2,False,False
311,64,2,minmax,0,True,False
311,64,2,minmax,1,True,False
311,64,2,minmax,2,True,False
311,64,2,p99_5,0,False,False
311,64,2,p99_5,1,False,False
311,64,2,p99_5,2,False,False
311,64,3,minmax,0,True,False
311,64,3,minmax,1,True,False
311,64,3,minmax,2,True,False
311,64,3,p99_5,0,False,False
311,64,3,p99_5,1,False,False
311,64,3,p99_5,2,False,False
311,64,4,minmax,0,True,False
311,64,4,minmax,1,True,False
311,64,4,minmax,2,True,False
311,64,4,p99_5,0,False,False
311,64,4,p99_5,1,False,False
311,64,4,p99_5,2,False,False
311,64,5,minmax,0,True,False
311,64,5,minmax,1,True,False
311,64,5,minmax,2,True,False
311,64,5,p99_5,0,False,False
311,64,5,p99_5,1,False,False
311,64,5,p99_5,2,False,False
311,64,6,minmax,0,True,False
311,64,6,minmax,1,True,False
311,64,6,minmax,2,True,False
311,64,6,p99_5,0,False,False
311,64,6,p99_5,1,False,False
311,64,6,p99_5,2,False,False
311,64,7,minmax,0,True,False
311,64,7,minmax,1,True,False
311,64,7,minmax,2,True,False
311,64,7,p99_5,0,False,False
311,64,7,p99_5,1,False,False
311,64,7,p99_5,2,False,False
311,64,8,minmax,0,True,False
311,64,8,minmax,1,True,False
311,64,8,minmax,2,True,False
311,64,8,p99_5,0,False,False
311,64,8,p99_5,1,False,False
311,64,8,p99_5,2,False,False
311,64,9,minmax,0,True,False
311,64,9,minmax,1,True,False
311,64,9,minmax,2,True,False
311,64,9,p99_5,0,False,False
311,64,9,p99_5,1,False,False
311,64,9,p99_5,2,False,False
311,64,10,minmax,0,True,False
311,64,10,minmax,1,True,False
311,64,10,minmax,2,True,False
311,64,10,p99_5,0,False,False
311,64,10,p99_5,1,False,False
311,64,10,p99_5,2,False,False
311,64,11,minmax,0,True,False
311,64,11,minmax,1,True,False
311,64,11,minmax,2,True,False
311,64,11,p99_5,0,False,False
311,64,11,p99_5,1,False,False
311,64,11,p99_5,2,False,False
311,64,12,minmax,0,True,False
311,64,12,minmax,1,True,False
311,64,12,minmax,2,True,False
311,64,12,p99_5,0,False,False
311,64,12,p99_5,1,False,False
311,64,12,p99_5,2,False,False
311,64,13,minmax,0,True,False
311,64,13,minmax,1,True,False
311,64,13,minmax,2,True,False
311,64,13,p99_5,0,True,True
311,64,13,p99_5,1,False,False
311,64,13,p99_5,2,False,False
311,64,14,minmax,0,True,False
311,64,14,minmax,1,True,False
311,64,14,minmax,2,True,False
311,64,14,p99_5,0,True,True
311,64,14,p99_5,1,False,False
311,64,14,p99_5,2,False,False
311,64,15,minmax,0,True,False
311,64,15,minmax,1,True,False
311,64,15,minmax,2,True,False
311,64,15,p99_5,0,False,False
311,64,15,p99_5,1,False,False
311,64,15,p99_5,2,False,False
311,64,16,minmax,0,True,True
311,64,16,minmax,1,True,False
311,64,16,minmax,2,True,False
311,64,16,p99_5,0,True,True
311,64,16,p99_5,1,False,False
311,64,16,p99_5,2,False,False
311,64,17,minmax,0,True,False
311,64,17,minmax,1,True,False
311,64,17,minmax,2,True,False
311,64,17,p99_5,0,False,False
311,64,17,p99_5,1,False,False
311,64,17,p99_5,2,False,False
311,64,18,minmax,0,True,False
311,64,18,minmax,1,True,False
311,64,18,minmax,2,True,False
311,64,18,p99_5,0,True,True
311,64,18,p99_5,1,False,False
311,64,18,p99_5,2,False,False
311,64,19,minmax,0,True,False
311,64,19,minmax,1,True,False
311,64,19,minmax,2,True,False
311,64,19,p99_5,0,False,False
311,64,19,p99_5,1,False,False
311,64,19,p99_5,2,False,False
311,64,20,minmax,0,True,False
311,64,20,minmax,1,True,False
311,64,20,minmax,2,True,False
311,64,20,p99_5,0,True,False
311,64,20,p99_5,1,False,False
311,64,20,p99_5,2,False,False
311,64,21,minmax,0,True,False
311,64,21,minmax,1,True,False
311,64,21,minmax,2,True,False
311,64,21,p99_5,0,False,False
311,64,21,p99_5,1,False,False
311,64,21,p99_5,2,False,False
311,64,22,minmax,0,True,True
311,64,22,minmax,1,True,False
311,64,22,minmax,2,True,False
311,64,22,p99_5,0,False,False
311,64,22,p99_5,1,False,False
311,64,22,p99_5,2,False,False
311,64,23,minmax,0,True,False
311,64,23,minmax,1,True,False
311,64,23,minmax,2,True,False
311,64,23,p99_5,0,False,False
311,64,23,p99_5,1,False,False
311,64,23,p99_5,2,False,False
311,64,24,minmax,0,True,False
311,64,24,minmax,1,True,False
311,64,24,minmax,2,True,False
311,64,24,p99_5,0,False,False
311,64,24,p99_5,1,False,False
311,64,24,p99_5,2,False,False
311,64,25,minmax,0,True,False
311,64,25,minmax,1,True,False
311,64,25,minmax,2,True,False
311,64,25,p99_5,0,True,True
311,64,25,p99_5,1,False,False
311,64,25,p99_5,2,False,False
311,64,26,minmax,0,True,True
311,64,26,minmax,1,True,False
311,64,26,minmax,2,True,False
311,64,26,p99_5,0,False,False
311,64,26,p99_5,1,False,False
311,64,26,p99_5,2,False,False
311,64,27,minmax,0,True,False
311,64,27,minmax,1,True,False
311,64,27,minmax,2,True,False
311,64,27,p99_5,0,False,False
311,64,27,p99_5,1,False,False
311,64,27,p99_5,2,False,False
311,64,28,minmax,0,True,False
311,64,28,minmax,1,True,False
311,64,28,minmax,2,True,False
311,64,28,p99_5,0,True,True
311,64,28,p99_5,1,False,False
311,64,28,p99_5,2,False,False
311,64,29,minmax,0,True,False
311,64,29,minmax,1,True,False
311,64,29,minmax,2,True,False
311,64,29,p99_5,0,True,True
311,64,29,p99_5,1,False,False
311,64,29,p99_5,2,False,False
311,64,30,minmax,0,True,False
311,64,30,minmax,1,True,False
311,64,30,minmax,2,True,False
311,64,30,p99_5,0,False,False
311,64,30,p99_5,1,False,False
311,64,30,p99_5,2,False,False
311,64,31,minmax,0,True,False
311,64,31,minmax,1,True,False
311,64,31,minmax,2,True,False
311,64,31,p99_5,0,True,True
311,64,31,p99_5,1,False,False
311,64,31,p99_5,2,False,False
311,64,32,minmax,0,True,False
311,64,32,minmax,1,True,False
311,64,32,minmax,2,True,False
311,64,32,p99_5,0,False,False
311,64,32,p99_5,1,False,False
311,64,32,p99_5,2,False,False
311,64,33,minmax,0,True,False
311,64,33,minmax,1,True,False
311,64,33,minmax,2,True,False
311,64,33,p99_5,0,True,True
311,64,33,p99_5,1,False,False
311,64,33,p99_5,2,False,False
311,64,34,minmax,0,True,False
311,64,34,minmax,1,True,False
311,64,34,minmax,2,True,False
311,64,34,p99_5,0,False,False
311,64,34,p99_5,1,False,False
311,64,34,p99_5,2,False,False
311,64,35,minmax,0,True,False
311,64,35,minmax,1,True,False
311,64,35,minmax,2,True,False
311,64,35,p99_5,0,True,True
311,64,35,p99_5,1,False,False
311,64,35,p99_5,2,False,False
311,64,36,minmax,0,True,False
311,64,36,minmax,1,True,False
311,64,36,minmax,2,True,False
311,64,36,p99_5,0,True,True
311,64,36,p99_5,1,False,False
311,64,36,p99_5,2,False,False
311,64,37,minmax,0,True,False
311,64,37,minmax,1,True,False
311,64,37,minmax,2,True,False
311,64,37,p99_5,0,True,True
311,64,37,p99_5,1,False,False
311,64,37,p99_5,2,False,False
311,64,38,minmax,0,True,False
311,64,38,minmax,1,True,False
311,64,38,minmax,2,True,False
311,64,38,p99_5,0,False,False
311,64,38,p99_5,1,False,False
311,64,38,p99_5,2,False,False
311,64,39,minmax,0,True,False
311,64,39,minmax,1,True,False
311,64,39,minmax,2,True,False
311,64,39,p99_5,0,False,False
311,64,39,p99_5,1,False,False
311,64,39,p99_5,2,False,False
311,64,40,minmax,0,True,True
311,64,40,minmax,1,True,False
311,64,40,minmax,2,True,False
311,64,40,p99_5,0,False,False
311,64,40,p99_5,1,False,False
311,64,40,p99_5,2,False,False
311,64,41,minmax,0,True,False
311,64,41,minmax,1,True,False
311,64,41,minmax,2,True,False
311,64,41,p99_5,0,False,False
311,64,41,p99_5,1,False,False
311,64,41,p99_5,2,False,False
311,64,42,minmax,0,True,False
311,64,42,minmax,1,True,False
311,64,42,minmax,2,True,False
311,64,42,p99_5,0,False,False
311,64,42,p99_5,1,False,False
311,64,42,p99_5,2,False,False
311,64,43,minmax,0,True,False
311,64,43,minmax,1,True,False
311,64,43,minmax,2,True,False
311,64,43,p99_5,0,False,False
311,64,43,p99_5,1,False,False
311,64,43,p99_5,2,False,False
311,64,44,minmax,0,True,True
311,64,44,minmax,1,True,False
311,64,44,minmax,2,True,False
311,64,44,p99_5,0,False,False
311,64,44,p99_5,1,False,False
311,64,44,p99_5,2,False,False
311,64,45,minmax,0,True,False
311,64,45,minmax,1,True,False
311,64,45,minmax,2,True,False
311,64,45,p99_5,0,True,True
311,64,45,p99_5,1,False,False
311,64,45,p99_5,2,False,False
311,64,46,minmax,0,True,False
311,64,46,minmax,1,True,False
311,64,46,minmax,2,True,False
311,64,46,p99_5,0,False,False
311,64,46,p99_5,1,False,False
311,64,46,p99_5,2,False,False
311,64,47,minmax,0,True,False
311,64,47,minmax,1,True,False
311,64,47,minmax,2,True,False
311,64,47,p99_5,0,False,False
311,64,47,p99_5,1,False,False
311,64,47,p99_5,2,False,False
311,64,48,minmax,0,True,False
311,64,48,minmax,1,True,False
311,64,48,minmax,2,True,False
311,64,48,p99_5,0,False,False
311,64,48,p99_5,1,False,False
311,64,48,p99_5,2,False,False
311,64,49,minmax,0,True,False
311,64,49,minmax,1,True,False
311,64,49,minmax,2,True,False
311,64,49,p99_5,0,True,True
311,64,49,p99_5,1,False,False
311,64,49,p99_5,2,False,False
311,64,50,minmax,0,True,False
311,64,50,minmax,1,True,False
311,64,50,minmax,2,True,False
311,64,50,p99_5,0,True,True
311,64,50,p99_5,1,False,False
311,64,50,p99_5,2,False,False
311,64,51,minmax,0,True,False
311,64,51,minmax,1,True,False
311,64,51,minmax,2,True,False
311,64,51,p99_5,0,True,True
311,64,51,p99_5,1,False,False
311,64,51,p99_5,2,False,False
311,64,52,minmax,0,True,False
311,64,52,minmax,1,True,False
311,64,52,minmax,2,True,False
311,64,52,p99_5,0,True,True
311,64,52,p99_5,1,False,False
311,64,52,p99_5,2,False,False
311,64,53,minmax,0,True,False
311,64,53,minmax,1,True,False
311,64,53,minmax,2,True,False
311,64,53,p99_5,0,True,False
311,64,53,p99_5,1,False,False
311,64,53,p99_5,2,False,False
311,64,54,minmax,0,True,False
311,64,54,minmax,1,True,False
311,64,54,minmax,2,True,False
311,64,54,p99_5,0,False,False
311,64,54,p99_5,1,False,False
311,64,54,p99_5,2,False,False
311,64,55,minmax,0,True,True
311,64,55,minmax,1,True,False
311,64,55,minmax,2,True,False
311,64,55,p99_5,0,True,True
311,64,55,p99_5,1,False,False
311,64,55,p99_5,2,False,False
311,64,56,minmax,0,True,False
311,64,56,minmax,1,True,False
311,64,56,minmax,2,True,False
311,64,56,p99_5,0,True,False
311,64,56,p99_5,1,False,False
311,64,56,p99_5,2,False,False
311,64,57,minmax,0,True,False
311,64,57,minmax,1,True,False
311,64,57,minmax,2,True,False
311,64,57,p99_5,0,True,True
311,64,57,p99_5,1,False,False
311,64,57,p99_5,2,False,False
311,64,58,minmax,0,True,False
311,64,58,minmax,1,True,False
311,64,58,minmax,2,True,False
311,64,58,p99_5,0,False,False
311,64,58,p99_5,1,False,False
311,64,58,p99_5,2,False,False
311,64,59,minmax,0,True,True
311,64,59,minmax,1,True,False
311,64,59,minmax,2,True,False
311,64,59,p99_5,0,False,False
311,64,59,p99_5,1,False,False
311,64,59,p99_5,2,False,False
311,64,60,minmax,0,True,False
311,64,60,minmax,1,True,False
311,64,60,minmax,2,True,False
311,64,60,p99_5,0,False,False
311,64,60,p99_5,1,False,False
311,64,60,p99_5,2,False,False
311,64,61,minmax,0,True,False
311,64,61,minmax,1,True,False
311,64,61,minmax,2,True,False
311,64,61,p99_5,0,False,False
311,64,61,p99_5,1,False,False
311,64,61,p99_5,2,False,False
311,64,62,minmax,0,True,False
311,64,62,minmax,1,True,False
311,64,62,minmax,2,True,False
311,64,62,p99_5,0,False,False
311,64,62,p99_5,1,False,False
311,64,62,p99_5,2,False,False
311,64,63,minmax,0,True,True
311,64,63,minmax,1,True,False
311,64,63,minmax,2,True,False
311,64,63,p99_5,0,True,True
311,64,63,p99_5,1,False,False
311,64,63,p99_5,2,False,False
311,64,64,minmax,0,True,False
311,64,64,minmax,1,True,False
311,64,64,minmax,2,True,False
311,64,64,p99_5,0,False,False
311,64,64,p99_5,1,False,False
311,64,64,p99_5,2,False,False
311,64,65,minmax,0,True,False
311,64,65,minmax,1,True,False
311,64,65,minmax,2,True,False
311,64,65,p99_5,0,True,True
311,64,65,p99_5,1,False,False
311,64,65,p99_5,2,False,False
311,64,66,minmax,0,True,False
311,64,66,minmax,1,True,False
311,64,66,minmax,2,True,False
311,64,66,p99_5,0,False,False
311,64,66,p99_5,1,False,False
311,64,66,p99_5,2,False,False
311,64,67,minmax,0,True,False
311,64,67,minmax,1,True,False
311,64,67,minmax,2,True,False
311,64,67,p99_5,0,False,False
311,64,67,p99_5,1,False,False
311,64,67,p99_5,2,False,False
311,64,68,minmax,0,True,False
311,64,68,minmax,1,True,False
311,64,68,minmax,2,True,False
311,64,68,p99_5,0,False,False
311,64,68,p99_5,1,False,False
311,64,68,p99_5,2,False,False
311,64,69,minmax,0,True,False
311,64,69,minmax,1,True,False
311,64,69,minmax,2,True,False
311,64,69,p99_5,0,False,False
311,64,69,p99_5,1,False,False
311,64,69,p99_5,2,False,False
311,64,70,minmax,0,True,False
311,64,70,minmax,1,True,False
311,64,70,minmax,2,True,False
311,64,70,p99_5,0,False,False
311,64,70,p99_5,1,False,False
311,64,70,p99_5,2,False,False
311,64,71,minmax,0,True,False
311,64,71,minmax,1,True,False
311,64,71,minmax,2,True,False
311,64,71,p99_5,0,False,False
311,64,71,p99_5,1,False,False
311,64,71,p99_5,2,False,False
311,64,72,minmax,0,True,True
311,64,72,minmax,1,True,False
311,64,72,minmax,2,True,False
311,64,72,p99_5,0,False,False
311,64,72,p99_5,1,False,False
311,64,72,p99_5,2,False,False
311,64,73,minmax,0,True,True
311,64,73,minmax,1,True,False
311,64,73,minmax,2,True,False
311,64,73,p99_5,0,True,True
311,64,73,p99_5,1,False,False
311,64,73,p99_5,2,False,False
311,64,74,minmax,0,True,True
311,64,74,minmax,1,True,False
311,64,74,minmax,2,True,False
311,64,74,p99_5,0,False,False
311,64,74,p99_5,1,False,False
311,64,74,p99_5,2,False,False
311,64,75,minmax,0,True,False
311,64,75,minmax,1,True,False
311,64,75,minmax,2,True,False
311,64,75,p99_5,0,False,False
311,64,75,p99_5,1,False,False
311,64,75,p99_5,2,False,False
311,64,76,minmax,0,True,False
311,64,76,minmax,1,True,False
311,64,76,minmax,2,True,False
311,64,76,p99_5,0,False,False
311,64,76,p99_5,1,False,False
311,64,76,p99_5,2,False,False
311,64,77,minmax,0,True,True
311,64,77,minmax,1,True,False
311,64,77,minmax,2,True,False
311,64,77,p99_5,0,True,True
311,64,77,p99_5,1,False,False
311,64,77,p99_5,2,False,False
311,64,78,minmax,0,True,False
311,64,78,minmax,1,True,False
311,64,78,minmax,2,True,False
311,64,78,p99_5,0,True,True
311,64,78,p99_5,1,False,False
311,64,78,p99_5,2,False,False
311,64,79,minmax,0,True,False
311,64,79,minmax,1,True,False
311,64,79,minmax,2,True,False
311,64,79,p99_5,0,True,False
311,64,79,p99_5,1,False,False
311,64,79,p99_5,2,False,False
311,64,80,minmax,0,True,False
311,64,80,minmax,1,True,False
311,64,80,minmax,2,True,False
311,64,80,p99_5,0,True,True
311,64,80,p99_5,1,False,False
311,64,80,p99_5,2,False,False
311,64,81,minmax,0,True,False
311,64,81,minmax,1,True,False
311,64,81,minmax,2,True,False
311,64,81,p99_5,0,False,False
311,64,81,p99_5,1,False,False
311,64,81,p99_5,2,False,False
311,64,82,minmax,0,True,False
311,64,82,minmax,1,True,False
311,64,82,minmax,2,True,False
311,64,82,p99_5,0,False,False
311,64,82,p99_5,1,False,False
311,64,82,p99_5,2,False,False
311,64,83,minmax,0,True,False
311,64,83,minmax,1,True,False
311,64,83,minmax,2,True,False
311,64,83,p99_5,0,False,False
311,64,83,p99_5,1,False,False
311,64,83,p99_5,2,False,False
311,64,84,minmax,0,True,True
311,64,84,minmax,1,True,False
311,64,84,minmax,2,True,False
311,64,84,p99_5,0,True,True
311,64,84,p99_5,1,False,False
311,64,84,p99_5,2,False,False
311,64,85,minmax,0,True,True
311,64,85,minmax,1,True,False
311,64,85,minmax,2,True,False
311,64,85,p99_5,0,False,False
311,64,85,p99_5,1,False,False
311,64,85,p99_5,2,False,False
311,64,86,minmax,0,True,False
311,64,86,minmax,1,True,False
311,64,86,minmax,2,True,False
311,64,86,p99_5,0,False,False
311,64,86,p99_5,1,False,False
311,64,86,p99_5,2,False,False
311,64,87,minmax,0,True,False
311,64,87,minmax,1,True,False
311,64,87,minmax,2,True,False
311,64,87,p99_5,0,False,False
311,64,87,p99_5,1,False,False
311,64,87,p99_5,2,False,False
311,64,88,minmax,0,True,False
311,64,88,minmax,1,True,False
311,64,88,minmax,2,True,False
311,64,88,p99_5,0,True,True
311,64,88,p99_5,1,False,False
311,64,88,p99_5,2,False,False
311,64,89,minmax,0,True,False
311,64,89,minmax,1,True,False
311,64,89,minmax,2,True,False
311,64,89,p99_5,0,False,False
311,64,89,p99_5,1,False,False
311,64,89,p99_5,2,False,False
311,64,90,minmax,0,True,False
311,64,90,minmax,1,True,False
311,64,90,minmax,2,True,False
311,64,90,p99_5,0,False,False
311,64,90,p99_5,1,False,False
311,64,90,p99_5,2,False,False
311,64,91,minmax,0,True,False
311,64,91,minmax,1,True,False
311,64,91,minmax,2,True,False
311,64,91,p99_5,0,True,False
311,64,91,p99_5,1,False,False
311,64,91,p99_5,2,False,False
311,64,92,minmax,0,True,False
311,64,92,minmax,1,True,False
311,64,92,minmax,2,True,False
311,64,92,p99_5,0,True,True
311,64,92,p99_5,1,False,False
311,64,92,p99_5,2,False,False
311,64,93,minmax,0,True,True
311,64,93,minmax,1,True,False
311,64,93,minmax,2,True,False
311,64,93,p99_5,0,False,False
311,64,93,p99_5,1,False,False
311,64,93,p99_5,2,False,False
311,64,94,minmax,0,True,False
311,64,94,minmax,1,True,False
311,64,94,minmax,2,True,False
311,64,94,p99_5,0,True,True
311,64,94,p99_5,1,False,False
311,64,94,p99_5,2,False,False
311,64,95,minmax,0,True,False
311,64,95,minmax,1,True,False
311,64,95,minmax,2,True,False
311,64,95,p99_5,0,True,True
311,64,95,p99_5,1,False,False
311,64,95,p99_5,2,False,False
311,64,96,minmax,0,True,False
311,64,96,minmax,1,True,False
311,64,96,minmax,2,True,False
311,64,96,p99_5,0,True,True
311,64,96,p99_5,1,False,False
311,64,96,p99_5,2,False,False
311,64,97,minmax,0,True,False
311,64,97,minmax,1,True,False
311,64,97,minmax,2,True,False
311,64,97,p99_5,0,False,False
311,64,97,p99_5,1,False,False
311,64,97,p99_5,2,False,False
311,64,98,minmax,0,True,False
311,64,98,minmax,1,True,False
311,64,98,minmax,2,True,False
311,64,98,p99_5,0,False,False
311,64,98,p99_5,1,False,False
311,64,98,p99_5,2,False,False
311,64,99,minmax,0,True,False
311,64,99,minmax,1,True,False
311,64,99,minmax,2,True,False
311,64,99,p99_5,0,True,True
311,64,99,p99_5,1,False,False
311,64,99,p99_5,2,False,False
311,64,100,minmax,0,True,False
311,64,100,minmax,1,True,False
311,64,100,minmax,2,True,False
311,64,100,p99_5,0,True,True
311,64,100,p99_5,1,False,False
311,64,100,p99_5,2,False,False
311,64,101,minmax,0,True,False
311,64,101,minmax,1,True,False
311,64,101,minmax,2,True,False
311,64,101,p99_5,0,True,True
311,64,101,p99_5,1,False,False
311,64,101,p99_5,2,False,False
311,64,102,minmax,0,True,True
311,64,102,minmax,1,True,False
311,64,102,minmax,2,True,False
311,64,102,p99_5,0,False,False
311,64,102,p99_5,1,False,False
311,64,102,p99_5,2,False,False
311,64,103,minmax,0,True,False
311,64,103,minmax,1,True,False
311,64,103,minmax,2,True,False
311,64,103,p99_5,0,True,True
311,64,103,p99_5,1,False,False
311,64,103,p99_5,2,False,False
311,64,104,minmax,0,True,False
311,64,104,minmax,1,True,False
311,64,104,minmax,2,True,False
311,64,104,p99_5,0,False,False
311,64,104,p99_5,1,False,False
311,64,104,p99_5,2,False,False
311,64,105,minmax,0,True,False
311,64,105,minmax,1,True,False
311,64,105,minmax,2,True,False
311,64,105,p99_5,0,False,False
311,64,105,p99_5,1,False,False
311,64,105,p99_5,2,False,False
311,64,106,minmax,0,True,False
311,64,106,minmax,1,True,False
311,64,106,minmax,2,True,False
311,64,106,p99_5,0,True,False
311,64,106,p99_5,1,False,False
311,64,106,p99_5,2,False,False
311,64,107,minmax,0,True,False
311,64,107,minmax,1,True,False
311,64,107,minmax,2,True,False
311,64,107,p99_5,0,False,False
311,64,107,p99_5,1,False,False
311,64,107,p99_5,2,False,False
311,64,108,minmax,0,True,False
311,64,108,minmax,1,True,False
311,64,108,minmax,2,True,False
311,64,108,p99_5,0,False,False
311,64,108,p99_5,1,False,False
311,64,108,p99_5,2,False,False
311,64,109,minmax,0,True,False
311,64,109,minmax,1,True,False
311,64,109,minmax,2,True,False
311,64,109,p99_5,0,True,True
311,64,109,p99_5,1,False,False
311,64,109,p99_5,2,False,False
311,64,110,minmax,0,True,False
311,64,110,minmax,1,True,False
311,64,110,minmax,2,True,False
311,64,110,p99_5,0,False,False
311,64,110,p99_5,1,False,False
311,64,110,p99_5,2,False,False
311,64,111,minmax,0,True,False
311,64,111,minmax,1,True,False
311,64,111,minmax,2,True,False
311,64,111,p99_5,0,True,True
311,64,111,p99_5,1,False,False
311,64,111,p99_5,2,False,False
311,64,112,minmax,0,True,False
311,64,112,minmax,1,True,False
311,64,112,minmax,2,True,False
311,64,112,p99_5,0,True,True
311,64,112,p99_5,1,False,False
311,64,112,p99_5,2,False,False
311,64,113,minmax,0,True,False
311,64,113,minmax,1,True,False
311,64,113,minmax,2,True,False
311,64,113,p99_5,0,True,True
311,64,113,p99_5,1,False,False
311,64,113,p99_5,2,False,False
311,64,114,minmax,0,True,True
311,64,114,minmax,1,True,False
311,64,114,minmax,2,True,False
311,64,114,p99_5,0,True,True
311,64,114,p99_5,1,False,False
311,64,114,p99_5,2,False,False
311,64,115,minmax,0,True,False
311,64,115,minmax,1,True,False
311,64,115,minmax,2,True,False
311,64,115,p99_5,0,False,False
311,64,115,p99_5,1,False,False
311,64,115,p99_5,2,False,False
311,64,116,minmax,0,True,False
311,64,116,minmax,1,True,False
311,64,116,minmax,2,True,False
311,64,116,p99_5,0,False,False
311,64,116,p99_5,1,False,False
311,64,116,p99_5,2,False,False
311,64,117,minmax,0,True,False
311,64,117,minmax,1,True,False
311,64,117,minmax,2,True,False
311,64,117,p99_5,0,True,True
311,64,117,p99_5,1,False,False
311,64,117,p99_5,2,False,False
311,64,118,minmax,0,True,True
311,64,118,minmax,1,True,False
311,64,118,minmax,2,True,False
311,64,118,p99_5,0,True,True
311,64,118,p99_5,1,False,False
311,64,118,p99_5,2,False,False
311,64,119,minmax,0,True,False
311,64,119,minmax,1,True,False
311,64,119,minmax,2,True,False
311,64,119,p99_5,0,False,False
311,64,119,p99_5,1,False,False
311,64,119,p99_5,2,False,False
311,64,120,minmax,0,True,False
311,64,120,minmax,1,True,False
311,64,120,minmax,2,True,False
311,64,120,p99_5,0,False,False
311,64,120,p99_5,1,False,False
311,64,120,p99_5,2,False,False
311,64,121,minmax,0,True,False
311,64,121,minmax,1,True,False
311,64,121,minmax,2,True,False
311,64,121,p99_5,0,True,True
311,64,121,p99_5,1,False,False
311,64,121,p99_5,2,False,False
311,64,122,minmax,0,True,False
311,64,122,minmax,1,True,False
311,64,122,minmax,2,True,False
311,64,122,p99_5,0,False,False
311,64,122,p99_5,1,False,False
311,64,122,p99_5,2,False,False
311,64,123,minmax,0,True,False
311,64,123,minmax,1,True,False
311,64,123,minmax,2,True,False
311,64,123,p99_5,0,False,False
311,64,123,p99_5,1,False,False
311,64,123,p99_5,2,False,False
311,64,124,minmax,0,True,False
311,64,124,minmax,1,True,False
311,64,124,minmax,2,True,False
311,64,124,p99_5,0,False,False
311,64,124,p99_5,1,False,False
311,64,124,p99_5,2,False,False
311,64,125,minmax,0,True,False
311,64,125,minmax,1,True,False
311,64,125,minmax,2,True,False
311,64,125,p99_5,0,False,False
311,64,125,p99_5,1,False,False
311,64,125,p99_5,2,False,False
311,64,126,minmax,0,True,True
311,64,126,minmax,1,True,False
311,64,126,minmax,2,True,False
311,64,126,p99_5,0,True,True
311,64,126,p99_5,1,False,False
311,64,126,p99_5,2,False,False
311,64,127,minmax,0,True,False
311,64,127,minmax,1,True,False
311,64,127,minmax,2,True,False
311,64,127,p99_5,0,True,True
311,64,127,p99_5,1,False,False
311,64,127,p99_5,2,False,False
311,64,128,minmax,0,True,False
311,64,128,minmax,1,True,False
311,64,128,minmax,2,True,False
311,64,128,p99_5,0,False,False
311,64,128,p99_5,1,False,False
311,64,128,p99_5,2,False,False
311,64,129,minmax,0,True,False
311,64,129,minmax,1,True,False
311,64,129,minmax,2,True,False
311,64,129,p99_5,0,False,False
311,64,129,p99_5,1,False,False
311,64,129,p99_5,2,False,False
311,64,130,minmax,0,True,False
311,64,130,minmax,1,True,False
311,64,130,minmax,2,True,False
311,64,130,p99_5,0,False,False
311,64,130,p99_5,1,False,False
311,64,130,p99_5,2,False,False
311,64,131,minmax,0,True,False
311,64,131,minmax,1,True,False
311,64,131,minmax,2,True,False
311,64,131,p99_5,0,True,False
311,64,131,p99_5,1,False,False
311,64,131,p99_5,2,False,False
311,64,132,minmax,0,True,False
311,64,132,minmax,1,True,False
311,64,132,minmax,2,True,False
311,64,132,p99_5,0,False,False
311,64,132,p99_5,1,False,False
311,64,132,p99_5,2,False,False
311,64,133,minmax,0,True,True
311,64,133,minmax,1,True,False
311,64,133,minmax,2,True,False
311,64,133,p99_5,0,True,True
311,64,133,p99_5,1,False,False
311,64,133,p99_5,2,False,False
311,64,134,minmax,0,True,False
311,64,134,minmax,1,True,False
311,64,134,minmax,2,True,False
311,64,134,p99_5,0,False,False
311,64,134,p99_5,1,False,False
311,64,134,p99_5,2,False,False
311,64,135,minmax,0,True,False
311,64,135,minmax,1,True,False
311,64,135,minmax,2,True,False
311,64,135,p99_5,0,False,False
311,64,135,p99_5,1,False,False
311,64,135,p99_5,2,False,False
311,64,136,minmax,0,True,False
311,64,136,minmax,1,True,False
311,64,136,minmax,2,True,False
311,64,136,p99_5,0,False,False
311,64,136,p99_5,1,False,False
311,64,136,p99_5,2,False,False
311,64,137,minmax,0,True,False
311,64,137,minmax,1,True,False
311,64,137,minmax,2,True,False
311,64,137,p99_5,0,False,False
311,64,137,p99_5,1,False,False
311,64,137,p99_5,2,False,False
311,64,138,minmax,0,True,False
311,64,138,minmax,1,True,False
311,64,138,minmax,2,True,False
311,64,138,p99_5,0,False,False
311,64,138,p99_5,1,False,False
311,64,138,p99_5,2,False,False
311,64,139,minmax,0,True,False
311,64,139,minmax,1,True,False
311,64,139,minmax,2,True,False
311,64,139,p99_5,0,True,True
311,64,139,p99_5,1,False,False
311,64,139,p99_5,2,False,False
311,64,140,minmax,0,True,False
311,64,140,minmax,1,True,False
311,64,140,minmax,2,True,False
311,64,140,p99_5,0,False,False
311,64,140,p99_5,1,False,False
311,64,140,p99_5,2,False,False
311,64,141,minmax,0,True,False
311,64,141,minmax,1,True,False
311,64,141,minmax,2,True,False
311,64,141,p99_5,0,True,True
311,64,141,p99_5,1,False,False
311,64,141,p99_5,2,False,False
311,64,142,minmax,0,True,False
311,64,142,minmax,1,True,False
311,64,142,minmax,2,True,False
311,64,142,p99_5,0,True,True
311,64,142,p99_5,1,False,False
311,64,142,p99_5,2,False,False
311,64,143,minmax,0,True,False
311,64,143,minmax,1,True,False
311,64,143,minmax,2,True,False
311,64,143,p99_5,0,False,False
311,64,143,p99_5,1,False,False
311,64,143,p99_5,2,False,False
311,64,144,minmax,0,True,False
311,64,144,minmax,1,True,False
311,64,144,minmax,2,True,False
311,64,144,p99_5,0,True,True
311,64,144,p99_5,1,False,False
311,64,144,p99_5,2,False,False
311,64,145,minmax,0,True,False
311,64,145,minmax,1,True,False
311,64,145,minmax,2,True,False
311,64,145,p99_5,0,False,False
311,64,145,p99_5,1,False,False
311,64,145,p99_5,2,False,False
311,64,146,minmax,0,True,True
311,64,146,minmax,1,True,False
311,64,146,minmax,2,True,False
311,64,146,p99_5,0,False,False
311,64,146,p99_5,1,False,False
311,64,146,p99_5,2,False,False
311,64,147,minmax,0,True,False
311,64,147,minmax,1,True,False
311,64,147,minmax,2,True,False
311,64,147,p99_5,0,False,False
311,64,147,p99_5,1,False,False
311,64,147,p99_5,2,False,False
311,64,148,minmax,0,True,False
311,64,148,minmax,1,True,False
311,64,148,minmax,2,True,False
311,64,148,p99_5,0,False,False
311,64,148,p99_5,1,False,False
311,64,148,p99_5,2,False,False
311,64,149,minmax,0,True,True
311,64,149,minmax,1,True,False
311,64,149,minmax,2,True,True
311,64,149,p99_5,0,False,False
311,64,149,p99_5,1,False,False
311,64,149,p99_5,2,False,False
311,256,0,minmax,0,True,True
311,256,0,minmax,1,True,False
311,256,0,minmax,2,True,False
311,256,0,p99_5,0,False,False
311,256,0,p99_5,1,False,False
311,256,0,p99_5,2,False,False
311,256,1,minmax,0,True,False
311,256,1,minmax,1,True,False
311,256,1,minmax,2,True,False
311,256,1,p99_5,0,True,True
311,256,1,p99_5,1,False,False
311,256,1,p99_5,2,False,False
311,256,2,minmax,0,True,False
311,256,2,minmax,1,True,False
311,256,2,minmax,2,True,False
311,256,2,p99_5,0,True,True
311,256,2,p99_5,1,False,False
311,256,2,p99_5,2,False,False
311,256,3,minmax,0,True,False
311,256,3,minmax,1,True,False
311,256,3,minmax,2,True,False
311,256,3,p99_5,0,True,True
311,256,3,p99_5,1,False,False
311,256,3,p99_5,2,False,False
311,256,4,minmax,0,True,False
311,256,4,minmax,1,True,False
311,256,4,minmax,2,True,False
311,256,4,p99_5,0,True,True
311,256,4,p99_5,1,False,False
311,256,4,p99_5,2,False,False
311,256,5,minmax,0,True,False
311,256,5,minmax,1,True,False
311,256,5,minmax,2,True,False
311,256,5,p99_5,0,True,True
311,256,5,p99_5,1,False,False
311,256,5,p99_5,2,False,False
311,256,6,minmax,0,True,False
311,256,6,minmax,1,True,False
311,256,6,minmax,2,True,False
311,256,6,p99_5,0,True,True
311,256,6,p99_5,1,False,False
311,256,6,p99_5,2,False,False
311,256,7,minmax,0,True,False
311,256,7,minmax,1,True,False
311,256,7,minmax,2,True,False
311,256,7,p99_5,0,True,True
311,256,7,p99_5,1,False,False
311,256,7,p99_5,2,False,False
311,256,8,minmax,0,True,False
311,256,8,minmax,1,True,False
311,256,8,minmax,2,True,False
311,256,8,p99_5,0,True,True
311,256,8,p99_5,1,False,False
311,256,8,p99_5,2,False,False
311,256,9,minmax,0,True,False
311,256,9,minmax,1,True,False
311,256,9,minmax,2,True,False
311,256,9,p99_5,0,True,True
311,256,9,p99_5,1,False,False
311,256,9,p99_5,2,False,False
311,256,10,minmax,0,True,False
311,256,10,minmax,1,True,False
311,256,10,minmax,2,True,False
311,256,10,p99_5,0,False,False
311,256,10,p99_5,1,False,False
311,256,10,p99_5,2,False,False
311,256,11,minmax,0,True,False
311,256,11,minmax,1,True,False
311,256,11,minmax,2,True,False
311,256,11,p99_5,0,False,False
311,256,11,p99_5,1,False,False
311,256,11,p99_5,2,False,False
311,256,12,minmax,0,True,False
311,256,12,minmax,1,True,False
311,256,12,minmax,2,True,False
311,256,12,p99_5,0,True,True
311,256,12,p99_5,1,False,False
311,256,12,p99_5,2,False,False
311,256,13,minmax,0,True,False
311,256,13,minmax,1,True,False
311,256,13,minmax,2,True,False
311,256,13,p99_5,0,True,True
311,256,13,p99_5,1,False,False
311,256,13,p99_5,2,False,False
311,256,14,minmax,0,True,False
311,256,14,minmax,1,True,False
311,256,14,minmax,2,True,False
311,256,14,p99_5,0,True,True
311,256,14,p99_5,1,False,False
311,256,14,p99_5,2,False,False
311,256,15,minmax,0,True,False
311,256,15,minmax,1,True,False
311,256,15,minmax,2,True,False
311,256,15,p99_5,0,True,True
311,256,15,p99_5,1,False,False
311,256,15,p99_5,2,False,False
311,256,16,minmax,0,True,False
311,256,16,minmax,1,True,False
311,256,16,minmax,2,True,False
311,256,16,p99_5,0,True,True
311,256,16,p99_5,1,False,False
311,256,16,p99_5,2,False,False
311,256,17,minmax,0,True,False
311,256,17,minmax,1,True,False
311,256,17,minmax,2,True,False
311,256,17,p99_5,0,True,True
311,256,17,p99_5,1,False,False
311,256,17,p99_5,2,False,False
311,256,18,minmax,0,True,True
311,256,18,minmax,1,True,False
311,256,18,minmax,2,True,False
311,256,18,p99_5,0,False,False
311,256,18,p99_5,1,False,False
311,256,18,p99_5,2,False,False
311,256,19,minmax,0,True,False
311,256,19,minmax,1,True,False
311,256,19,minmax,2,True,False
311,256,19,p99_5,0,False,False
311,256,19,p99_5,1,False,False
311,256,19,p99_5,2,False,False
311,256,20,minmax,0,True,False
311,256,20,minmax,1,True,False
311,256,20,minmax,2,True,False
311,256,20,p99_5,0,True,True
311,256,20,p99_5,1,False,False
311,256,20,p99_5,2,False,False
311,256,21,minmax,0,True,False
311,256,21,minmax,1,True,False
311,256,21,minmax,2,True,False
311,256,21,p99_5,0,False,False
311,256,21,p99_5,1,False,False
311,256,21,p99_5,2,False,False
311,256,22,minmax,0,True,False
311,256,22,minmax,1,True,False
311,256,22,minmax,2,True,False
311,256,22,p99_5,0,True,True
311,256,22,p99_5,1,False,False
311,256,22,p99_5,2,False,False
311,256,23,minmax,0,True,False
311,256,23,minmax,1,True,False
311,256,23,minmax,2,True,False
311,256,23,p99_5,0,True,True
311,256,23,p99_5,1,False,False
311,256,23,p99_5,2,False,False
311,256,24,minmax,0,True,False
311,256,24,minmax,1,True,False
311,256,24,minmax,2,True,False
311,256,24,p99_5,0,True,True
311,256,24,p99_5,1,False,False
311,256,24,p99_5,2,False,False
311,256,25,minmax,0,True,False
311,256,25,minmax,1,True,False
311,256,25,minmax,2,True,False
311,256,25,p99_5,0,True,True
311,256,25,p99_5,1,False,False
311,256,25,p99_5,2,False,False
311,256,26,minmax,0,True,False
311,256,26,minmax,1,True,False
311,256,26,minmax,2,True,False
311,256,26,p99_5,0,True,True
311,256,26,p99_5,1,False,False
311,256,26,p99_5,2,False,False
311,256,27,minmax,0,True,False
311,256,27,minmax,1,True,False
311,256,27,minmax,2,True,False
311,256,27,p99_5,0,True,True
311,256,27,p99_5,1,False,False
311,256,27,p99_5,2,False,False
311,256,28,minmax,0,True,False
311,256,28,minmax,1,True,False
311,256,28,minmax,2,True,False
311,256,28,p99_5,0,True,True
311,256,28,p99_5,1,False,False
311,256,28,p99_5,2,False,False
311,256,29,minmax,0,True,False
311,256,29,minmax,1,True,False
311,256,29,minmax,2,True,False
311,256,29,p99_5,0,True,True
311,256,29,p99_5,1,False,False
311,256,29,p99_5,2,False,False
311,256,30,minmax,0,True,False
311,256,30,minmax,1,True,False
311,256,30,minmax,2,True,False
311,256,30,p99_5,0,True,True
311,256,30,p99_5,1,False,False
311,256,30,p99_5,2,False,False
311,256,31,minmax,0,True,False
311,256,31,minmax,1,True,False
311,256,31,minmax,2,True,False
311,256,31,p99_5,0,True,True
311,256,31,p99_5,1,False,False
311,256,31,p99_5,2,False,False
311,256,32,minmax,0,True,True
311,256,32,minmax,1,True,False
311,256,32,minmax,2,True,False
311,256,32,p99_5,0,True,True
311,256,32,p99_5,1,False,False
311,256,32,p99_5,2,False,False
311,256,33,minmax,0,True,False
311,256,33,minmax,1,True,False
311,256,33,minmax,2,True,False
311,256,33,p99_5,0,True,True
311,256,33,p99_5,1,False,False
311,256,33,p99_5,2,False,False
311,256,34,minmax,0,True,False
311,256,34,minmax,1,True,False
311,256,34,minmax,2,True,False
311,256,34,p99_5,0,True,True
311,256,34,p99_5,1,False,False
311,256,34,p99_5,2,False,False
311,256,35,minmax,0,True,False
311,256,35,minmax,1,True,False
311,256,35,minmax,2,True,False
311,256,35,p99_5,0,True,True
311,256,35,p99_5,1,False,False
311,256,35,p99_5,2,False,False
311,256,36,minmax,0,True,False
311,256,36,minmax,1,True,False
311,256,36,minmax,2,True,False
311,256,36,p99_5,0,True,True
311,256,36,p99_5,1,False,False
311,256,36,p99_5,2,False,False
311,256,37,minmax,0,True,False
311,256,37,minmax,1,True,False
311,256,37,minmax,2,True,False
311,256,37,p99_5,0,True,True
311,256,37,p99_5,1,False,False
311,256,37,p99_5,2,False,False
311,256,38,minmax,0,True,False
311,256,38,minmax,1,True,False
311,256,38,minmax,2,True,False
311,256,38,p99_5,0,True,True
311,256,38,p99_5,1,False,False
311,256,38,p99_5,2,False,False
311,256,39,minmax,0,True,True
311,256,39,minmax,1,True,False
311,256,39,minmax,2,True,False
311,256,39,p99_5,0,True,True
311,256,39,p99_5,1,False,False
311,256,39,p99_5,2,False,False
311,256,40,minmax,0,True,False
311,256,40,minmax,1,True,False
311,256,40,minmax,2,True,False
311,256,40,p99_5,0,True,True
311,256,40,p99_5,1,False,False
311,256,40,p99_5,2,False,False
311,256,41,minmax,0,True,False
311,256,41,minmax,1,True,False
311,256,41,minmax,2,True,False
311,256,41,p99_5,0,True,True
311,256,41,p99_5,1,False,False
311,256,41,p99_5,2,False,False
311,256,42,minmax,0,True,False
311,256,42,minmax,1,True,False
311,256,42,minmax,2,True,False
311,256,42,p99_5,0,False,False
311,256,42,p99_5,1,False,False
311,256,42,p99_5,2,False,False
311,256,43,minmax,0,True,False
311,256,43,minmax,1,True,False
311,256,43,minmax,2,True,False
311,256,43,p99_5,0,False,False
311,256,43,p99_5,1,False,False
311,256,43,p99_5,2,False,False
311,256,44,minmax,0,True,False
311,256,44,minmax,1,True,False
311,256,44,minmax,2,True,False
311,256,44,p99_5,0,True,True
311,256,44,p99_5,1,True,False
311,256,44,p99_5,2,False,False
311,256,45,minmax,0,True,False
311,256,45,minmax,1,True,False
311,256,45,minmax,2,True,False
311,256,45,p99_5,0,True,True
311,256,45,p99_5,1,False,False
311,256,45,p99_5,2,False,False
311,256,46,minmax,0,True,False
311,256,46,minmax,1,True,False
311,256,46,minmax,2,True,False
311,256,46,p99_5,0,False,False
311,256,46,p99_5,1,False,False
311,256,46,p99_5,2,False,False
311,256,47,minmax,0,True,False
311,256,47,minmax,1,True,False
311,256,47,minmax,2,True,False
311,256,47,p99_5,0,False,False
311,256,47,p99_5,1,False,False
311,256,47,p99_5,2,False,False
311,256,48,minmax,0,True,False
311,256,48,minmax,1,True,False
311,256,48,minmax,2,True,False
311,256,48,p99_5,0,False,False
311,256,48,p99_5,1,False,False
311,256,48,p99_5,2,False,False
311,256,49,minmax,0,True,False
311,256,49,minmax,1,True,False
311,256,49,minmax,2,True,False
311,256,49,p99_5,0,True,True
311,256,49,p99_5,1,False,False
311,256,49,p99_5,2,False,False
311,256,50,minmax,0,True,False
311,256,50,minmax,1,True,False
311,256,50,minmax,2,True,False
311,256,50,p99_5,0,False,False
311,256,50,p99_5,1,False,False
311,256,50,p99_5,2,False,False
311,256,51,minmax,0,True,False
311,256,51,minmax,1,True,False
311,256,51,minmax,2,True,False
311,256,51,p99_5,0,True,True
311,256,51,p99_5,1,False,False
311,256,51,p99_5,2,False,False
311,256,52,minmax,0,True,False
311,256,52,minmax,1,True,False
311,256,52,minmax,2,True,False
311,256,52,p99_5,0,False,False
311,256,52,p99_5,1,False,False
311,256,52,p99_5,2,False,False
311,256,53,minmax,0,True,False
311,256,53,minmax,1,True,False
311,256,53,minmax,2,True,False
311,256,53,p99_5,0,True,True
311,256,53,p99_5,1,False,False
311,256,53,p99_5,2,False,False
311,256,54,minmax,0,True,False
311,256,54,minmax,1,True,False
311,256,54,minmax,2,True,False
311,256,54,p99_5,0,False,False
311,256,54,p99_5,1,False,False
311,256,54,p99_5,2,False,False
311,256,55,minmax,0,True,False
311,256,55,minmax,1,True,False
311,256,55,minmax,2,True,False
311,256,55,p99_5,0,True,True
311,256,55,p99_5,1,False,False
311,256,55,p99_5,2,False,False
311,256,56,minmax,0,True,False
311,256,56,minmax,1,True,False
311,256,56,minmax,2,True,False
311,256,56,p99_5,0,True,True
311,256,56,p99_5,1,False,False
311,256,56,p99_5,2,False,False
311,256,57,minmax,0,True,False
311,256,57,minmax,1,True,False
311,256,57,minmax,2,True,False
311,256,57,p99_5,0,False,False
311,256,57,p99_5,1,False,False
311,256,57,p99_5,2,False,False
311,256,58,minmax,0,True,False
311,256,58,minmax,1,True,False
311,256,58,minmax,2,True,False
311,256,58,p99_5,0,True,True
311,256,58,p99_5,1,False,False
311,256,58,p99_5,2,False,False
311,256,59,minmax,0,True,False
311,256,59,minmax,1,True,False
311,256,59,minmax,2,True,False
311,256,59,p99_5,0,True,True
311,256,59,p99_5,1,False,False
311,256,59,p99_5,2,False,False
311,256,60,minmax,0,True,False
311,256,60,minmax,1,True,False
311,256,60,minmax,2,True,False
311,256,60,p99_5,0,True,True
311,256,60,p99_5,1,False,False
311,256,60,p99_5,2,False,False
311,256,61,minmax,0,True,True
311,256,61,minmax,1,True,False
311,256,61,minmax,2,True,False
311,256,61,p99_5,0,True,True
311,256,61,p99_5,1,False,False
311,256,61,p99_5,2,False,False
311,256,62,minmax,0,True,True
311,256,62,minmax,1,True,False
311,256,62,minmax,2,True,False
311,256,62,p99_5,0,True,True
311,256,62,p99_5,1,False,False
311,256,62,p99_5,2,False,False
311,256,63,minmax,0,True,False
311,256,63,minmax,1,True,False
311,256,63,minmax,2,True,False
311,256,63,p99_5,0,True,True
311,256,63,p99_5,1,False,False
311,256,63,p99_5,2,False,False
311,256,64,minmax,0,True,False
311,256,64,minmax,1,True,False
311,256,64,minmax,2,True,False
311,256,64,p99_5,0,True,True
311,256,64,p99_5,1,False,False
311,256,64,p99_5,2,False,False
311,256,65,minmax,0,True,False
311,256,65,minmax,1,True,False
311,256,65,minmax,2,True,False
311,256,65,p99_5,0,True,True
311,256,65,p99_5,1,False,False
311,256,65,p99_5,2,False,False
311,256,66,minmax,0,True,False
311,256,66,minmax,1,True,False
311,256,66,minmax,2,True,False
311,256,66,p99_5,0,True,True
311,256,66,p99_5,1,False,False
311,256,66,p99_5,2,False,False
311,256,67,minmax,0,True,False
311,256,67,minmax,1,True,False
311,256,67,minmax,2,True,False
311,256,67,p99_5,0,True,True
311,256,67,p99_5,1,False,False
311,256,67,p99_5,2,False,False
311,256,68,minmax,0,True,False
311,256,68,minmax,1,True,False
311,256,68,minmax,2,True,False
311,256,68,p99_5,0,True,True
311,256,68,p99_5,1,False,False
311,256,68,p99_5,2,False,False
311,256,69,minmax,0,True,False
311,256,69,minmax,1,True,False
311,256,69,minmax,2,True,False
311,256,69,p99_5,0,True,True
311,256,69,p99_5,1,False,False
311,256,69,p99_5,2,False,False
311,256,70,minmax,0,True,False
311,256,70,minmax,1,True,False
311,256,70,minmax,2,True,False
311,256,70,p99_5,0,True,True
311,256,70,p99_5,1,False,False
311,256,70,p99_5,2,False,False
311,256,71,minmax,0,True,False
311,256,71,minmax,1,True,False
311,256,71,minmax,2,True,False
311,256,71,p99_5,0,False,False
311,256,71,p99_5,1,False,False
311,256,71,p99_5,2,False,False
311,256,72,minmax,0,True,False
311,256,72,minmax,1,True,False
311,256,72,minmax,2,True,False
311,256,72,p99_5,0,True,True
311,256,72,p99_5,1,False,False
311,256,72,p99_5,2,False,False
311,256,73,minmax,0,True,False
311,256,73,minmax,1,True,False
311,256,73,minmax,2,True,False
311,256,73,p99_5,0,False,False
311,256,73,p99_5,1,False,False
311,256,73,p99_5,2,False,False
311,256,74,minmax,0,True,False
311,256,74,minmax,1,True,False
311,256,74,minmax,2,True,False
311,256,74,p99_5,0,True,True
311,256,74,p99_5,1,False,False
311,256,74,p99_5,2,False,False
311,256,75,minmax,0,True,False
311,256,75,minmax,1,True,False
311,256,75,minmax,2,True,False
311,256,75,p99_5,0,True,True
311,256,75,p99_5,1,False,False
311,256,75,p99_5,2,False,False
311,256,76,minmax,0,True,True
311,256,76,minmax,1,True,False
311,256,76,minmax,2,True,False
311,256,76,p99_5,0,True,True
311,256,76,p99_5,1,False,False
311,256,76,p99_5,2,False,False
311,256,77,minmax,0,True,True
311,256,77,minmax,1,True,False
311,256,77,minmax,2,True,False
311,256,77,p99_5,0,True,True
311,256,77,p99_5,1,False,False
311,256,77,p99_5,2,False,False
311,256,78,minmax,0,True,False
311,256,78,minmax,1,True,False
311,256,78,minmax,2,True,False
311,256,78,p99_5,0,True,True
311,256,78,p99_5,1,False,False
311,256,78,p99_5,2,False,False
311,256,79,minmax,0,True,False
311,256,79,minmax,1,True,False
311,256,79,minmax,2,True,False
311,256,79,p99_5,0,True,True
311,256,79,p99_5,1,False,False
311,256,79,p99_5,2,False,False
311,256,80,minmax,0,True,False
311,256,80,minmax,1,True,False
311,256,80,minmax,2,True,False
311,256,80,p99_5,0,True,True
311,256,80,p99_5,1,False,False
311,256,80,p99_5,2,False,False
311,256,81,minmax,0,True,False
311,256,81,minmax,1,True,False
311,256,81,minmax,2,True,False
311,256,81,p99_5,0,False,False
311,256,81,p99_5,1,False,False
311,256,81,p99_5,2,False,False
311,256,82,minmax,0,True,True
311,256,82,minmax,1,True,False
311,256,82,minmax,2,True,False
311,256,82,p99_5,0,True,True
311,256,82,p99_5,1,False,False
311,256,82,p99_5,2,False,False
311,256,83,minmax,0,True,True
311,256,83,minmax,1,True,False
311,256,83,minmax,2,True,False
311,256,83,p99_5,0,True,True
311,256,83,p99_5,1,False,False
311,256,83,p99_5,2,False,False
311,256,84,minmax,0,True,False
311,256,84,minmax,1,True,False
311,256,84,minmax,2,True,False
311,256,84,p99_5,0,False,False
311,256,84,p99_5,1,False,False
311,256,84,p99_5,2,False,False
311,256,85,minmax,0,True,False
311,256,85,minmax,1,True,False
311,256,85,minmax,2,True,False
311,256,85,p99_5,0,True,True
311,256,85,p99_5,1,False,False
311,256,85,p99_5,2,False,False
311,256,86,minmax,0,True,False
311,256,86,minmax,1,True,False
311,256,86,minmax,2,True,False
311,256,86,p99_5,0,True,False
311,256,86,p99_5,1,False,False
311,256,86,p99_5,2,False,False
311,256,87,minmax,0,True,False
311,256,87,minmax,1,True,False
311,256,87,minmax,2,True,False
311,256,87,p99_5,0,True,True
311,256,87,p99_5,1,False,False
311,256,87,p99_5,2,False,False
311,256,88,minmax,0,True,False
311,256,88,minmax,1,True,False
311,256,88,minmax,2,True,False
311,256,88,p99_5,0,False,False
311,256,88,p99_5,1,False,False
311,256,88,p99_5,2,False,False
311,256,89,minmax,0,True,False
311,256,89,minmax,1,True,False
311,256,89,minmax,2,True,False
311,256,89,p99_5,0,True,True
311,256,89,p99_5,1,False,False
311,256,89,p99_5,2,False,False
311,256,90,minmax,0,True,False
311,256,90,minmax,1,True,False
311,256,90,minmax,2,True,False
311,256,90,p99_5,0,True,True
311,256,90,p99_5,1,False,False
311,256,90,p99_5,2,False,False
311,256,91,minmax,0,True,False
311,256,91,minmax,1,True,False
311,256,91,minmax,2,True,False
311,256,91,p99_5,0,True,True
311,256,91,p99_5,1,False,False
311,256,91,p99_5,2,False,False
311,256,92,minmax,0,True,False
311,256,92,minmax,1,True,False
311,256,92,minmax,2,True,False
311,256,92,p99_5,0,True,True
311,256,92,p99_5,1,False,False
311,256,92,p99_5,2,False,False
311,256,93,minmax,0,True,True
311,256,93,minmax,1,True,False
311,256,93,minmax,2,True,False
311,256,93,p99_5,0,True,True
311,256,93,p99_5,1,False,False
311,256,93,p99_5,2,False,False
311,256,94,minmax,0,True,True
311,256,94,minmax,1,True,False
311,256,94,minmax,2,True,False
311,256,94,p99_5,0,True,True
311,256,94,p99_5,1,False,False
311,256,94,p99_5,2,False,False
311,256,95,minmax,0,True,False
311,256,95,minmax,1,True,False
311,256,95,minmax,2,True,False
311,256,95,p99_5,0,False,False
311,256,95,p99_5,1,False,False
311,256,95,p99_5,2,False,False
311,256,96,minmax,0,True,False
311,256,96,minmax,1,True,False
311,256,96,minmax,2,True,False
311,256,96,p99_5,0,True,True
311,256,96,p99_5,1,False,False
311,256,96,p99_5,2,False,False
311,256,97,minmax,0,True,False
311,256,97,minmax,1,True,False
311,256,97,minmax,2,True,False
311,256,97,p99_5,0,True,True
311,256,97,p99_5,1,False,False
311,256,97,p99_5,2,False,False
311,256,98,minmax,0,True,False
311,256,98,minmax,1,True,False
311,256,98,minmax,2,True,False
311,256,98,p99_5,0,True,True
311,256,98,p99_5,1,False,False
311,256,98,p99_5,2,False,False
311,256,99,minmax,0,True,False
311,256,99,minmax,1,True,False
311,256,99,minmax,2,True,False
311,256,99,p99_5,0,True,True
311,256,99,p99_5,1,False,False
311,256,99,p99_5,2,False,False
311,256,100,minmax,0,True,False
311,256,100,minmax,1,True,False
311,256,100,minmax,2,True,False
311,256,100,p99_5,0,False,False
311,256,100,p99_5,1,False,False
311,256,100,p99_5,2,False,False
311,256,101,minmax,0,True,False
311,256,101,minmax,1,True,False
311,256,101,minmax,2,True,False
311,256,101,p99_5,0,True,True
311,256,101,p99_5,1,False,False
311,256,101,p99_5,2,False,False
311,256,102,minmax,0,True,False
311,256,102,minmax,1,True,False
311,256,102,minmax,2,True,False
311,256,102,p99_5,0,True,True
311,256,102,p99_5,1,False,False
311,256,102,p99_5,2,False,False
311,256,103,minmax,0,True,False
311,256,103,minmax,1,True,False
311,256,103,minmax,2,True,False
311,256,103,p99_5,0,True,True
311,256,103,p99_5,1,False,False
311,256,103,p99_5,2,False,False
311,256,104,minmax,0,True,True
311,256,104,minmax,1,True,False
311,256,104,minmax,2,True,False
311,256,104,p99_5,0,True,True
311,256,104,p99_5,1,False,False
311,256,104,p99_5,2,False,False
311,256,105,minmax,0,True,False
311,256,105,minmax,1,True,False
311,256,105,minmax,2,True,False
311,256,105,p99_5,0,True,True
311,256,105,p99_5,1,False,False
311,256,105,p99_5,2,False,False
311,256,106,minmax,0,True,False
311,256,106,minmax,1,True,False
311,256,106,minmax,2,True,False
311,256,106,p99_5,0,True,True
311,256,106,p99_5,1,False,False
311,256,106,p99_5,2,False,False
311,256,107,minmax,0,True,False
311,256,107,minmax,1,True,False
311,256,107,minmax,2,True,False
311,256,107,p99_5,0,False,False
311,256,107,p99_5,1,False,False
311,256,107,p99_5,2,False,False
311,256,108,minmax,0,True,False
311,256,108,minmax,1,True,False
311,256,108,minmax,2,True,False
311,256,108,p99_5,0,True,True
311,256,108,p99_5,1,False,False
311,256,108,p99_5,2,False,False
311,256,109,minmax,0,True,False
311,256,109,minmax,1,True,False
311,256,109,minmax,2,True,False
311,256,109,p99_5,0,True,True
311,256,109,p99_5,1,False,False
311,256,109,p99_5,2,False,False
311,256,110,minmax,0,True,False
311,256,110,minmax,1,True,False
311,256,110,minmax,2,True,False
311,256,110,p99_5,0,True,True
311,256,110,p99_5,1,False,False
311,256,110,p99_5,2,False,False
311,256,111,minmax,0,True,False
311,256,111,minmax,1,True,False
311,256,111,minmax,2,True,False
311,256,111,p99_5,0,True,True
311,256,111,p99_5,1,False,False
311,256,111,p99_5,2,False,False
311,256,112,minmax,0,True,False
311,256,112,minmax,1,True,False
311,256,112,minmax,2,True,False
311,256,112,p99_5,0,True,True
311,256,112,p99_5,1,False,False
311,256,112,p99_5,2,False,False
311,256,113,minmax,0,True,False
311,256,113,minmax,1,True,False
311,256,113,minmax,2,True,False
311,256,113,p99_5,0,True,True
311,256,113,p99_5,1,False,False
311,256,113,p99_5,2,False,False
311,256,114,minmax,0,True,False
311,256,114,minmax,1,True,False
311,256,114,minmax,2,True,False
311,256,114,p99_5,0,True,True
311,256,114,p99_5,1,False,False
311,256,114,p99_5,2,False,False
311,256,115,minmax,0,True,False
311,256,115,minmax,1,True,False
311,256,115,minmax,2,True,False
311,256,115,p99_5,0,False,False
311,256,115,p99_5,1,False,False
311,256,115,p99_5,2,False,False
311,256,116,minmax,0,True,False
311,256,116,minmax,1,True,False
311,256,116,minmax,2,True,False
311,256,116,p99_5,0,False,False
311,256,116,p99_5,1,False,False
311,256,116,p99_5,2,False,False
311,256,117,minmax,0,True,False
311,256,117,minmax,1,True,False
311,256,117,minmax,2,True,False
311,256,117,p99_5,0,True,True
311,256,117,p99_5,1,False,False
311,256,117,p99_5,2,False,False
311,256,118,minmax,0,True,False
311,256,118,minmax,1,True,False
311,256,118,minmax,2,True,False
311,256,118,p99_5,0,True,True
311,256,118,p99_5,1,False,False
311,256,118,p99_5,2,False,False
311,256,119,minmax,0,True,False
311,256,119,minmax,1,True,False
311,256,119,minmax,2,True,False
311,256,119,p99_5,0,True,True
311,256,119,p99_5,1,False,False
311,256,119,p99_5,2,False,False
311,256,120,minmax,0,True,False
311,256,120,minmax,1,True,False
311,256,120,minmax,2,True,False
311,256,120,p99_5,0,False,False
311,256,120,p99_5,1,False,False
311,256,120,p99_5,2,False,False
311,256,121,minmax,0,True,False
311,256,121,minmax,1,True,False
311,256,121,minmax,2,True,False
311,256,121,p99_5,0,True,True
311,256,121,p99_5,1,False,False
311,256,121,p99_5,2,False,False
311,256,122,minmax,0,True,False
311,256,122,minmax,1,True,False
311,256,122,minmax,2,True,False
311,256,122,p99_5,0,True,True
311,256,122,p99_5,1,False,False
311,256,122,p99_5,2,False,False
311,256,123,minmax,0,True,False
311,256,123,minmax,1,True,False
311,256,123,minmax,2,True,False
311,256,123,p99_5,0,False,False
311,256,123,p99_5,1,False,False
311,256,123,p99_5,2,False,False
311,256,124,minmax,0,True,False
311,256,124,minmax,1,True,False
311,256,124,minmax,2,True,False
311,256,124,p99_5,0,True,True
311,256,124,p99_5,1,False,False
311,256,124,p99_5,2,False,False
311,256,125,minmax,0,True,False
311,256,125,minmax,1,True,False
311,256,125,minmax,2,True,False
311,256,125,p99_5,0,True,False
311,256,125,p99_5,1,False,False
311,256,125,p99_5,2,False,False
311,256,126,minmax,0,True,True
311,256,126,minmax,1,True,False
311,256,126,minmax,2,True,False
311,256,126,p99_5,0,True,True
311,256,126,p99_5,1,False,False
311,256,126,p99_5,2,False,False
311,256,127,minmax,0,True,False
311,256,127,minmax,1,True,False
311,256,127,minmax,2,True,False
311,256,127,p99_5,0,True,True
311,256,127,p99_5,1,False,False
311,256,127,p99_5,2,False,False
311,256,128,minmax,0,True,True
311,256,128,minmax,1,True,False
311,256,128,minmax,2,True,False
311,256,128,p99_5,0,True,True
311,256,128,p99_5,1,False,False
311,256,128,p99_5,2,False,False
311,256,129,minmax,0,True,False
311,256,129,minmax,1,True,False
311,256,129,minmax,2,True,False
311,256,129,p99_5,0,True,True
311,256,129,p99_5,1,False,False
311,256,129,p99_5,2,False,False
311,256,130,minmax,0,True,False
311,256,130,minmax,1,True,False
311,256,130,minmax,2,True,False
311,256,130,p99_5,0,True,True
311,256,130,p99_5,1,False,False
311,256,130,p99_5,2,False,False
311,256,131,minmax,0,True,False
311,256,131,minmax,1,True,False
311,256,131,minmax,2,True,False
311,256,131,p99_5,0,True,True
311,256,131,p99_5,1,False,False
311,256,131,p99_5,2,False,False
311,256,132,minmax,0,True,False
311,256,132,minmax,1,True,False
311,256,132,minmax,2,True,False
311,256,132,p99_5,0,True,True
311,256,132,p99_5,1,False,False
311,256,132,p99_5,2,False,False
311,256,133,minmax,0,True,False
311,256,133,minmax,1,True,False
311,256,133,minmax,2,True,False
311,256,133,p99_5,0,False,False
311,256,133,p99_5,1,False,False
311,256,133,p99_5,2,False,False
311,256,134,minmax,0,True,False
311,256,134,minmax,1,True,False
311,256,134,minmax,2,True,False
311,256,134,p99_5,0,True,True
311,256,134,p99_5,1,False,False
311,256,134,p99_5,2,False,False
311,256,135,minmax,0,True,False
311,256,135,minmax,1,True,False
311,256,135,minmax,2,True,False
311,256,135,p99_5,0,False,False
311,256,135,p99_5,1,False,False
311,256,135,p99_5,2,False,False
311,256,136,minmax,0,True,True
311,256,136,minmax,1,True,False
311,256,136,minmax,2,True,False
311,256,136,p99_5,0,True,True
311,256,136,p99_5,1,False,False
311,256,136,p99_5,2,False,False
311,256,137,minmax,0,True,False
311,256,137,minmax,1,True,False
311,256,137,minmax,2,True,False
311,256,137,p99_5,0,False,False
311,256,137,p99_5,1,False,False
311,256,137,p99_5,2,False,False
311,256,138,minmax,0,True,False
311,256,138,minmax,1,True,False
311,256,138,minmax,2,True,False
311,256,138,p99_5,0,True,True
311,256,138,p99_5,1,False,False
311,256,138,p99_5,2,False,False
311,256,139,minmax,0,True,False
311,256,139,minmax,1,True,False
311,256,139,minmax,2,True,False
311,256,139,p99_5,0,False,False
311,256,139,p99_5,1,True,False
311,256,139,p99_5,2,False,False
311,256,140,minmax,0,True,False
311,256,140,minmax,1,True,False
311,256,140,minmax,2,True,False
311,256,140,p99_5,0,True,True
311,256,140,p99_5,1,False,False
311,256,140,p99_5,2,False,False
311,256,141,minmax,0,True,False
311,256,141,minmax,1,True,False
311,256,141,minmax,2,True,False
311,256,141,p99_5,0,False,False
311,256,141,p99_5,1,False,False
311,256,141,p99_5,2,False,False
311,256,142,minmax,0,True,True
311,256,142,minmax,1,True,False
311,256,142,minmax,2,True,False
311,256,142,p99_5,0,True,True
311,256,142,p99_5,1,False,False
311,256,142,p99_5,2,False,False
311,256,143,minmax,0,True,False
311,256,143,minmax,1,True,False
311,256,143,minmax,2,True,False
311,256,143,p99_5,0,False,False
311,256,143,p99_5,1,False,False
311,256,143,p99_5,2,False,False
311,256,144,minmax,0,True,False
311,256,144,minmax,1,True,False
311,256,144,minmax,2,True,False
311,256,144,p99_5,0,False,False
311,256,144,p99_5,1,False,False
311,256,144,p99_5,2,False,False
311,256,145,minmax,0,True,False
311,256,145,minmax,1,True,False
311,256,145,minmax,2,True,False
311,256,145,p99_5,0,True,True
311,256,145,p99_5,1,False,False
311,256,145,p99_5,2,False,False
311,256,146,minmax,0,True,False
311,256,146,minmax,1,True,False
311,256,146,minmax,2,True,False
311,256,146,p99_5,0,True,True
311,256,146,p99_5,1,False,False
311,256,146,p99_5,2,False,False
311,256,147,minmax,0,True,False
311,256,147,minmax,1,True,False
311,256,147,minmax,2,True,False
311,256,147,p99_5,0,True,True
311,256,147,p99_5,1,False,False
311,256,147,p99_5,2,False,False
311,256,148,minmax,0,True,False
311,256,148,minmax,1,True,False
311,256,148,minmax,2,True,False
311,256,148,p99_5,0,True,True
311,256,148,p99_5,1,False,False
311,256,148,p99_5,2,False,False
311,256,149,minmax,0,True,False
311,256,149,minmax,1,True,False
311,256,149,minmax,2,True,False
311,256,149,p99_5,0,False,False
311,256,149,p99_5,1,False,False
311,256,149,p99_5,2,False,False
312,64,0,minmax,0,True,False
312,64,0,minmax,1,True,False
312,64,0,minmax,2,True,False
312,64,0,p99_5,0,False,False
312,64,0,p99_5,1,False,False
312,64,0,p99_5,2,False,False
312,64,1,minmax,0,True,False
312,64,1,minmax,1,True,False
312,64,1,minmax,2,True,False
312,64,1,p99_5,0,False,False
312,64,1,p99_5,1,False,False
312,64,1,p99_5,2,False,False
312,64,2,minmax,0,True,False
312,64,2,minmax,1,True,False
312,64,2,minmax,2,True,False
312,64,2,p99_5,0,False,False
312,64,2,p99_5,1,False,False
312,64,2,p99_5,2,False,False
312,64,3,minmax,0,True,True
312,64,3,minmax,1,True,False
312,64,3,minmax,2,True,False
312,64,3,p99_5,0,False,False
312,64,3,p99_5,1,False,False
312,64,3,p99_5,2,False,False
312,64,4,minmax,0,True,False
312,64,4,minmax,1,True,False
312,64,4,minmax,2,True,False
312,64,4,p99_5,0,False,False
312,64,4,p99_5,1,False,False
312,64,4,p99_5,2,False,False
312,64,5,minmax,0,True,False
312,64,5,minmax,1,True,False
312,64,5,minmax,2,True,False
312,64,5,p99_5,0,False,False
312,64,5,p99_5,1,False,False
312,64,5,p99_5,2,False,False
312,64,6,minmax,0,True,False
312,64,6,minmax,1,True,False
312,64,6,minmax,2,True,False
312,64,6,p99_5,0,False,False
312,64,6,p99_5,1,False,False
312,64,6,p99_5,2,False,False
312,64,7,minmax,0,True,False
312,64,7,minmax,1,True,False
312,64,7,minmax,2,True,False
312,64,7,p99_5,0,False,False
312,64,7,p99_5,1,False,False
312,64,7,p99_5,2,False,False
312,64,8,minmax,0,True,False
312,64,8,minmax,1,True,False
312,64,8,minmax,2,True,False
312,64,8,p99_5,0,True,True
312,64,8,p99_5,1,False,False
312,64,8,p99_5,2,False,False
312,64,9,minmax,0,True,False
312,64,9,minmax,1,True,False
312,64,9,minmax,2,True,False
312,64,9,p99_5,0,False,False
312,64,9,p99_5,1,False,False
312,64,9,p99_5,2,False,False
312,64,10,minmax,0,True,True
312,64,10,minmax,1,True,False
312,64,10,minmax,2,True,False
312,64,10,p99_5,0,False,False
312,64,10,p99_5,1,False,False
312,64,10,p99_5,2,False,False
312,64,11,minmax,0,True,False
312,64,11,minmax,1,True,False
312,64,11,minmax,2,True,False
312,64,11,p99_5,0,False,False
312,64,11,p99_5,1,False,False
312,64,11,p99_5,2,False,False
312,64,12,minmax,0,True,False
312,64,12,minmax,1,True,False
312,64,12,minmax,2,True,False
312,64,12,p99_5,0,True,True
312,64,12,p99_5,1,False,False
312,64,12,p99_5,2,False,False
312,64,13,minmax,0,True,False
312,64,13,minmax,1,True,False
312,64,13,minmax,2,True,False
312,64,13,p99_5,0,False,False
312,64,13,p99_5,1,False,False
312,64,13,p99_5,2,False,False
312,64,14,minmax,0,True,False
312,64,14,minmax,1,True,False
312,64,14,minmax,2,True,False
312,64,14,p99_5,0,False,False
312,64,14,p99_5,1,False,False
312,64,14,p99_5,2,False,False
312,64,15,minmax,0,True,False
312,64,15,minmax,1,True,False
312,64,15,minmax,2,True,False
312,64,15,p99_5,0,True,True
312,64,15,p99_5,1,False,False
312,64,15,p99_5,2,False,False
312,64,16,minmax,0,True,False
312,64,16,minmax,1,True,False
312,64,16,minmax,2,True,False
312,64,16,p99_5,0,True,False
312,64,16,p99_5,1,False,False
312,64,16,p99_5,2,False,False
312,64,17,minmax,0,True,False
312,64,17,minmax,1,True,False
312,64,17,minmax,2,True,False
312,64,17,p99_5,0,True,True
312,64,17,p99_5,1,False,False
312,64,17,p99_5,2,False,False
312,64,18,minmax,0,True,False
312,64,18,minmax,1,True,False
312,64,18,minmax,2,True,False
312,64,18,p99_5,0,True,False
312,64,18,p99_5,1,False,False
312,64,18,p99_5,2,False,False
312,64,19,minmax,0,True,False
312,64,19,minmax,1,True,False
312,64,19,minmax,2,True,False
312,64,19,p99_5,0,False,False
312,64,19,p99_5,1,False,False
312,64,19,p99_5,2,False,False
312,64,20,minmax,0,True,True
312,64,20,minmax,1,True,False
312,64,20,minmax,2,True,False
312,64,20,p99_5,0,True,True
312,64,20,p99_5,1,False,False
312,64,20,p99_5,2,False,False
312,64,21,minmax,0,True,False
312,64,21,minmax,1,True,False
312,64,21,minmax,2,True,False
312,64,21,p99_5,0,False,False
312,64,21,p99_5,1,False,False
312,64,21,p99_5,2,False,False
312,64,22,minmax,0,True,False
312,64,22,minmax,1,True,False
312,64,22,minmax,2,True,False
312,64,22,p99_5,0,False,False
312,64,22,p99_5,1,False,False
312,64,22,p99_5,2,False,False
312,64,23,minmax,0,True,False
312,64,23,minmax,1,True,False
312,64,23,minmax,2,True,False
312,64,23,p99_5,0,False,False
312,64,23,p99_5,1,False,False
312,64,23,p99_5,2,False,False
312,64,24,minmax,0,True,False
312,64,24,minmax,1,True,False
312,64,24,minmax,2,True,False
312,64,24,p99_5,0,False,False
312,64,24,p99_5,1,False,False
312,64,24,p99_5,2,False,False
312,64,25,minmax,0,True,False
312,64,25,minmax,1,True,False
312,64,25,minmax,2,True,False
312,64,25,p99_5,0,False,False
312,64,25,p99_5,1,False,False
312,64,25,p99_5,2,False,False
312,64,26,minmax,0,True,False
312,64,26,minmax,1,True,False
312,64,26,minmax,2,True,False
312,64,26,p99_5,0,False,False
312,64,26,p99_5,1,False,False
312,64,26,p99_5,2,False,False
312,64,27,minmax,0,True,False
312,64,27,minmax,1,True,False
312,64,27,minmax,2,True,False
312,64,27,p99_5,0,False,False
312,64,27,p99_5,1,False,False
312,64,27,p99_5,2,False,False
312,64,28,minmax,0,True,False
312,64,28,minmax,1,True,False
312,64,28,minmax,2,True,False
312,64,28,p99_5,0,True,True
312,64,28,p99_5,1,False,False
312,64,28,p99_5,2,False,False
312,64,29,minmax,0,True,False
312,64,29,minmax,1,True,False
312,64,29,minmax,2,True,False
312,64,29,p99_5,0,False,False
312,64,29,p99_5,1,False,False
312,64,29,p99_5,2,False,False
312,64,30,minmax,0,True,False
312,64,30,minmax,1,True,False
312,64,30,minmax,2,True,False
312,64,30,p99_5,0,True,True
312,64,30,p99_5,1,False,False
312,64,30,p99_5,2,False,False
312,64,31,minmax,0,True,False
312,64,31,minmax,1,True,False
312,64,31,minmax,2,True,False
312,64,31,p99_5,0,False,False
312,64,31,p99_5,1,False,False
312,64,31,p99_5,2,False,False
312,64,32,minmax,0,True,False
312,64,32,minmax,1,True,False
312,64,32,minmax,2,True,False
312,64,32,p99_5,0,True,True
312,64,32,p99_5,1,False,False
312,64,32,p99_5,2,False,False
312,64,33,minmax,0,True,True
312,64,33,minmax,1,True,False
312,64,33,minmax,2,True,False
312,64,33,p99_5,0,False,False
312,64,33,p99_5,1,False,False
312,64,33,p99_5,2,False,False
312,64,34,minmax,0,True,False
312,64,34,minmax,1,True,False
312,64,34,minmax,2,True,False
312,64,34,p99_5,0,False,False
312,64,34,p99_5,1,False,False
312,64,34,p99_5,2,False,False
312,64,35,minmax,0,True,False
312,64,35,minmax,1,True,False
312,64,35,minmax,2,True,False
312,64,35,p99_5,0,False,False
312,64,35,p99_5,1,False,False
312,64,35,p99_5,2,False,False
312,64,36,minmax,0,True,False
312,64,36,minmax,1,True,False
312,64,36,minmax,2,True,False
312,64,36,p99_5,0,False,False
312,64,36,p99_5,1,False,False
312,64,36,p99_5,2,False,False
312,64,37,minmax,0,True,True
312,64,37,minmax,1,True,False
312,64,37,minmax,2,True,False
312,64,37,p99_5,0,False,False
312,64,37,p99_5,1,False,False
312,64,37,p99_5,2,False,False
312,64,38,minmax,0,True,False
312,64,38,minmax,1,True,False
312,64,38,minmax,2,True,False
312,64,38,p99_5,0,True,True
312,64,38,p99_5,1,False,False
312,64,38,p99_5,2,False,False
312,64,39,minmax,0,True,False
312,64,39,minmax,1,True,False
312,64,39,minmax,2,True,False
312,64,39,p99_5,0,True,True
312,64,39,p99_5,1,False,False
312,64,39,p99_5,2,False,False
312,64,40,minmax,0,True,False
312,64,40,minmax,1,True,False
312,64,40,minmax,2,True,False
312,64,40,p99_5,0,False,False
312,64,40,p99_5,1,False,False
312,64,40,p99_5,2,False,False
312,64,41,minmax,0,True,False
312,64,41,minmax,1,True,False
312,64,41,minmax,2,True,False
312,64,41,p99_5,0,False,False
312,64,41,p99_5,1,False,False
312,64,41,p99_5,2,False,False
312,64,42,minmax,0,True,False
312,64,42,minmax,1,True,False
312,64,42,minmax,2,True,False
312,64,42,p99_5,0,False,False
312,64,42,p99_5,1,False,False
312,64,42,p99_5,2,False,False
312,64,43,minmax,0,True,False
312,64,43,minmax,1,True,False
312,64,43,minmax,2,True,False
312,64,43,p99_5,0,False,False
312,64,43,p99_5,1,False,False
312,64,43,p99_5,2,False,False
312,64,44,minmax,0,True,True
312,64,44,minmax,1,True,False
312,64,44,minmax,2,True,False
312,64,44,p99_5,0,False,False
312,64,44,p99_5,1,False,False
312,64,44,p99_5,2,False,False
312,64,45,minmax,0,True,False
312,64,45,minmax,1,True,False
312,64,45,minmax,2,True,False
312,64,45,p99_5,0,True,True
312,64,45,p99_5,1,False,False
312,64,45,p99_5,2,False,False
312,64,46,minmax,0,True,False
312,64,46,minmax,1,True,False
312,64,46,minmax,2,True,False
312,64,46,p99_5,0,False,False
312,64,46,p99_5,1,False,False
312,64,46,p99_5,2,False,False
312,64,47,minmax,0,True,False
312,64,47,minmax,1,True,False
312,64,47,minmax,2,True,False
312,64,47,p99_5,0,False,False
312,64,47,p99_5,1,False,False
312,64,47,p99_5,2,False,False
312,64,48,minmax,0,True,False
312,64,48,minmax,1,True,False
312,64,48,minmax,2,True,False
312,64,48,p99_5,0,False,False
312,64,48,p99_5,1,False,False
312,64,48,p99_5,2,False,False
312,64,49,minmax,0,True,False
312,64,49,minmax,1,True,False
312,64,49,minmax,2,True,False
312,64,49,p99_5,0,False,False
312,64,49,p99_5,1,False,False
312,64,49,p99_5,2,False,False
312,64,50,minmax,0,True,True
312,64,50,minmax,1,True,False
312,64,50,minmax,2,True,False
312,64,50,p99_5,0,True,True
312,64,50,p99_5,1,False,False
312,64,50,p99_5,2,False,False
312,64,51,minmax,0,True,False
312,64,51,minmax,1,True,False
312,64,51,minmax,2,True,False
312,64,51,p99_5,0,False,False
312,64,51,p99_5,1,False,False
312,64,51,p99_5,2,False,False
312,64,52,minmax,0,True,False
312,64,52,minmax,1,True,False
312,64,52,minmax,2,True,False
312,64,52,p99_5,0,True,True
312,64,52,p99_5,1,False,False
312,64,52,p99_5,2,False,False
312,64,53,minmax,0,True,False
312,64,53,minmax,1,True,False
312,64,53,minmax,2,True,False
312,64,53,p99_5,0,True,True
312,64,53,p99_5,1,False,False
312,64,53,p99_5,2,False,False
312,64,54,minmax,0,True,False
312,64,54,minmax,1,True,False
312,64,54,minmax,2,True,False
312,64,54,p99_5,0,False,False
312,64,54,p99_5,1,False,False
312,64,54,p99_5,2,False,False
312,64,55,minmax,0,True,False
312,64,55,minmax,1,True,False
312,64,55,minmax,2,True,False
312,64,55,p99_5,0,True,True
312,64,55,p99_5,1,False,False
312,64,55,p99_5,2,False,False
312,64,56,minmax,0,True,False
312,64,56,minmax,1,True,False
312,64,56,minmax,2,True,False
312,64,56,p99_5,0,True,False
312,64,56,p99_5,1,False,False
312,64,56,p99_5,2,False,False
312,64,57,minmax,0,True,False
312,64,57,minmax,1,True,False
312,64,57,minmax,2,True,False
312,64,57,p99_5,0,False,False
312,64,57,p99_5,1,False,False
312,64,57,p99_5,2,False,False
312,64,58,minmax,0,True,True
312,64,58,minmax,1,True,False
312,64,58,minmax,2,True,False
312,64,58,p99_5,0,True,True
312,64,58,p99_5,1,False,False
312,64,58,p99_5,2,False,False
312,64,59,minmax,0,True,False
312,64,59,minmax,1,True,False
312,64,59,minmax,2,True,False
312,64,59,p99_5,0,False,False
312,64,59,p99_5,1,False,False
312,64,59,p99_5,2,False,False
312,64,60,minmax,0,True,True
312,64,60,minmax,1,True,False
312,64,60,minmax,2,True,False
312,64,60,p99_5,0,False,False
312,64,60,p99_5,1,False,False
312,64,60,p99_5,2,False,False
312,64,61,minmax,0,True,False
312,64,61,minmax,1,True,False
312,64,61,minmax,2,True,False
312,64,61,p99_5,0,False,False
312,64,61,p99_5,1,False,False
312,64,61,p99_5,2,False,False
312,64,62,minmax,0,True,False
312,64,62,minmax,1,True,False
312,64,62,minmax,2,True,False
312,64,62,p99_5,0,False,False
312,64,62,p99_5,1,False,False
312,64,62,p99_5,2,False,False
312,64,63,minmax,0,True,True
312,64,63,minmax,1,True,False
312,64,63,minmax,2,True,False
312,64,63,p99_5,0,False,False
312,64,63,p99_5,1,False,False
312,64,63,p99_5,2,False,False
312,64,64,minmax,0,True,False
312,64,64,minmax,1,True,False
312,64,64,minmax,2,True,False
312,64,64,p99_5,0,False,False
312,64,64,p99_5,1,False,False
312,64,64,p99_5,2,False,False
312,64,65,minmax,0,True,False
312,64,65,minmax,1,True,False
312,64,65,minmax,2,True,False
312,64,65,p99_5,0,True,True
312,64,65,p99_5,1,False,False
312,64,65,p99_5,2,False,False
312,64,66,minmax,0,True,False
312,64,66,minmax,1,True,False
312,64,66,minmax,2,True,False
312,64,66,p99_5,0,False,False
312,64,66,p99_5,1,False,False
312,64,66,p99_5,2,False,False
312,64,67,minmax,0,True,True
312,64,67,minmax,1,True,False
312,64,67,minmax,2,True,False
312,64,67,p99_5,0,False,False
312,64,67,p99_5,1,False,False
312,64,67,p99_5,2,False,False
312,64,68,minmax,0,True,False
312,64,68,minmax,1,True,False
312,64,68,minmax,2,True,False
312,64,68,p99_5,0,True,True
312,64,68,p99_5,1,False,False
312,64,68,p99_5,2,False,False
312,64,69,minmax,0,True,False
312,64,69,minmax,1,True,False
312,64,69,minmax,2,True,False
312,64,69,p99_5,0,False,False
312,64,69,p99_5,1,False,False
312,64,69,p99_5,2,False,False
312,64,70,minmax,0,True,True
312,64,70,minmax,1,True,False
312,64,70,minmax,2,True,False
312,64,70,p99_5,0,False,False
312,64,70,p99_5,1,False,False
312,64,70,p99_5,2,False,False
312,64,71,minmax,0,True,False
312,64,71,minmax,1,True,False
312,64,71,minmax,2,True,False
312,64,71,p99_5,0,True,True
312,64,71,p99_5,1,False,False
312,64,71,p99_5,2,False,False
312,64,72,minmax,0,True,False
312,64,72,minmax,1,True,False
312,64,72,minmax,2,True,False
312,64,72,p99_5,0,True,True
312,64,72,p99_5,1,False,False
312,64,72,p99_5,2,False,False
312,64,73,minmax,0,True,False
312,64,73,minmax,1,True,False
312,64,73,minmax,2,True,False
312,64,73,p99_5,0,True,False
312,64,73,p99_5,1,False,False
312,64,73,p99_5,2,False,False
312,64,74,minmax,0,True,False
312,64,74,minmax,1,True,False
312,64,74,minmax,2,True,False
312,64,74,p99_5,0,False,False
312,64,74,p99_5,1,False,False
312,64,74,p99_5,2,False,False
312,64,75,minmax,0,True,False
312,64,75,minmax,1,True,False
312,64,75,minmax,2,True,False
312,64,75,p99_5,0,False,False
312,64,75,p99_5,1,False,False
312,64,75,p99_5,2,False,False
312,64,76,minmax,0,True,False
312,64,76,minmax,1,True,False
312,64,76,minmax,2,True,False
312,64,76,p99_5,0,False,False
312,64,76,p99_5,1,False,False
312,64,76,p99_5,2,False,False
312,64,77,minmax,0,True,False
312,64,77,minmax,1,True,False
312,64,77,minmax,2,True,False
312,64,77,p99_5,0,False,False
312,64,77,p99_5,1,False,False
312,64,77,p99_5,2,False,False
312,64,78,minmax,0,True,False
312,64,78,minmax,1,True,False
312,64,78,minmax,2,True,False
312,64,78,p99_5,0,True,True
312,64,78,p99_5,1,False,False
312,64,78,p99_5,2,False,False
312,64,79,minmax,0,True,False
312,64,79,minmax,1,True,False
312,64,79,minmax,2,True,False
312,64,79,p99_5,0,False,False
312,64,79,p99_5,1,False,False
312,64,79,p99_5,2,False,False
312,64,80,minmax,0,True,False
312,64,80,minmax,1,True,False
312,64,80,minmax,2,True,False
312,64,80,p99_5,0,False,False
312,64,80,p99_5,1,False,False
312,64,80,p99_5,2,False,False
312,64,81,minmax,0,True,False
312,64,81,minmax,1,True,False
312,64,81,minmax,2,True,False
312,64,81,p99_5,0,True,True
312,64,81,p99_5,1,False,False
312,64,81,p99_5,2,False,False
312,64,82,minmax,0,True,False
312,64,82,minmax,1,True,False
312,64,82,minmax,2,True,False
312,64,82,p99_5,0,False,False
312,64,82,p99_5,1,False,False
312,64,82,p99_5,2,False,False
312,64,83,minmax,0,True,False
312,64,83,minmax,1,True,False
312,64,83,minmax,2,True,False
312,64,83,p99_5,0,True,True
312,64,83,p99_5,1,False,False
312,64,83,p99_5,2,False,False
312,64,84,minmax,0,True,False
312,64,84,minmax,1,True,False
312,64,84,minmax,2,True,False
312,64,84,p99_5,0,True,True
312,64,84,p99_5,1,False,False
312,64,84,p99_5,2,False,False
312,64,85,minmax,0,True,False
312,64,85,minmax,1,True,False
312,64,85,minmax,2,True,False
312,64,85,p99_5,0,False,False
312,64,85,p99_5,1,False,False
312,64,85,p99_5,2,False,False
312,64,86,minmax,0,True,False
312,64,86,minmax,1,True,False
312,64,86,minmax,2,True,False
312,64,86,p99_5,0,False,False
312,64,86,p99_5,1,False,False
312,64,86,p99_5,2,False,False
312,64,87,minmax,0,True,False
312,64,87,minmax,1,True,False
312,64,87,minmax,2,True,False
312,64,87,p99_5,0,False,False
312,64,87,p99_5,1,False,False
312,64,87,p99_5,2,False,False
312,64,88,minmax,0,True,False
312,64,88,minmax,1,True,False
312,64,88,minmax,2,True,False
312,64,88,p99_5,0,True,False
312,64,88,p99_5,1,False,False
312,64,88,p99_5,2,False,False
312,64,89,minmax,0,True,False
312,64,89,minmax,1,True,False
312,64,89,minmax,2,True,False
312,64,89,p99_5,0,True,False
312,64,89,p99_5,1,False,False
312,64,89,p99_5,2,False,False
312,64,90,minmax,0,True,True
312,64,90,minmax,1,True,False
312,64,90,minmax,2,True,False
312,64,90,p99_5,0,False,False
312,64,90,p99_5,1,False,False
312,64,90,p99_5,2,False,False
312,64,91,minmax,0,True,False
312,64,91,minmax,1,True,False
312,64,91,minmax,2,True,False
312,64,91,p99_5,0,False,False
312,64,91,p99_5,1,False,False
312,64,91,p99_5,2,False,False
312,64,92,minmax,0,True,False
312,64,92,minmax,1,True,False
312,64,92,minmax,2,True,False
312,64,92,p99_5,0,False,False
312,64,92,p99_5,1,False,False
312,64,92,p99_5,2,False,False
312,64,93,minmax,0,True,False
312,64,93,minmax,1,True,False
312,64,93,minmax,2,True,False
312,64,93,p99_5,0,False,False
312,64,93,p99_5,1,False,False
312,64,93,p99_5,2,False,False
312,64,94,minmax,0,True,False
312,64,94,minmax,1,True,False
312,64,94,minmax,2,True,False
312,64,94,p99_5,0,False,False
312,64,94,p99_5,1,False,False
312,64,94,p99_5,2,False,False
312,64,95,minmax,0,True,False
312,64,95,minmax,1,True,False
312,64,95,minmax,2,True,False
312,64,95,p99_5,0,False,False
312,64,95,p99_5,1,False,False
312,64,95,p99_5,2,False,False
312,64,96,minmax,0,True,False
312,64,96,minmax,1,True,False
312,64,96,minmax,2,True,False
312,64,96,p99_5,0,True,True
312,64,96,p99_5,1,False,False
312,64,96,p99_5,2,False,False
312,64,97,minmax,0,True,False
312,64,97,minmax,1,True,False
312,64,97,minmax,2,True,False
312,64,97,p99_5,0,False,False
312,64,97,p99_5,1,False,False
312,64,97,p99_5,2,False,False
312,64,98,minmax,0,True,False
312,64,98,minmax,1,True,False
312,64,98,minmax,2,True,False
312,64,98,p99_5,0,False,False
312,64,98,p99_5,1,False,False
312,64,98,p99_5,2,False,False
312,64,99,minmax,0,True,False
312,64,99,minmax,1,True,False
312,64,99,minmax,2,True,False
312,64,99,p99_5,0,False,False
312,64,99,p99_5,1,False,False
312,64,99,p99_5,2,False,False
312,64,100,minmax,0,True,False
312,64,100,minmax,1,True,False
312,64,100,minmax,2,True,False
312,64,100,p99_5,0,False,False
312,64,100,p99_5,1,False,False
312,64,100,p99_5,2,False,False
312,64,101,minmax,0,True,False
312,64,101,minmax,1,True,False
312,64,101,minmax,2,True,False
312,64,101,p99_5,0,False,False
312,64,101,p99_5,1,False,False
312,64,101,p99_5,2,False,False
312,64,102,minmax,0,True,False
312,64,102,minmax,1,True,False
312,64,102,minmax,2,True,False
312,64,102,p99_5,0,True,True
312,64,102,p99_5,1,False,False
312,64,102,p99_5,2,False,False
312,64,103,minmax,0,True,True
312,64,103,minmax,1,True,False
312,64,103,minmax,2,True,False
312,64,103,p99_5,0,True,True
312,64,103,p99_5,1,False,False
312,64,103,p99_5,2,False,False
312,64,104,minmax,0,True,False
312,64,104,minmax,1,True,False
312,64,104,minmax,2,True,False
312,64,104,p99_5,0,False,False
312,64,104,p99_5,1,False,False
312,64,104,p99_5,2,False,False
312,64,105,minmax,0,True,False
312,64,105,minmax,1,True,False
312,64,105,minmax,2,True,False
312,64,105,p99_5,0,False,False
312,64,105,p99_5,1,False,False
312,64,105,p99_5,2,False,False
312,64,106,minmax,0,True,False
312,64,106,minmax,1,True,False
312,64,106,minmax,2,True,False
312,64,106,p99_5,0,False,False
312,64,106,p99_5,1,False,False
312,64,106,p99_5,2,False,False
312,64,107,minmax,0,True,True
312,64,107,minmax,1,True,False
312,64,107,minmax,2,True,False
312,64,107,p99_5,0,False,False
312,64,107,p99_5,1,False,False
312,64,107,p99_5,2,False,False
312,64,108,minmax,0,True,False
312,64,108,minmax,1,True,False
312,64,108,minmax,2,True,False
312,64,108,p99_5,0,True,False
312,64,108,p99_5,1,False,False
312,64,108,p99_5,2,False,False
312,64,109,minmax,0,True,False
312,64,109,minmax,1,True,False
312,64,109,minmax,2,True,False
312,64,109,p99_5,0,False,False
312,64,109,p99_5,1,False,False
312,64,109,p99_5,2,False,False
312,64,110,minmax,0,True,False
312,64,110,minmax,1,True,False
312,64,110,minmax,2,True,False
312,64,110,p99_5,0,False,False
312,64,110,p99_5,1,False,False
312,64,110,p99_5,2,False,False
312,64,111,minmax,0,True,False
312,64,111,minmax,1,True,False
312,64,111,minmax,2,True,False
312,64,111,p99_5,0,False,False
312,64,111,p99_5,1,False,False
312,64,111,p99_5,2,False,False
312,64,112,minmax,0,True,True
312,64,112,minmax,1,True,False
312,64,112,minmax,2,True,False
312,64,112,p99_5,0,True,True
312,64,112,p99_5,1,False,False
312,64,112,p99_5,2,False,False
312,64,113,minmax,0,True,False
312,64,113,minmax,1,True,False
312,64,113,minmax,2,True,False
312,64,113,p99_5,0,False,False
312,64,113,p99_5,1,False,False
312,64,113,p99_5,2,False,False
312,64,114,minmax,0,True,False
312,64,114,minmax,1,True,False
312,64,114,minmax,2,True,False
312,64,114,p99_5,0,True,True
312,64,114,p99_5,1,False,False
312,64,114,p99_5,2,False,False
312,64,115,minmax,0,True,False
312,64,115,minmax,1,True,False
312,64,115,minmax,2,True,False
312,64,115,p99_5,0,False,False
312,64,115,p99_5,1,False,False
312,64,115,p99_5,2,False,False
312,64,116,minmax,0,True,False
312,64,116,minmax,1,True,False
312,64,116,minmax,2,True,False
312,64,116,p99_5,0,False,False
312,64,116,p99_5,1,False,False
312,64,116,p99_5,2,False,False
312,64,117,minmax,0,True,False
312,64,117,minmax,1,True,False
312,64,117,minmax,2,True,False
312,64,117,p99_5,0,True,True
312,64,117,p99_5,1,False,False
312,64,117,p99_5,2,False,False
312,64,118,minmax,0,True,False
312,64,118,minmax,1,True,False
312,64,118,minmax,2,True,False
312,64,118,p99_5,0,True,False
312,64,118,p99_5,1,False,False
312,64,118,p99_5,2,False,False
312,64,119,minmax,0,True,False
312,64,119,minmax,1,True,False
312,64,119,minmax,2,True,False
312,64,119,p99_5,0,True,True
312,64,119,p99_5,1,False,False
312,64,119,p99_5,2,False,False
312,64,120,minmax,0,True,True
312,64,120,minmax,1,True,False
312,64,120,minmax,2,True,False
312,64,120,p99_5,0,True,True
312,64,120,p99_5,1,False,False
312,64,120,p99_5,2,False,False
312,64,121,minmax,0,True,False
312,64,121,minmax,1,True,False
312,64,121,minmax,2,True,False
312,64,121,p99_5,0,True,True
312,64,121,p99_5,1,False,False
312,64,121,p99_5,2,False,False
312,64,122,minmax,0,True,False
312,64,122,minmax,1,True,False
312,64,122,minmax,2,True,False
312,64,122,p99_5,0,False,False
312,64,122,p99_5,1,False,False
312,64,122,p99_5,2,False,False
312,64,123,minmax,0,True,False
312,64,123,minmax,1,True,False
312,64,123,minmax,2,True,False
312,64,123,p99_5,0,True,True
312,64,123,p99_5,1,False,False
312,64,123,p99_5,2,False,False
312,64,124,minmax,0,True,False
312,64,124,minmax,1,True,False
312,64,124,minmax,2,True,False
312,64,124,p99_5,0,False,False
312,64,124,p99_5,1,False,False
312,64,124,p99_5,2,False,False
312,64,125,minmax,0,True,False
312,64,125,minmax,1,True,False
312,64,125,minmax,2,True,False
312,64,125,p99_5,0,False,False
312,64,125,p99_5,1,False,False
312,64,125,p99_5,2,False,False
312,64,126,minmax,0,True,False
312,64,126,minmax,1,True,False
312,64,126,minmax,2,True,False
312,64,126,p99_5,0,False,False
312,64,126,p99_5,1,False,False
312,64,126,p99_5,2,False,False
312,64,127,minmax,0,True,False
312,64,127,minmax,1,True,False
312,64,127,minmax,2,True,False
312,64,127,p99_5,0,True,True
312,64,127,p99_5,1,False,False
312,64,127,p99_5,2,False,False
312,64,128,minmax,0,True,False
312,64,128,minmax,1,True,False
312,64,128,minmax,2,True,False
312,64,128,p99_5,0,True,True
312,64,128,p99_5,1,False,False
312,64,128,p99_5,2,False,False
312,64,129,minmax,0,True,False
312,64,129,minmax,1,True,False
312,64,129,minmax,2,True,False
312,64,129,p99_5,0,True,True
312,64,129,p99_5,1,False,False
312,64,129,p99_5,2,False,False
312,64,130,minmax,0,True,True
312,64,130,minmax,1,True,False
312,64,130,minmax,2,True,False
312,64,130,p99_5,0,False,False
312,64,130,p99_5,1,False,False
312,64,130,p99_5,2,False,False
312,64,131,minmax,0,True,True
312,64,131,minmax,1,True,False
312,64,131,minmax,2,True,False
312,64,131,p99_5,0,False,False
312,64,131,p99_5,1,False,False
312,64,131,p99_5,2,False,False
312,64,132,minmax,0,True,True
312,64,132,minmax,1,True,False
312,64,132,minmax,2,True,False
312,64,132,p99_5,0,False,False
312,64,132,p99_5,1,False,False
312,64,132,p99_5,2,False,False
312,64,133,minmax,0,True,False
312,64,133,minmax,1,True,False
312,64,133,minmax,2,True,False
312,64,133,p99_5,0,False,False
312,64,133,p99_5,1,False,False
312,64,133,p99_5,2,False,False
312,64,134,minmax,0,True,False
312,64,134,minmax,1,True,False
312,64,134,minmax,2,True,False
312,64,134,p99_5,0,False,False
312,64,134,p99_5,1,False,False
312,64,134,p99_5,2,False,False
312,64,135,minmax,0,True,True
312,64,135,minmax,1,True,False
312,64,135,minmax,2,True,False
312,64,135,p99_5,0,True,True
312,64,135,p99_5,1,False,False
312,64,135,p99_5,2,False,False
312,64,136,minmax,0,True,True
312,64,136,minmax,1,True,False
312,64,136,minmax,2,True,False
312,64,136,p99_5,0,False,False
312,64,136,p99_5,1,False,False
312,64,136,p99_5,2,False,False
312,64,137,minmax,0,True,False
312,64,137,minmax,1,True,False
312,64,137,minmax,2,True,False
312,64,137,p99_5,0,True,False
312,64,137,p99_5,1,False,False
312,64,137,p99_5,2,False,False
312,64,138,minmax,0,True,False
312,64,138,minmax,1,True,False
312,64,138,minmax,2,True,False
312,64,138,p99_5,0,True,True
312,64,138,p99_5,1,False,False
312,64,138,p99_5,2,False,False
312,64,139,minmax,0,True,False
312,64,139,minmax,1,True,False
312,64,139,minmax,2,True,False
312,64,139,p99_5,0,False,False
312,64,139,p99_5,1,False,False
312,64,139,p99_5,2,False,False
312,64,140,minmax,0,True,False
312,64,140,minmax,1,True,False
312,64,140,minmax,2,True,False
312,64,140,p99_5,0,True,True
312,64,140,p99_5,1,False,False
312,64,140,p99_5,2,False,False
312,64,141,minmax,0,True,False
312,64,141,minmax,1,True,False
312,64,141,minmax,2,True,False
312,64,141,p99_5,0,True,True
312,64,141,p99_5,1,False,False
312,64,141,p99_5,2,False,False
312,64,142,minmax,0,True,True
312,64,142,minmax,1,True,False
312,64,142,minmax,2,True,False
312,64,142,p99_5,0,True,False
312,64,142,p99_5,1,False,False
312,64,142,p99_5,2,False,False
312,64,143,minmax,0,True,True
312,64,143,minmax,1,True,False
312,64,143,minmax,2,True,False
312,64,143,p99_5,0,False,False
312,64,143,p99_5,1,False,False
312,64,143,p99_5,2,False,False
312,64,144,minmax,0,True,False
312,64,144,minmax,1,True,False
312,64,144,minmax,2,True,False
312,64,144,p99_5,0,True,True
312,64,144,p99_5,1,False,False
312,64,144,p99_5,2,False,False
312,64,145,minmax,0,True,False
312,64,145,minmax,1,True,False
312,64,145,minmax,2,True,False
312,64,145,p99_5,0,True,True
312,64,145,p99_5,1,False,False
312,64,145,p99_5,2,False,False
312,64,146,minmax,0,True,False
312,64,146,minmax,1,True,False
312,64,146,minmax,2,True,False
312,64,146,p99_5,0,False,False
312,64,146,p99_5,1,False,False
312,64,146,p99_5,2,False,False
312,64,147,minmax,0,True,False
312,64,147,minmax,1,True,False
312,64,147,minmax,2,True,False
312,64,147,p99_5,0,True,True
312,64,147,p99_5,1,False,False
312,64,147,p99_5,2,False,False
312,64,148,minmax,0,True,False
312,64,148,minmax,1,True,False
312,64,148,minmax,2,True,False
312,64,148,p99_5,0,True,True
312,64,148,p99_5,1,False,False
312,64,148,p99_5,2,False,False
312,64,149,minmax,0,True,False
312,64,149,minmax,1,True,False
312,64,149,minmax,2,True,False
312,64,149,p99_5,0,False,False
312,64,149,p99_5,1,False,False
312,64,149,p99_5,2,False,False
312,256,0,minmax,0,True,True
312,256,0,minmax,1,True,False
312,256,0,minmax,2,True,False
312,256,0,p99_5,0,False,False
312,256,0,p99_5,1,False,False
312,256,0,p99_5,2,False,False
312,256,1,minmax,0,True,False
312,256,1,minmax,1,True,False
312,256,1,minmax,2,True,False
312,256,1,p99_5,0,True,True
312,256,1,p99_5,1,False,False
312,256,1,p99_5,2,False,False
312,256,2,minmax,0,True,False
312,256,2,minmax,1,True,False
312,256,2,minmax,2,True,False
312,256,2,p99_5,0,False,False
312,256,2,p99_5,1,False,False
312,256,2,p99_5,2,False,False
312,256,3,minmax,0,True,False
312,256,3,minmax,1,True,False
312,256,3,minmax,2,True,False
312,256,3,p99_5,0,True,True
312,256,3,p99_5,1,False,False
312,256,3,p99_5,2,False,False
312,256,4,minmax,0,True,False
312,256,4,minmax,1,True,False
312,256,4,minmax,2,True,False
312,256,4,p99_5,0,False,False
312,256,4,p99_5,1,False,False
312,256,4,p99_5,2,False,False
312,256,5,minmax,0,True,False
312,256,5,minmax,1,True,False
312,256,5,minmax,2,True,False
312,256,5,p99_5,0,True,True
312,256,5,p99_5,1,False,False
312,256,5,p99_5,2,False,False
312,256,6,minmax,0,True,False
312,256,6,minmax,1,True,False
312,256,6,minmax,2,True,False
312,256,6,p99_5,0,True,True
312,256,6,p99_5,1,False,False
312,256,6,p99_5,2,False,False
312,256,7,minmax,0,True,False
312,256,7,minmax,1,True,False
312,256,7,minmax,2,True,False
312,256,7,p99_5,0,False,False
312,256,7,p99_5,1,False,False
312,256,7,p99_5,2,False,False
312,256,8,minmax,0,True,False
312,256,8,minmax,1,True,False
312,256,8,minmax,2,True,False
312,256,8,p99_5,0,False,False
312,256,8,p99_5,1,False,False
312,256,8,p99_5,2,False,False
312,256,9,minmax,0,True,False
312,256,9,minmax,1,True,False
312,256,9,minmax,2,True,False
312,256,9,p99_5,0,True,True
312,256,9,p99_5,1,False,False
312,256,9,p99_5,2,False,False
312,256,10,minmax,0,True,False
312,256,10,minmax,1,True,False
312,256,10,minmax,2,True,False
312,256,10,p99_5,0,False,False
312,256,10,p99_5,1,False,False
312,256,10,p99_5,2,False,False
312,256,11,minmax,0,True,False
312,256,11,minmax,1,True,False
312,256,11,minmax,2,True,False
312,256,11,p99_5,0,True,True
312,256,11,p99_5,1,False,False
312,256,11,p99_5,2,False,False
312,256,12,minmax,0,True,False
312,256,12,minmax,1,True,False
312,256,12,minmax,2,True,False
312,256,12,p99_5,0,False,False
312,256,12,p99_5,1,False,False
312,256,12,p99_5,2,False,False
312,256,13,minmax,0,True,False
312,256,13,minmax,1,True,False
312,256,13,minmax,2,True,False
312,256,13,p99_5,0,True,True
312,256,13,p99_5,1,False,False
312,256,13,p99_5,2,False,False
312,256,14,minmax,0,True,False
312,256,14,minmax,1,True,False
312,256,14,minmax,2,True,False
312,256,14,p99_5,0,True,True
312,256,14,p99_5,1,False,False
312,256,14,p99_5,2,False,False
312,256,15,minmax,0,True,False
312,256,15,minmax,1,True,False
312,256,15,minmax,2,True,False
312,256,15,p99_5,0,False,False
312,256,15,p99_5,1,False,False
312,256,15,p99_5,2,False,False
312,256,16,minmax,0,True,False
312,256,16,minmax,1,True,False
312,256,16,minmax,2,True,False
312,256,16,p99_5,0,False,False
312,256,16,p99_5,1,False,False
312,256,16,p99_5,2,False,False
312,256,17,minmax,0,True,False
312,256,17,minmax,1,True,False
312,256,17,minmax,2,True,False
312,256,17,p99_5,0,True,True
312,256,17,p99_5,1,False,False
312,256,17,p99_5,2,False,False
312,256,18,minmax,0,True,True
312,256,18,minmax,1,True,False
312,256,18,minmax,2,True,False
312,256,18,p99_5,0,True,True
312,256,18,p99_5,1,False,False
312,256,18,p99_5,2,False,False
312,256,19,minmax,0,True,False
312,256,19,minmax,1,True,False
312,256,19,minmax,2,True,False
312,256,19,p99_5,0,False,False
312,256,19,p99_5,1,False,False
312,256,19,p99_5,2,False,False
312,256,20,minmax,0,True,True
312,256,20,minmax,1,True,False
312,256,20,minmax,2,True,False
312,256,20,p99_5,0,True,True
312,256,20,p99_5,1,False,False
312,256,20,p99_5,2,False,False
312,256,21,minmax,0,True,False
312,256,21,minmax,1,True,False
312,256,21,minmax,2,True,False
312,256,21,p99_5,0,False,False
312,256,21,p99_5,1,False,False
312,256,21,p99_5,2,False,False
312,256,22,minmax,0,True,False
312,256,22,minmax,1,True,False
312,256,22,minmax,2,True,False
312,256,22,p99_5,0,False,False
312,256,22,p99_5,1,False,False
312,256,22,p99_5,2,False,False
312,256,23,minmax,0,True,False
312,256,23,minmax,1,True,False
312,256,23,minmax,2,True,False
312,256,23,p99_5,0,False,False
312,256,23,p99_5,1,False,False
312,256,23,p99_5,2,False,False
312,256,24,minmax,0,True,False
312,256,24,minmax,1,True,False
312,256,24,minmax,2,True,False
312,256,24,p99_5,0,True,True
312,256,24,p99_5,1,False,False
312,256,24,p99_5,2,False,False
312,256,25,minmax,0,True,False
312,256,25,minmax,1,True,False
312,256,25,minmax,2,True,False
312,256,25,p99_5,0,True,True
312,256,25,p99_5,1,False,False
312,256,25,p99_5,2,False,False
312,256,26,minmax,0,True,False
312,256,26,minmax,1,True,False
312,256,26,minmax,2,True,False
312,256,26,p99_5,0,False,False
312,256,26,p99_5,1,False,False
312,256,26,p99_5,2,False,False
312,256,27,minmax,0,True,False
312,256,27,minmax,1,True,False
312,256,27,minmax,2,True,False
312,256,27,p99_5,0,True,True
312,256,27,p99_5,1,False,False
312,256,27,p99_5,2,False,False
312,256,28,minmax,0,True,False
312,256,28,minmax,1,True,False
312,256,28,minmax,2,True,False
312,256,28,p99_5,0,True,True
312,256,28,p99_5,1,False,False
312,256,28,p99_5,2,False,False
312,256,29,minmax,0,True,True
312,256,29,minmax,1,True,False
312,256,29,minmax,2,True,False
312,256,29,p99_5,0,True,True
312,256,29,p99_5,1,False,False
312,256,29,p99_5,2,False,False
312,256,30,minmax,0,True,False
312,256,30,minmax,1,True,False
312,256,30,minmax,2,True,False
312,256,30,p99_5,0,False,False
312,256,30,p99_5,1,False,False
312,256,30,p99_5,2,False,False
312,256,31,minmax,0,True,False
312,256,31,minmax,1,True,False
312,256,31,minmax,2,True,False
312,256,31,p99_5,0,False,False
312,256,31,p99_5,1,False,False
312,256,31,p99_5,2,False,False
312,256,32,minmax,0,True,False
312,256,32,minmax,1,True,False
312,256,32,minmax,2,True,False
312,256,32,p99_5,0,True,True
312,256,32,p99_5,1,False,False
312,256,32,p99_5,2,False,False
312,256,33,minmax,0,True,True
312,256,33,minmax,1,True,False
312,256,33,minmax,2,True,False
312,256,33,p99_5,0,True,True
312,256,33,p99_5,1,False,False
312,256,33,p99_5,2,False,False
312,256,34,minmax,0,True,False
312,256,34,minmax,1,True,False
312,256,34,minmax,2,True,False
312,256,34,p99_5,0,True,True
312,256,34,p99_5,1,False,False
312,256,34,p99_5,2,False,False
312,256,35,minmax,0,True,False
312,256,35,minmax,1,True,False
312,256,35,minmax,2,True,False
312,256,35,p99_5,0,True,False
312,256,35,p99_5,1,False,False
312,256,35,p99_5,2,False,False
312,256,36,minmax,0,True,False
312,256,36,minmax,1,True,False
312,256,36,minmax,2,True,False
312,256,36,p99_5,0,False,False
312,256,36,p99_5,1,False,False
312,256,36,p99_5,2,False,False
312,256,37,minmax,0,True,False
312,256,37,minmax,1,True,False
312,256,37,minmax,2,True,False
312,256,37,p99_5,0,True,True
312,256,37,p99_5,1,False,False
312,256,37,p99_5,2,False,False
312,256,38,minmax,0,True,True
312,256,38,minmax,1,True,False
312,256,38,minmax,2,True,False
312,256,38,p99_5,0,True,True
312,256,38,p99_5,1,False,False
312,256,38,p99_5,2,False,False
312,256,39,minmax,0,True,False
312,256,39,minmax,1,True,False
312,256,39,minmax,2,True,False
312,256,39,p99_5,0,False,False
312,256,39,p99_5,1,False,False
312,256,39,p99_5,2,False,False
312,256,40,minmax,0,True,False
312,256,40,minmax,1,True,False
312,256,40,minmax,2,True,False
312,256,40,p99_5,0,False,False
312,256,40,p99_5,1,False,False
312,256,40,p99_5,2,False,False
312,256,41,minmax,0,True,False
312,256,41,minmax,1,True,False
312,256,41,minmax,2,True,False
312,256,41,p99_5,0,True,True
312,256,41,p99_5,1,False,False
312,256,41,p99_5,2,False,False
312,256,42,minmax,0,True,False
312,256,42,minmax,1,True,False
312,256,42,minmax,2,True,False
312,256,42,p99_5,0,True,True
312,256,42,p99_5,1,False,False
312,256,42,p99_5,2,False,False
312,256,43,minmax,0,True,False
312,256,43,minmax,1,True,False
312,256,43,minmax,2,True,False
312,256,43,p99_5,0,True,True
312,256,43,p99_5,1,False,False
312,256,43,p99_5,2,False,False
312,256,44,minmax,0,True,False
312,256,44,minmax,1,True,False
312,256,44,minmax,2,True,False
312,256,44,p99_5,0,True,True
312,256,44,p99_5,1,False,False
312,256,44,p99_5,2,False,False
312,256,45,minmax,0,True,False
312,256,45,minmax,1,True,False
312,256,45,minmax,2,True,False
312,256,45,p99_5,0,False,False
312,256,45,p99_5,1,False,False
312,256,45,p99_5,2,False,False
312,256,46,minmax,0,True,False
312,256,46,minmax,1,True,False
312,256,46,minmax,2,True,False
312,256,46,p99_5,0,False,False
312,256,46,p99_5,1,False,False
312,256,46,p99_5,2,False,False
312,256,47,minmax,0,True,False
312,256,47,minmax,1,True,False
312,256,47,minmax,2,True,False
312,256,47,p99_5,0,False,False
312,256,47,p99_5,1,False,False
312,256,47,p99_5,2,False,False
312,256,48,minmax,0,True,False
312,256,48,minmax,1,True,False
312,256,48,minmax,2,True,False
312,256,48,p99_5,0,False,False
312,256,48,p99_5,1,False,False
312,256,48,p99_5,2,False,False
312,256,49,minmax,0,True,False
312,256,49,minmax,1,True,False
312,256,49,minmax,2,True,False
312,256,49,p99_5,0,False,False
312,256,49,p99_5,1,False,False
312,256,49,p99_5,2,False,False
312,256,50,minmax,0,True,False
312,256,50,minmax,1,True,False
312,256,50,minmax,2,True,False
312,256,50,p99_5,0,True,True
312,256,50,p99_5,1,False,False
312,256,50,p99_5,2,False,False
312,256,51,minmax,0,True,False
312,256,51,minmax,1,True,False
312,256,51,minmax,2,True,False
312,256,51,p99_5,0,True,True
312,256,51,p99_5,1,False,False
312,256,51,p99_5,2,False,False
312,256,52,minmax,0,True,False
312,256,52,minmax,1,True,False
312,256,52,minmax,2,True,False
312,256,52,p99_5,0,True,True
312,256,52,p99_5,1,False,False
312,256,52,p99_5,2,False,False
312,256,53,minmax,0,True,False
312,256,53,minmax,1,True,False
312,256,53,minmax,2,True,False
312,256,53,p99_5,0,True,True
312,256,53,p99_5,1,False,False
312,256,53,p99_5,2,False,False
312,256,54,minmax,0,True,False
312,256,54,minmax,1,True,False
312,256,54,minmax,2,True,False
312,256,54,p99_5,0,True,True
312,256,54,p99_5,1,False,False
312,256,54,p99_5,2,False,False
312,256,55,minmax,0,True,False
312,256,55,minmax,1,True,False
312,256,55,minmax,2,True,False
312,256,55,p99_5,0,True,True
312,256,55,p99_5,1,False,False
312,256,55,p99_5,2,False,False
312,256,56,minmax,0,True,False
312,256,56,minmax,1,True,False
312,256,56,minmax,2,True,False
312,256,56,p99_5,0,False,False
312,256,56,p99_5,1,False,False
312,256,56,p99_5,2,False,False
312,256,57,minmax,0,True,False
312,256,57,minmax,1,True,False
312,256,57,minmax,2,True,False
312,256,57,p99_5,0,True,True
312,256,57,p99_5,1,False,False
312,256,57,p99_5,2,False,False
312,256,58,minmax,0,True,False
312,256,58,minmax,1,True,False
312,256,58,minmax,2,True,False
312,256,58,p99_5,0,True,True
312,256,58,p99_5,1,False,False
312,256,58,p99_5,2,False,False
312,256,59,minmax,0,True,False
312,256,59,minmax,1,True,False
312,256,59,minmax,2,True,False
312,256,59,p99_5,0,True,True
312,256,59,p99_5,1,False,False
312,256,59,p99_5,2,False,False
312,256,60,minmax,0,True,False
312,256,60,minmax,1,True,False
312,256,60,minmax,2,True,False
312,256,60,p99_5,0,True,True
312,256,60,p99_5,1,False,False
312,256,60,p99_5,2,False,False
312,256,61,minmax,0,True,True
312,256,61,minmax,1,True,False
312,256,61,minmax,2,True,False
312,256,61,p99_5,0,True,True
312,256,61,p99_5,1,False,False
312,256,61,p99_5,2,False,False
312,256,62,minmax,0,True,False
312,256,62,minmax,1,True,False
312,256,62,minmax,2,True,False
312,256,62,p99_5,0,True,True
312,256,62,p99_5,1,False,False
312,256,62,p99_5,2,False,False
312,256,63,minmax,0,True,False
312,256,63,minmax,1,True,False
312,256,63,minmax,2,True,False
312,256,63,p99_5,0,True,True
312,256,63,p99_5,1,False,False
312,256,63,p99_5,2,False,False
312,256,64,minmax,0,True,False
312,256,64,minmax,1,True,False
312,256,64,minmax,2,True,False
312,256,64,p99_5,0,True,True
312,256,64,p99_5,1,False,False
312,256,64,p99_5,2,False,False
312,256,65,minmax,0,True,False
312,256,65,minmax,1,True,False
312,256,65,minmax,2,True,False
312,256,65,p99_5,0,True,True
312,256,65,p99_5,1,False,False
312,256,65,p99_5,2,False,False
312,256,66,minmax,0,True,False
312,256,66,minmax,1,True,False
312,256,66,minmax,2,True,False
312,256,66,p99_5,0,False,False
312,256,66,p99_5,1,False,False
312,256,66,p99_5,2,False,False
312,256,67,minmax,0,True,False
312,256,67,minmax,1,True,False
312,256,67,minmax,2,True,False
312,256,67,p99_5,0,True,True
312,256,67,p99_5,1,False,False
312,256,67,p99_5,2,False,False
312,256,68,minmax,0,True,False
312,256,68,minmax,1,True,False
312,256,68,minmax,2,True,False
312,256,68,p99_5,0,False,False
312,256,68,p99_5,1,False,False
312,256,68,p99_5,2,False,False
312,256,69,minmax,0,True,False
312,256,69,minmax,1,True,False
312,256,69,minmax,2,True,False
312,256,69,p99_5,0,True,True
312,256,69,p99_5,1,False,False
312,256,69,p99_5,2,False,False
312,256,70,minmax,0,True,False
312,256,70,minmax,1,True,False
312,256,70,minmax,2,True,False
312,256,70,p99_5,0,True,True
312,256,70,p99_5,1,False,False
312,256,70,p99_5,2,False,False
312,256,71,minmax,0,True,False
312,256,71,minmax,1,True,False
312,256,71,minmax,2,True,False
312,256,71,p99_5,0,True,True
312,256,71,p99_5,1,False,False
312,256,71,p99_5,2,False,False
312,256,72,minmax,0,True,False
312,256,72,minmax,1,True,False
312,256,72,minmax,2,True,False
312,256,72,p99_5,0,True,True
312,256,72,p99_5,1,False,False
312,256,72,p99_5,2,False,False
312,256,73,minmax,0,True,True
312,256,73,minmax,1,True,False
312,256,73,minmax,2,True,False
312,256,73,p99_5,0,True,True
312,256,73,p99_5,1,False,False
312,256,73,p99_5,2,False,False
312,256,74,minmax,0,True,False
312,256,74,minmax,1,True,False
312,256,74,minmax,2,True,False
312,256,74,p99_5,0,True,True
312,256,74,p99_5,1,False,False
312,256,74,p99_5,2,False,False
312,256,75,minmax,0,True,False
312,256,75,minmax,1,True,False
312,256,75,minmax,2,True,False
312,256,75,p99_5,0,True,True
312,256,75,p99_5,1,False,False
312,256,75,p99_5,2,False,False
312,256,76,minmax,0,True,False
312,256,76,minmax,1,True,False
312,256,76,minmax,2,True,False
312,256,76,p99_5,0,True,True
312,256,76,p99_5,1,False,False
312,256,76,p99_5,2,False,False
312,256,77,minmax,0,True,False
312,256,77,minmax,1,True,False
312,256,77,minmax,2,True,False
312,256,77,p99_5,0,True,True
312,256,77,p99_5,1,False,False
312,256,77,p99_5,2,False,False
312,256,78,minmax,0,True,False
312,256,78,minmax,1,True,False
312,256,78,minmax,2,True,False
312,256,78,p99_5,0,False,False
312,256,78,p99_5,1,False,False
312,256,78,p99_5,2,False,False
312,256,79,minmax,0,True,False
312,256,79,minmax,1,True,False
312,256,79,minmax,2,True,False
312,256,79,p99_5,0,True,True
312,256,79,p99_5,1,False,False
312,256,79,p99_5,2,False,False
312,256,80,minmax,0,True,False
312,256,80,minmax,1,True,False
312,256,80,minmax,2,True,False
312,256,80,p99_5,0,True,True
312,256,80,p99_5,1,False,False
312,256,80,p99_5,2,False,False
312,256,81,minmax,0,True,True
312,256,81,minmax,1,True,False
312,256,81,minmax,2,True,False
312,256,81,p99_5,0,True,True
312,256,81,p99_5,1,False,False
312,256,81,p99_5,2,False,False
312,256,82,minmax,0,True,False
312,256,82,minmax,1,True,False
312,256,82,minmax,2,True,False
312,256,82,p99_5,0,True,True
312,256,82,p99_5,1,False,False
312,256,82,p99_5,2,False,False
312,256,83,minmax,0,True,False
312,256,83,minmax,1,True,False
312,256,83,minmax,2,True,False
312,256,83,p99_5,0,False,False
312,256,83,p99_5,1,False,False
312,256,83,p99_5,2,False,False
312,256,84,minmax,0,True,False
312,256,84,minmax,1,True,False
312,256,84,minmax,2,True,False
312,256,84,p99_5,0,True,True
312,256,84,p99_5,1,False,False
312,256,84,p99_5,2,False,False
312,256,85,minmax,0,True,False
312,256,85,minmax,1,True,False
312,256,85,minmax,2,True,False
312,256,85,p99_5,0,True,True
312,256,85,p99_5,1,False,False
312,256,85,p99_5,2,False,False
312,256,86,minmax,0,True,True
312,256,86,minmax,1,True,False
312,256,86,minmax,2,True,False
312,256,86,p99_5,0,True,True
312,256,86,p99_5,1,False,False
312,256,86,p99_5,2,False,False
312,256,87,minmax,0,True,False
312,256,87,minmax,1,True,False
312,256,87,minmax,2,True,False
312,256,87,p99_5,0,True,True
312,256,87,p99_5,1,False,False
312,256,87,p99_5,2,False,False
312,256,88,minmax,0,True,False
312,256,88,minmax,1,True,False
312,256,88,minmax,2,True,False
312,256,88,p99_5,0,True,True
312,256,88,p99_5,1,False,False
312,256,88,p99_5,2,False,False
312,256,89,minmax,0,True,False
312,256,89,minmax,1,True,False
312,256,89,minmax,2,True,False
312,256,89,p99_5,0,True,True
312,256,89,p99_5,1,False,False
312,256,89,p99_5,2,False,False
312,256,90,minmax,0,True,False
312,256,90,minmax,1,True,False
312,256,90,minmax,2,True,False
312,256,90,p99_5,0,True,True
312,256,90,p99_5,1,False,False
312,256,90,p99_5,2,False,False
312,256,91,minmax,0,True,False
312,256,91,minmax,1,True,False
312,256,91,minmax,2,True,False
312,256,91,p99_5,0,True,True
312,256,91,p99_5,1,False,False
312,256,91,p99_5,2,False,False
312,256,92,minmax,0,True,False
312,256,92,minmax,1,True,False
312,256,92,minmax,2,True,False
312,256,92,p99_5,0,False,False
312,256,92,p99_5,1,False,False
312,256,92,p99_5,2,False,False
312,256,93,minmax,0,True,False
312,256,93,minmax,1,True,False
312,256,93,minmax,2,True,False
312,256,93,p99_5,0,True,True
312,256,93,p99_5,1,False,False
312,256,93,p99_5,2,False,False
312,256,94,minmax,0,True,False
312,256,94,minmax,1,True,False
312,256,94,minmax,2,True,False
312,256,94,p99_5,0,True,True
312,256,94,p99_5,1,False,False
312,256,94,p99_5,2,False,False
312,256,95,minmax,0,True,False
312,256,95,minmax,1,True,False
312,256,95,minmax,2,True,False
312,256,95,p99_5,0,True,True
312,256,95,p99_5,1,False,False
312,256,95,p99_5,2,False,False
312,256,96,minmax,0,True,False
312,256,96,minmax,1,True,False
312,256,96,minmax,2,True,False
312,256,96,p99_5,0,True,True
312,256,96,p99_5,1,False,False
312,256,96,p99_5,2,False,False
312,256,97,minmax,0,True,False
312,256,97,minmax,1,True,False
312,256,97,minmax,2,True,False
312,256,97,p99_5,0,True,True
312,256,97,p99_5,1,False,False
312,256,97,p99_5,2,False,False
312,256,98,minmax,0,True,True
312,256,98,minmax,1,True,False
312,256,98,minmax,2,True,False
312,256,98,p99_5,0,True,True
312,256,98,p99_5,1,False,False
312,256,98,p99_5,2,False,False
312,256,99,minmax,0,True,False
312,256,99,minmax,1,True,False
312,256,99,minmax,2,True,False
312,256,99,p99_5,0,True,False
312,256,99,p99_5,1,False,False
312,256,99,p99_5,2,False,False
312,256,100,minmax,0,True,False
312,256,100,minmax,1,True,False
312,256,100,minmax,2,True,False
312,256,100,p99_5,0,True,True
312,256,100,p99_5,1,False,False
312,256,100,p99_5,2,False,False
312,256,101,minmax,0,True,False
312,256,101,minmax,1,True,False
312,256,101,minmax,2,True,False
312,256,101,p99_5,0,True,False
312,256,101,p99_5,1,False,False
312,256,101,p99_5,2,False,False
312,256,102,minmax,0,True,True
312,256,102,minmax,1,True,False
312,256,102,minmax,2,True,False
312,256,102,p99_5,0,False,False
312,256,102,p99_5,1,False,False
312,256,102,p99_5,2,False,False
312,256,103,minmax,0,True,True
312,256,103,minmax,1,True,False
312,256,103,minmax,2,True,False
312,256,103,p99_5,0,True,True
312,256,103,p99_5,1,False,False
312,256,103,p99_5,2,False,False
312,256,104,minmax,0,True,False
312,256,104,minmax,1,True,False
312,256,104,minmax,2,True,False
312,256,104,p99_5,0,False,False
312,256,104,p99_5,1,False,False
312,256,104,p99_5,2,False,False
312,256,105,minmax,0,True,False
312,256,105,minmax,1,True,False
312,256,105,minmax,2,True,False
312,256,105,p99_5,0,True,True
312,256,105,p99_5,1,False,False
312,256,105,p99_5,2,False,False
312,256,106,minmax,0,True,True
312,256,106,minmax,1,True,False
312,256,106,minmax,2,True,False
312,256,106,p99_5,0,True,True
312,256,106,p99_5,1,False,False
312,256,106,p99_5,2,False,False
312,256,107,minmax,0,True,False
312,256,107,minmax,1,True,False
312,256,107,minmax,2,True,False
312,256,107,p99_5,0,False,False
312,256,107,p99_5,1,False,False
312,256,107,p99_5,2,False,False
312,256,108,minmax,0,True,False
312,256,108,minmax,1,True,False
312,256,108,minmax,2,True,False
312,256,108,p99_5,0,True,True
312,256,108,p99_5,1,False,False
312,256,108,p99_5,2,False,False
312,256,109,minmax,0,True,False
312,256,109,minmax,1,True,False
312,256,109,minmax,2,True,False
312,256,109,p99_5,0,False,False
312,256,109,p99_5,1,False,False
312,256,109,p99_5,2,False,False
312,256,110,minmax,0,True,False
312,256,110,minmax,1,True,False
312,256,110,minmax,2,True,False
312,256,110,p99_5,0,True,True
312,256,110,p99_5,1,False,False
312,256,110,p99_5,2,False,False
312,256,111,minmax,0,True,False
312,256,111,minmax,1,True,False
312,256,111,minmax,2,True,False
312,256,111,p99_5,0,False,False
312,256,111,p99_5,1,False,False
312,256,111,p99_5,2,False,False
312,256,112,minmax,0,True,False
312,256,112,minmax,1,True,False
312,256,112,minmax,2,True,False
312,256,112,p99_5,0,False,False
312,256,112,p99_5,1,False,False
312,256,112,p99_5,2,False,False
312,256,113,minmax,0,True,False
312,256,113,minmax,1,True,False
312,256,113,minmax,2,True,False
312,256,113,p99_5,0,True,False
312,256,113,p99_5,1,False,False
312,256,113,p99_5,2,False,False
312,256,114,minmax,0,True,False
312,256,114,minmax,1,True,False
312,256,114,minmax,2,True,False
312,256,114,p99_5,0,True,True
312,256,114,p99_5,1,False,False
312,256,114,p99_5,2,False,False
312,256,115,minmax,0,True,False
312,256,115,minmax,1,True,False
312,256,115,minmax,2,True,False
312,256,115,p99_5,0,True,False
312,256,115,p99_5,1,False,False
312,256,115,p99_5,2,False,False
312,256,116,minmax,0,True,False
312,256,116,minmax,1,True,False
312,256,116,minmax,2,True,False
312,256,116,p99_5,0,True,True
312,256,116,p99_5,1,False,False
312,256,116,p99_5,2,False,False
312,256,117,minmax,0,True,True
312,256,117,minmax,1,True,False
312,256,117,minmax,2,True,False
312,256,117,p99_5,0,True,True
312,256,117,p99_5,1,False,False
312,256,117,p99_5,2,False,False
312,256,118,minmax,0,True,False
312,256,118,minmax,1,True,False
312,256,118,minmax,2,True,False
312,256,118,p99_5,0,True,True
312,256,118,p99_5,1,False,False
312,256,118,p99_5,2,False,False
312,256,119,minmax,0,True,False
312,256,119,minmax,1,True,False
312,256,119,minmax,2,True,False
312,256,119,p99_5,0,False,False
312,256,119,p99_5,1,False,False
312,256,119,p99_5,2,False,False
312,256,120,minmax,0,True,False
312,256,120,minmax,1,True,False
312,256,120,minmax,2,True,False
312,256,120,p99_5,0,False,False
312,256,120,p99_5,1,False,False
312,256,120,p99_5,2,False,False
312,256,121,minmax,0,True,False
312,256,121,minmax,1,True,False
312,256,121,minmax,2,True,False
312,256,121,p99_5,0,True,True
312,256,121,p99_5,1,False,False
312,256,121,p99_5,2,False,False
312,256,122,minmax,0,True,True
312,256,122,minmax,1,True,False
312,256,122,minmax,2,True,False
312,256,122,p99_5,0,True,True
312,256,122,p99_5,1,False,False
312,256,122,p99_5,2,False,False
312,256,123,minmax,0,True,False
312,256,123,minmax,1,True,False
312,256,123,minmax,2,True,False
312,256,123,p99_5,0,True,True
312,256,123,p99_5,1,False,False
312,256,123,p99_5,2,False,False
312,256,124,minmax,0,True,False
312,256,124,minmax,1,True,False
312,256,124,minmax,2,True,False
312,256,124,p99_5,0,True,True
312,256,124,p99_5,1,False,False
312,256,124,p99_5,2,False,False
312,256,125,minmax,0,True,False
312,256,125,minmax,1,True,False
312,256,125,minmax,2,True,False
312,256,125,p99_5,0,True,False
312,256,125,p99_5,1,False,False
312,256,125,p99_5,2,False,False
312,256,126,minmax,0,True,True
312,256,126,minmax,1,True,False
312,256,126,minmax,2,True,False
312,256,126,p99_5,0,True,True
312,256,126,p99_5,1,False,False
312,256,126,p99_5,2,False,False
312,256,127,minmax,0,True,False
312,256,127,minmax,1,True,False
312,256,127,minmax,2,True,False
312,256,127,p99_5,0,True,True
312,256,127,p99_5,1,False,False
312,256,127,p99_5,2,False,False
312,256,128,minmax,0,True,False
312,256,128,minmax,1,True,False
312,256,128,minmax,2,True,False
312,256,128,p99_5,0,True,True
312,256,128,p99_5,1,False,False
312,256,128,p99_5,2,False,False
312,256,129,minmax,0,True,True
312,256,129,minmax,1,True,False
312,256,129,minmax,2,True,False
312,256,129,p99_5,0,True,True
312,256,129,p99_5,1,False,False
312,256,129,p99_5,2,False,False
312,256,130,minmax,0,True,False
312,256,130,minmax,1,True,False
312,256,130,minmax,2,True,False
312,256,130,p99_5,0,True,True
312,256,130,p99_5,1,False,False
312,256,130,p99_5,2,False,False
312,256,131,minmax,0,True,False
312,256,131,minmax,1,True,False
312,256,131,minmax,2,True,False
312,256,131,p99_5,0,True,True
312,256,131,p99_5,1,False,False
312,256,131,p99_5,2,False,False
312,256,132,minmax,0,True,False
312,256,132,minmax,1,True,False
312,256,132,minmax,2,True,False
312,256,132,p99_5,0,False,False
312,256,132,p99_5,1,False,False
312,256,132,p99_5,2,False,False
312,256,133,minmax,0,True,False
312,256,133,minmax,1,True,False
312,256,133,minmax,2,True,False
312,256,133,p99_5,0,True,True
312,256,133,p99_5,1,False,False
312,256,133,p99_5,2,False,False
312,256,134,minmax,0,True,False
312,256,134,minmax,1,True,False
312,256,134,minmax,2,True,False
312,256,134,p99_5,0,True,True
312,256,134,p99_5,1,False,False
312,256,134,p99_5,2,False,False
312,256,135,minmax,0,True,False
312,256,135,minmax,1,True,False
312,256,135,minmax,2,True,False
312,256,135,p99_5,0,True,True
312,256,135,p99_5,1,False,False
312,256,135,p99_5,2,False,False
312,256,136,minmax,0,True,False
312,256,136,minmax,1,True,False
312,256,136,minmax,2,True,False
312,256,136,p99_5,0,True,True
312,256,136,p99_5,1,False,False
312,256,136,p99_5,2,False,False
312,256,137,minmax,0,True,False
312,256,137,minmax,1,True,False
312,256,137,minmax,2,True,False
312,256,137,p99_5,0,True,True
312,256,137,p99_5,1,False,False
312,256,137,p99_5,2,False,False
312,256,138,minmax,0,True,False
312,256,138,minmax,1,True,False
312,256,138,minmax,2,True,False
312,256,138,p99_5,0,False,False
312,256,138,p99_5,1,False,False
312,256,138,p99_5,2,False,False
312,256,139,minmax,0,True,False
312,256,139,minmax,1,True,False
312,256,139,minmax,2,True,False
312,256,139,p99_5,0,True,True
312,256,139,p99_5,1,False,False
312,256,139,p99_5,2,False,False
312,256,140,minmax,0,True,True
312,256,140,minmax,1,True,False
312,256,140,minmax,2,True,False
312,256,140,p99_5,0,True,True
312,256,140,p99_5,1,False,False
312,256,140,p99_5,2,False,False
312,256,141,minmax,0,True,False
312,256,141,minmax,1,True,False
312,256,141,minmax,2,True,False
312,256,141,p99_5,0,True,True
312,256,141,p99_5,1,False,False
312,256,141,p99_5,2,False,False
312,256,142,minmax,0,True,False
312,256,142,minmax,1,True,False
312,256,142,minmax,2,True,False
312,256,142,p99_5,0,False,False
312,256,142,p99_5,1,False,False
312,256,142,p99_5,2,False,False
312,256,143,minmax,0,True,True
312,256,143,minmax,1,True,False
312,256,143,minmax,2,True,False
312,256,143,p99_5,0,False,False
312,256,143,p99_5,1,False,False
312,256,143,p99_5,2,False,False
312,256,144,minmax,0,True,False
312,256,144,minmax,1,True,False
312,256,144,minmax,2,True,False
312,256,144,p99_5,0,True,True
312,256,144,p99_5,1,False,False
312,256,144,p99_5,2,False,False
312,256,145,minmax,0,True,False
312,256,145,minmax,1,True,False
312,256,145,minmax,2,True,False
312,256,145,p99_5,0,True,True
312,256,145,p99_5,1,False,False
312,256,145,p99_5,2,False,False
312,256,146,minmax,0,True,False
312,256,146,minmax,1,True,False
312,256,146,minmax,2,True,False
312,256,146,p99_5,0,True,True
312,256,146,p99_5,1,False,False
312,256,146,p99_5,2,False,False
312,256,147,minmax,0,True,False
312,256,147,minmax,1,True,False
312,256,147,minmax,2,True,False
312,256,147,p99_5,0,True,True
312,256,147,p99_5,1,False,False
312,256,147,p99_5,2,False,False
312,256,148,minmax,0,True,False
312,256,148,minmax,1,True,False
312,256,148,minmax,2,True,False
312,256,148,p99_5,0,True,True
312,256,148,p99_5,1,False,False
312,256,148,p99_5,2,False,False
312,256,149,minmax,0,True,False
312,256,149,minmax,1,True,False
312,256,149,minmax,2,True,False
312,256,149,p99_5,0,True,True
312,256,149,p99_5,1,False,False
312,256,149,p99_5,2,False,False
313,64,0,minmax,0,True,False
313,64,0,minmax,1,True,False
313,64,0,minmax,2,True,False
313,64,0,p99_5,0,True,True
313,64,0,p99_5,1,False,False
313,64,0,p99_5,2,False,False
313,64,1,minmax,0,True,False
313,64,1,minmax,1,True,False
313,64,1,minmax,2,True,False
313,64,1,p99_5,0,False,False
313,64,1,p99_5,1,False,False
313,64,1,p99_5,2,False,False
313,64,2,minmax,0,True,False
313,64,2,minmax,1,True,False
313,64,2,minmax,2,True,False
313,64,2,p99_5,0,True,True
313,64,2,p99_5,1,False,False
313,64,2,p99_5,2,False,False
313,64,3,minmax,0,True,False
313,64,3,minmax,1,True,False
313,64,3,minmax,2,True,False
313,64,3,p99_5,0,False,False
313,64,3,p99_5,1,False,False
313,64,3,p99_5,2,False,False
313,64,4,minmax,0,True,False
313,64,4,minmax,1,True,False
313,64,4,minmax,2,True,False
313,64,4,p99_5,0,False,False
313,64,4,p99_5,1,False,False
313,64,4,p99_5,2,False,False
313,64,5,minmax,0,True,False
313,64,5,minmax,1,True,False
313,64,5,minmax,2,True,False
313,64,5,p99_5,0,False,False
313,64,5,p99_5,1,False,False
313,64,5,p99_5,2,False,False
313,64,6,minmax,0,True,False
313,64,6,minmax,1,True,False
313,64,6,minmax,2,True,False
313,64,6,p99_5,0,False,False
313,64,6,p99_5,1,False,False
313,64,6,p99_5,2,False,False
313,64,7,minmax,0,True,False
313,64,7,minmax,1,True,False
313,64,7,minmax,2,True,False
313,64,7,p99_5,0,False,False
313,64,7,p99_5,1,False,False
313,64,7,p99_5,2,False,False
313,64,8,minmax,0,True,False
313,64,8,minmax,1,True,False
313,64,8,minmax,2,True,False
313,64,8,p99_5,0,False,False
313,64,8,p99_5,1,False,False
313,64,8,p99_5,2,False,False
313,64,9,minmax,0,True,False
313,64,9,minmax,1,True,False
313,64,9,minmax,2,True,False
313,64,9,p99_5,0,True,True
313,64,9,p99_5,1,False,False
313,64,9,p99_5,2,False,False
313,64,10,minmax,0,True,False
313,64,10,minmax,1,True,False
313,64,10,minmax,2,True,False
313,64,10,p99_5,0,True,True
313,64,10,p99_5,1,False,False
313,64,10,p99_5,2,False,False
313,64,11,minmax,0,True,True
313,64,11,minmax,1,True,False
313,64,11,minmax,2,True,False
313,64,11,p99_5,0,False,False
313,64,11,p99_5,1,False,False
313,64,11,p99_5,2,False,False
313,64,12,minmax,0,True,False
313,64,12,minmax,1,True,False
313,64,12,minmax,2,True,False
313,64,12,p99_5,0,False,False
313,64,12,p99_5,1,False,False
313,64,12,p99_5,2,False,False
313,64,13,minmax,0,True,False
313,64,13,minmax,1,True,False
313,64,13,minmax,2,True,False
313,64,13,p99_5,0,True,True
313,64,13,p99_5,1,False,False
313,64,13,p99_5,2,False,False
313,64,14,minmax,0,True,False
313,64,14,minmax,1,True,False
313,64,14,minmax,2,True,False
313,64,14,p99_5,0,False,False
313,64,14,p99_5,1,False,False
313,64,14,p99_5,2,False,False
313,64,15,minmax,0,True,False
313,64,15,minmax,1,True,False
313,64,15,minmax,2,True,False
313,64,15,p99_5,0,True,True
313,64,15,p99_5,1,False,False
313,64,15,p99_5,2,False,False
313,64,16,minmax,0,True,True
313,64,16,minmax,1,True,False
313,64,16,minmax,2,True,False
313,64,16,p99_5,0,False,False
313,64,16,p99_5,1,False,False
313,64,16,p99_5,2,False,False
313,64,17,minmax,0,True,False
313,64,17,minmax,1,True,False
313,64,17,minmax,2,True,False
313,64,17,p99_5,0,False,False
313,64,17,p99_5,1,False,False
313,64,17,p99_5,2,False,False
313,64,18,minmax,0,True,False
313,64,18,minmax,1,True,False
313,64,18,minmax,2,True,False
313,64,18,p99_5,0,True,True
313,64,18,p99_5,1,False,False
313,64,18,p99_5,2,False,False
313,64,19,minmax,0,True,False
313,64,19,minmax,1,True,False
313,64,19,minmax,2,True,False
313,64,19,p99_5,0,True,True
313,64,19,p99_5,1,False,False
313,64,19,p99_5,2,False,False
313,64,20,minmax,0,True,False
313,64,20,minmax,1,True,False
313,64,20,minmax,2,True,False
313,64,20,p99_5,0,True,True
313,64,20,p99_5,1,False,False
313,64,20,p99_5,2,False,False
313,64,21,minmax,0,True,False
313,64,21,minmax,1,True,False
313,64,21,minmax,2,True,False
313,64,21,p99_5,0,True,True
313,64,21,p99_5,1,False,False
313,64,21,p99_5,2,False,False
313,64,22,minmax,0,True,False
313,64,22,minmax,1,True,False
313,64,22,minmax,2,True,False
313,64,22,p99_5,0,False,False
313,64,22,p99_5,1,False,False
313,64,22,p99_5,2,False,False
313,64,23,minmax,0,True,False
313,64,23,minmax,1,True,False
313,64,23,minmax,2,True,False
313,64,23,p99_5,0,False,False
313,64,23,p99_5,1,False,False
313,64,23,p99_5,2,False,False
313,64,24,minmax,0,True,False
313,64,24,minmax,1,True,False
313,64,24,minmax,2,True,False
313,64,24,p99_5,0,True,True
313,64,24,p99_5,1,False,False
313,64,24,p99_5,2,False,False
313,64,25,minmax,0,True,False
313,64,25,minmax,1,True,False
313,64,25,minmax,2,True,False
313,64,25,p99_5,0,False,False
313,64,25,p99_5,1,False,False
313,64,25,p99_5,2,False,False
313,64,26,minmax,0,True,False
313,64,26,minmax,1,True,False
313,64,26,minmax,2,True,False
313,64,26,p99_5,0,True,True
313,64,26,p99_5,1,False,False
313,64,26,p99_5,2,False,False
313,64,27,minmax,0,True,False
313,64,27,minmax,1,True,False
313,64,27,minmax,2,True,False
313,64,27,p99_5,0,False,False
313,64,27,p99_5,1,False,False
313,64,27,p99_5,2,False,False
313,64,28,minmax,0,True,False
313,64,28,minmax,1,True,False
313,64,28,minmax,2,True,False
313,64,28,p99_5,0,False,False
313,64,28,p99_5,1,False,False
313,64,28,p99_5,2,False,False
313,64,29,minmax,0,True,False
313,64,29,minmax,1,True,False
313,64,29,minmax,2,True,False
313,64,29,p99_5,0,True,True
313,64,29,p99_5,1,False,False
313,64,29,p99_5,2,False,False
313,64,30,minmax,0,True,False
313,64,30,minmax,1,True,False
313,64,30,minmax,2,True,False
313,64,30,p99_5,0,True,True
313,64,30,p99_5,1,False,False
313,64,30,p99_5,2,False,False
313,64,31,minmax,0,True,False
313,64,31,minmax,1,True,False
313,64,31,minmax,2,True,False
313,64,31,p99_5,0,False,False
313,64,31,p99_5,1,False,False
313,64,31,p99_5,2,False,False
313,64,32,minmax,0,True,False
313,64,32,minmax,1,True,False
313,64,32,minmax,2,True,False
313,64,32,p99_5,0,False,False
313,64,32,p99_5,1,False,False
313,64,32,p99_5,2,False,False
313,64,33,minmax,0,True,False
313,64,33,minmax,1,True,False
313,64,33,minmax,2,True,False
313,64,33,p99_5,0,True,True
313,64,33,p99_5,1,False,False
313,64,33,p99_5,2,False,False
313,64,34,minmax,0,True,False
313,64,34,minmax,1,True,False
313,64,34,minmax,2,True,False
313,64,34,p99_5,0,True,True
313,64,34,p99_5,1,False,False
313,64,34,p99_5,2,False,False
313,64,35,minmax,0,True,False
313,64,35,minmax,1,True,False
313,64,35,minmax,2,True,False
313,64,35,p99_5,0,False,False
313,64,35,p99_5,1,False,False
313,64,35,p99_5,2,False,False
313,64,36,minmax,0,True,False
313,64,36,minmax,1,True,False
313,64,36,minmax,2,True,False
313,64,36,p99_5,0,True,True
313,64,36,p99_5,1,False,False
313,64,36,p99_5,2,False,False
313,64,37,minmax,0,True,False
313,64,37,minmax,1,True,False
313,64,37,minmax,2,True,False
313,64,37,p99_5,0,False,False
313,64,37,p99_5,1,False,False
313,64,37,p99_5,2,False,False
313,64,38,minmax,0,True,False
313,64,38,minmax,1,True,False
313,64,38,minmax,2,True,False
313,64,38,p99_5,0,True,True
313,64,38,p99_5,1,False,False
313,64,38,p99_5,2,False,False
313,64,39,minmax,0,True,False
313,64,39,minmax,1,True,False
313,64,39,minmax,2,True,False
313,64,39,p99_5,0,False,False
313,64,39,p99_5,1,False,False
313,64,39,p99_5,2,False,False
313,64,40,minmax,0,True,False
313,64,40,minmax,1,True,False
313,64,40,minmax,2,True,False
313,64,40,p99_5,0,True,True
313,64,40,p99_5,1,False,False
313,64,40,p99_5,2,False,False
313,64,41,minmax,0,True,True
313,64,41,minmax,1,True,False
313,64,41,minmax,2,True,False
313,64,41,p99_5,0,True,True
313,64,41,p99_5,1,False,False
313,64,41,p99_5,2,False,False
313,64,42,minmax,0,True,False
313,64,42,minmax,1,True,False
313,64,42,minmax,2,True,False
313,64,42,p99_5,0,True,False
313,64,42,p99_5,1,False,False
313,64,42,p99_5,2,False,False
313,64,43,minmax,0,True,False
313,64,43,minmax,1,True,False
313,64,43,minmax,2,True,False
313,64,43,p99_5,0,True,True
313,64,43,p99_5,1,False,False
313,64,43,p99_5,2,False,False
313,64,44,minmax,0,True,False
313,64,44,minmax,1,True,False
313,64,44,minmax,2,True,False
313,64,44,p99_5,0,False,False
313,64,44,p99_5,1,False,False
313,64,44,p99_5,2,False,False
313,64,45,minmax,0,True,False
313,64,45,minmax,1,True,False
313,64,45,minmax,2,True,False
313,64,45,p99_5,0,False,False
313,64,45,p99_5,1,False,False
313,64,45,p99_5,2,False,False
313,64,46,minmax,0,True,False
313,64,46,minmax,1,True,False
313,64,46,minmax,2,True,False
313,64,46,p99_5,0,False,False
313,64,46,p99_5,1,False,False
313,64,46,p99_5,2,False,False
313,64,47,minmax,0,True,True
313,64,47,minmax,1,True,False
313,64,47,minmax,2,True,False
313,64,47,p99_5,0,True,True
313,64,47,p99_5,1,False,False
313,64,47,p99_5,2,False,False
313,64,48,minmax,0,True,False
313,64,48,minmax,1,True,False
313,64,48,minmax,2,True,False
313,64,48,p99_5,0,True,True
313,64,48,p99_5,1,False,False
313,64,48,p99_5,2,False,False
313,64,49,minmax,0,True,False
313,64,49,minmax,1,True,False
313,64,49,minmax,2,True,False
313,64,49,p99_5,0,False,False
313,64,49,p99_5,1,False,False
313,64,49,p99_5,2,False,False
313,64,50,minmax,0,True,False
313,64,50,minmax,1,True,False
313,64,50,minmax,2,True,False
313,64,50,p99_5,0,True,True
313,64,50,p99_5,1,False,False
313,64,50,p99_5,2,False,False
313,64,51,minmax,0,True,False
313,64,51,minmax,1,True,False
313,64,51,minmax,2,True,False
313,64,51,p99_5,0,False,False
313,64,51,p99_5,1,False,False
313,64,51,p99_5,2,False,False
313,64,52,minmax,0,True,False
313,64,52,minmax,1,True,False
313,64,52,minmax,2,True,False
313,64,52,p99_5,0,False,False
313,64,52,p99_5,1,False,False
313,64,52,p99_5,2,False,False
313,64,53,minmax,0,True,False
313,64,53,minmax,1,True,False
313,64,53,minmax,2,True,False
313,64,53,p99_5,0,False,False
313,64,53,p99_5,1,False,False
313,64,53,p99_5,2,False,False
313,64,54,minmax,0,True,False
313,64,54,minmax,1,True,False
313,64,54,minmax,2,True,False
313,64,54,p99_5,0,True,True
313,64,54,p99_5,1,False,False
313,64,54,p99_5,2,False,False
313,64,55,minmax,0,True,False
313,64,55,minmax,1,True,False
313,64,55,minmax,2,True,False
313,64,55,p99_5,0,True,True
313,64,55,p99_5,1,False,False
313,64,55,p99_5,2,False,False
313,64,56,minmax,0,True,False
313,64,56,minmax,1,True,False
313,64,56,minmax,2,True,False
313,64,56,p99_5,0,False,False
313,64,56,p99_5,1,False,False
313,64,56,p99_5,2,False,False
313,64,57,minmax,0,True,False
313,64,57,minmax,1,True,False
313,64,57,minmax,2,True,False
313,64,57,p99_5,0,False,False
313,64,57,p99_5,1,False,False
313,64,57,p99_5,2,False,False
313,64,58,minmax,0,True,False
313,64,58,minmax,1,True,False
313,64,58,minmax,2,True,False
313,64,58,p99_5,0,False,False
313,64,58,p99_5,1,False,False
313,64,58,p99_5,2,False,False
313,64,59,minmax,0,True,False
313,64,59,minmax,1,True,False
313,64,59,minmax,2,True,False
313,64,59,p99_5,0,False,False
313,64,59,p99_5,1,False,False
313,64,59,p99_5,2,False,False
313,64,60,minmax,0,True,False
313,64,60,minmax,1,True,False
313,64,60,minmax,2,True,False
313,64,60,p99_5,0,False,False
313,64,60,p99_5,1,False,False
313,64,60,p99_5,2,False,False
313,64,61,minmax,0,True,True
313,64,61,minmax,1,True,False
313,64,61,minmax,2,True,False
313,64,61,p99_5,0,False,False
313,64,61,p99_5,1,False,False
313,64,61,p99_5,2,False,False
313,64,62,minmax,0,True,True
313,64,62,minmax,1,True,False
313,64,62,minmax,2,True,False
313,64,62,p99_5,0,False,False
313,64,62,p99_5,1,False,False
313,64,62,p99_5,2,False,False
313,64,63,minmax,0,True,False
313,64,63,minmax,1,True,False
313,64,63,minmax,2,True,False
313,64,63,p99_5,0,False,False
313,64,63,p99_5,1,False,False
313,64,63,p99_5,2,False,False
313,64,64,minmax,0,True,False
313,64,64,minmax,1,True,False
313,64,64,minmax,2,True,False
313,64,64,p99_5,0,True,True
313,64,64,p99_5,1,False,False
313,64,64,p99_5,2,False,False
313,64,65,minmax,0,True,False
313,64,65,minmax,1,True,False
313,64,65,minmax,2,True,False
313,64,65,p99_5,0,True,True
313,64,65,p99_5,1,False,False
313,64,65,p99_5,2,False,False
313,64,66,minmax,0,True,False
313,64,66,minmax,1,True,False
313,64,66,minmax,2,True,False
313,64,66,p99_5,0,False,False
313,64,66,p99_5,1,False,False
313,64,66,p99_5,2,False,False
313,64,67,minmax,0,True,False
313,64,67,minmax,1,True,False
313,64,67,minmax,2,True,False
313,64,67,p99_5,0,True,True
313,64,67,p99_5,1,False,False
313,64,67,p99_5,2,False,False
313,64,68,minmax,0,True,False
313,64,68,minmax,1,True,False
313,64,68,minmax,2,True,False
313,64,68,p99_5,0,False,False
313,64,68,p99_5,1,False,False
313,64,68,p99_5,2,False,False
313,64,69,minmax,0,True,False
313,64,69,minmax,1,True,False
313,64,69,minmax,2,True,False
313,64,69,p99_5,0,True,True
313,64,69,p99_5,1,False,False
313,64,69,p99_5,2,False,False
313,64,70,minmax,0,True,False
313,64,70,minmax,1,True,False
313,64,70,minmax,2,True,False
313,64,70,p99_5,0,True,True
313,64,70,p99_5,1,False,False
313,64,70,p99_5,2,False,False
313,64,71,minmax,0,True,False
313,64,71,minmax,1,True,False
313,64,71,minmax,2,True,False
313,64,71,p99_5,0,False,False
313,64,71,p99_5,1,False,False
313,64,71,p99_5,2,False,False
313,64,72,minmax,0,True,False
313,64,72,minmax,1,True,False
313,64,72,minmax,2,True,False
313,64,72,p99_5,0,False,False
313,64,72,p99_5,1,False,False
313,64,72,p99_5,2,False,False
313,64,73,minmax,0,True,True
313,64,73,minmax,1,True,False
313,64,73,minmax,2,True,False
313,64,73,p99_5,0,False,False
313,64,73,p99_5,1,False,False
313,64,73,p99_5,2,False,False
313,64,74,minmax,0,True,False
313,64,74,minmax,1,True,False
313,64,74,minmax,2,True,False
313,64,74,p99_5,0,False,False
313,64,74,p99_5,1,False,False
313,64,74,p99_5,2,False,False
313,64,75,minmax,0,True,False
313,64,75,minmax,1,True,False
313,64,75,minmax,2,True,False
313,64,75,p99_5,0,False,False
313,64,75,p99_5,1,False,False
313,64,75,p99_5,2,False,False
313,64,76,minmax,0,True,False
313,64,76,minmax,1,True,False
313,64,76,minmax,2,True,False
313,64,76,p99_5,0,False,False
313,64,76,p99_5,1,False,False
313,64,76,p99_5,2,False,False
313,64,77,minmax,0,True,True
313,64,77,minmax,1,True,False
313,64,77,minmax,2,True,False
313,64,77,p99_5,0,True,True
313,64,77,p99_5,1,False,False
313,64,77,p99_5,2,False,False
313,64,78,minmax,0,True,False
313,64,78,minmax,1,True,False
313,64,78,minmax,2,True,False
313,64,78,p99_5,0,False,False
313,64,78,p99_5,1,False,False
313,64,78,p99_5,2,False,False
313,64,79,minmax,0,True,False
313,64,79,minmax,1,True,False
313,64,79,minmax,2,True,False
313,64,79,p99_5,0,True,True
313,64,79,p99_5,1,False,False
313,64,79,p99_5,2,False,False
313,64,80,minmax,0,True,False
313,64,80,minmax,1,True,False
313,64,80,minmax,2,True,False
313,64,80,p99_5,0,True,True
313,64,80,p99_5,1,False,False
313,64,80,p99_5,2,False,False
313,64,81,minmax,0,True,False
313,64,81,minmax,1,True,False
313,64,81,minmax,2,True,False
313,64,81,p99_5,0,False,False
313,64,81,p99_5,1,False,False
313,64,81,p99_5,2,False,False
313,64,82,minmax,0,True,False
313,64,82,minmax,1,True,False
313,64,82,minmax,2,True,False
313,64,82,p99_5,0,False,False
313,64,82,p99_5,1,False,False
313,64,82,p99_5,2,False,False
313,64,83,minmax,0,True,False
313,64,83,minmax,1,True,False
313,64,83,minmax,2,True,False
313,64,83,p99_5,0,False,False
313,64,83,p99_5,1,False,False
313,64,83,p99_5,2,False,False
313,64,84,minmax,0,True,False
313,64,84,minmax,1,True,False
313,64,84,minmax,2,True,False
313,64,84,p99_5,0,True,True
313,64,84,p99_5,1,False,False
313,64,84,p99_5,2,False,False
313,64,85,minmax,0,True,False
313,64,85,minmax,1,True,False
313,64,85,minmax,2,True,False
313,64,85,p99_5,0,False,False
313,64,85,p99_5,1,False,False
313,64,85,p99_5,2,False,False
313,64,86,minmax,0,True,False
313,64,86,minmax,1,True,False
313,64,86,minmax,2,True,False
313,64,86,p99_5,0,False,False
313,64,86,p99_5,1,False,False
313,64,86,p99_5,2,False,False
313,64,87,minmax,0,True,False
313,64,87,minmax,1,True,False
313,64,87,minmax,2,True,False
313,64,87,p99_5,0,False,False
313,64,87,p99_5,1,False,False
313,64,87,p99_5,2,False,False
313,64,88,minmax,0,True,False
313,64,88,minmax,1,True,False
313,64,88,minmax,2,True,False
313,64,88,p99_5,0,False,False
313,64,88,p99_5,1,False,False
313,64,88,p99_5,2,False,False
313,64,89,minmax,0,True,False
313,64,89,minmax,1,True,False
313,64,89,minmax,2,True,False
313,64,89,p99_5,0,True,True
313,64,89,p99_5,1,False,False
313,64,89,p99_5,2,False,False
313,64,90,minmax,0,True,False
313,64,90,minmax,1,True,False
313,64,90,minmax,2,True,False
313,64,90,p99_5,0,False,False
313,64,90,p99_5,1,False,False
313,64,90,p99_5,2,False,False
313,64,91,minmax,0,True,False
313,64,91,minmax,1,True,False
313,64,91,minmax,2,True,False
313,64,91,p99_5,0,True,False
313,64,91,p99_5,1,False,False
313,64,91,p99_5,2,False,False
313,64,92,minmax,0,True,False
313,64,92,minmax,1,True,False
313,64,92,minmax,2,True,False
313,64,92,p99_5,0,False,False
313,64,92,p99_5,1,False,False
313,64,92,p99_5,2,False,False
313,64,93,minmax,0,True,False
313,64,93,minmax,1,True,False
313,64,93,minmax,2,True,False
313,64,93,p99_5,0,True,True
313,64,93,p99_5,1,False,False
313,64,93,p99_5,2,False,False
313,64,94,minmax,0,True,True
313,64,94,minmax,1,True,False
313,64,94,minmax,2,True,False
313,64,94,p99_5,0,False,False
313,64,94,p99_5,1,False,False
313,64,94,p99_5,2,False,False
313,64,95,minmax,0,True,False
313,64,95,minmax,1,True,False
313,64,95,minmax,2,True,False
313,64,95,p99_5,0,False,False
313,64,95,p99_5,1,False,False
313,64,95,p99_5,2,False,False
313,64,96,minmax,0,True,False
313,64,96,minmax,1,True,False
313,64,96,minmax,2,True,False
313,64,96,p99_5,0,False,False
313,64,96,p99_5,1,False,False
313,64,96,p99_5,2,False,False
313,64,97,minmax,0,True,False
313,64,97,minmax,1,True,False
313,64,97,minmax,2,True,False
313,64,97,p99_5,0,True,True
313,64,97,p99_5,1,False,False
313,64,97,p99_5,2,False,False
313,64,98,minmax,0,True,True
313,64,98,minmax,1,True,False
313,64,98,minmax,2,True,False
313,64,98,p99_5,0,True,True
313,64,98,p99_5,1,False,False
313,64,98,p99_5,2,False,False
313,64,99,minmax,0,True,False
313,64,99,minmax,1,True,False
313,64,99,minmax,2,True,False
313,64,99,p99_5,0,True,True
313,64,99,p99_5,1,False,False
313,64,99,p99_5,2,False,False
313,64,100,minmax,0,True,False
313,64,100,minmax,1,True,False
313,64,100,minmax,2,True,False
313,64,100,p99_5,0,True,False
313,64,100,p99_5,1,False,False
313,64,100,p99_5,2,False,False
313,64,101,minmax,0,True,False
313,64,101,minmax,1,True,False
313,64,101,minmax,2,True,False
313,64,101,p99_5,0,True,True
313,64,101,p99_5,1,False,False
313,64,101,p99_5,2,False,False
313,64,102,minmax,0,True,False
313,64,102,minmax,1,True,False
313,64,102,minmax,2,True,False
313,64,102,p99_5,0,True,True
313,64,102,p99_5,1,False,False
313,64,102,p99_5,2,False,False
313,64,103,minmax,0,True,False
313,64,103,minmax,1,True,False
313,64,103,minmax,2,True,False
313,64,103,p99_5,0,False,False
313,64,103,p99_5,1,False,False
313,64,103,p99_5,2,False,False
313,64,104,minmax,0,True,False
313,64,104,minmax,1,True,False
313,64,104,minmax,2,True,False
313,64,104,p99_5,0,True,True
313,64,104,p99_5,1,False,False
313,64,104,p99_5,2,False,False
313,64,105,minmax,0,True,True
313,64,105,minmax,1,True,False
313,64,105,minmax,2,True,False
313,64,105,p99_5,0,False,False
313,64,105,p99_5,1,False,False
313,64,105,p99_5,2,False,False
313,64,106,minmax,0,True,True
313,64,106,minmax,1,True,False
313,64,106,minmax,2,True,False
313,64,106,p99_5,0,False,False
313,64,106,p99_5,1,False,False
313,64,106,p99_5,2,False,False
313,64,107,minmax,0,True,False
313,64,107,minmax,1,True,False
313,64,107,minmax,2,True,False
313,64,107,p99_5,0,True,False
313,64,107,p99_5,1,False,False
313,64,107,p99_5,2,False,False
313,64,108,minmax,0,True,False
313,64,108,minmax,1,True,False
313,64,108,minmax,2,True,False
313,64,108,p99_5,0,False,False
313,64,108,p99_5,1,False,False
313,64,108,p99_5,2,False,False
313,64,109,minmax,0,True,True
313,64,109,minmax,1,True,False
313,64,109,minmax,2,True,False
313,64,109,p99_5,0,False,False
313,64,109,p99_5,1,False,False
313,64,109,p99_5,2,False,False
313,64,110,minmax,0,True,False
313,64,110,minmax,1,True,False
313,64,110,minmax,2,True,False
313,64,110,p99_5,0,True,True
313,64,110,p99_5,1,False,False
313,64,110,p99_5,2,False,False
313,64,111,minmax,0,True,False
313,64,111,minmax,1,True,False
313,64,111,minmax,2,True,False
313,64,111,p99_5,0,True,True
313,64,111,p99_5,1,False,False
313,64,111,p99_5,2,False,False
313,64,112,minmax,0,True,False
313,64,112,minmax,1,True,False
313,64,112,minmax,2,True,False
313,64,112,p99_5,0,False,False
313,64,112,p99_5,1,False,False
313,64,112,p99_5,2,False,False
313,64,113,minmax,0,True,True
313,64,113,minmax,1,True,False
313,64,113,minmax,2,True,False
313,64,113,p99_5,0,False,False
313,64,113,p99_5,1,False,False
313,64,113,p99_5,2,False,False
313,64,114,minmax,0,True,False
313,64,114,minmax,1,True,False
313,64,114,minmax,2,True,False
313,64,114,p99_5,0,True,True
313,64,114,p99_5,1,False,False
313,64,114,p99_5,2,False,False
313,64,115,minmax,0,True,False
313,64,115,minmax,1,True,False
313,64,115,minmax,2,True,False
313,64,115,p99_5,0,False,False
313,64,115,p99_5,1,False,False
313,64,115,p99_5,2,False,False
313,64,116,minmax,0,True,True
313,64,116,minmax,1,True,False
313,64,116,minmax,2,True,False
313,64,116,p99_5,0,False,False
313,64,116,p99_5,1,False,False
313,64,116,p99_5,2,False,False
313,64,117,minmax,0,True,False
313,64,117,minmax,1,True,False
313,64,117,minmax,2,True,False
313,64,117,p99_5,0,True,True
313,64,117,p99_5,1,False,False
313,64,117,p99_5,2,False,False
313,64,118,minmax,0,True,False
313,64,118,minmax,1,True,False
313,64,118,minmax,2,True,False
313,64,118,p99_5,0,True,True
313,64,118,p99_5,1,False,False
313,64,118,p99_5,2,False,False
313,64,119,minmax,0,True,False
313,64,119,minmax,1,True,False
313,64,119,minmax,2,True,False
313,64,119,p99_5,0,True,True
313,64,119,p99_5,1,False,False
313,64,119,p99_5,2,False,False
313,64,120,minmax,0,True,False
313,64,120,minmax,1,True,False
313,64,120,minmax,2,True,False
313,64,120,p99_5,0,False,False
313,64,120,p99_5,1,False,False
313,64,120,p99_5,2,False,False
313,64,121,minmax,0,True,False
313,64,121,minmax,1,True,False
313,64,121,minmax,2,True,False
313,64,121,p99_5,0,False,False
313,64,121,p99_5,1,False,False
313,64,121,p99_5,2,False,False
313,64,122,minmax,0,True,False
313,64,122,minmax,1,True,False
313,64,122,minmax,2,True,False
313,64,122,p99_5,0,True,True
313,64,122,p99_5,1,False,False
313,64,122,p99_5,2,False,False
313,64,123,minmax,0,True,False
313,64,123,minmax,1,True,False
313,64,123,minmax,2,True,False
313,64,123,p99_5,0,False,False
313,64,123,p99_5,1,False,False
313,64,123,p99_5,2,False,False
313,64,124,minmax,0,True,False
313,64,124,minmax,1,True,False
313,64,124,minmax,2,True,False
313,64,124,p99_5,0,True,False
313,64,124,p99_5,1,False,False
313,64,124,p99_5,2,False,False
313,64,125,minmax,0,True,False
313,64,125,minmax,1,True,False
313,64,125,minmax,2,True,False
313,64,125,p99_5,0,False,False
313,64,125,p99_5,1,False,False
313,64,125,p99_5,2,False,False
313,64,126,minmax,0,True,False
313,64,126,minmax,1,True,False
313,64,126,minmax,2,True,False
313,64,126,p99_5,0,True,True
313,64,126,p99_5,1,False,False
313,64,126,p99_5,2,False,False
313,64,127,minmax,0,True,False
313,64,127,minmax,1,True,False
313,64,127,minmax,2,True,False
313,64,127,p99_5,0,True,True
313,64,127,p99_5,1,False,False
313,64,127,p99_5,2,False,False
313,64,128,minmax,0,True,False
313,64,128,minmax,1,True,False
313,64,128,minmax,2,True,False
313,64,128,p99_5,0,False,False
313,64,128,p99_5,1,False,False
313,64,128,p99_5,2,False,False
313,64,129,minmax,0,True,False
313,64,129,minmax,1,True,False
313,64,129,minmax,2,True,False
313,64,129,p99_5,0,False,False
313,64,129,p99_5,1,False,False
313,64,129,p99_5,2,False,False
313,64,130,minmax,0,True,False
313,64,130,minmax,1,True,False
313,64,130,minmax,2,True,False
313,64,130,p99_5,0,False,False
313,64,130,p99_5,1,False,False
313,64,130,p99_5,2,False,False
313,64,131,minmax,0,True,False
313,64,131,minmax,1,True,False
313,64,131,minmax,2,True,False
313,64,131,p99_5,0,True,False
313,64,131,p99_5,1,False,False
313,64,131,p99_5,2,False,False
313,64,132,minmax,0,True,False
313,64,132,minmax,1,True,False
313,64,132,minmax,2,True,False
313,64,132,p99_5,0,False,False
313,64,132,p99_5,1,False,False
313,64,132,p99_5,2,False,False
313,64,133,minmax,0,True,False
313,64,133,minmax,1,True,False
313,64,133,minmax,2,True,False
313,64,133,p99_5,0,True,True
313,64,133,p99_5,1,False,False
313,64,133,p99_5,2,False,False
313,64,134,minmax,0,True,False
313,64,134,minmax,1,True,False
313,64,134,minmax,2,True,False
313,64,134,p99_5,0,False,False
313,64,134,p99_5,1,False,False
313,64,134,p99_5,2,False,False
313,64,135,minmax,0,True,False
313,64,135,minmax,1,True,False
313,64,135,minmax,2,True,False
313,64,135,p99_5,0,False,False
313,64,135,p99_5,1,False,False
313,64,135,p99_5,2,False,False
313,64,136,minmax,0,True,False
313,64,136,minmax,1,True,False
313,64,136,minmax,2,True,False
313,64,136,p99_5,0,True,True
313,64,136,p99_5,1,False,False
313,64,136,p99_5,2,False,False
313,64,137,minmax,0,True,False
313,64,137,minmax,1,True,False
313,64,137,minmax,2,True,False
313,64,137,p99_5,0,True,True
313,64,137,p99_5,1,False,False
313,64,137,p99_5,2,False,False
313,64,138,minmax,0,True,False
313,64,138,minmax,1,True,False
313,64,138,minmax,2,True,False
313,64,138,p99_5,0,True,True
313,64,138,p99_5,1,False,False
313,64,138,p99_5,2,False,False
313,64,139,minmax,0,True,False
313,64,139,minmax,1,True,False
313,64,139,minmax,2,True,False
313,64,139,p99_5,0,False,False
313,64,139,p99_5,1,False,False
313,64,139,p99_5,2,False,False
313,64,140,minmax,0,True,False
313,64,140,minmax,1,True,False
313,64,140,minmax,2,True,False
313,64,140,p99_5,0,False,False
313,64,140,p99_5,1,False,False
313,64,140,p99_5,2,False,False
313,64,141,minmax,0,True,False
313,64,141,minmax,1,True,False
313,64,141,minmax,2,True,False
313,64,141,p99_5,0,False,False
313,64,141,p99_5,1,False,False
313,64,141,p99_5,2,False,False
313,64,142,minmax,0,True,False
313,64,142,minmax,1,True,False
313,64,142,minmax,2,True,False
313,64,142,p99_5,0,False,False
313,64,142,p99_5,1,False,False
313,64,142,p99_5,2,False,False
313,64,143,minmax,0,True,False
313,64,143,minmax,1,True,False
313,64,143,minmax,2,True,False
313,64,143,p99_5,0,False,False
313,64,143,p99_5,1,False,False
313,64,143,p99_5,2,False,False
313,64,144,minmax,0,True,False
313,64,144,minmax,1,True,False
313,64,144,minmax,2,True,False
313,64,144,p99_5,0,True,False
313,64,144,p99_5,1,False,False
313,64,144,p99_5,2,False,False
313,64,145,minmax,0,True,False
313,64,145,minmax,1,True,False
313,64,145,minmax,2,True,False
313,64,145,p99_5,0,True,True
313,64,145,p99_5,1,False,False
313,64,145,p99_5,2,False,False
313,64,146,minmax,0,True,True
313,64,146,minmax,1,True,False
313,64,146,minmax,2,True,False
313,64,146,p99_5,0,False,False
313,64,146,p99_5,1,False,False
313,64,146,p99_5,2,False,False
313,64,147,minmax,0,True,False
313,64,147,minmax,1,True,False
313,64,147,minmax,2,True,False
313,64,147,p99_5,0,False,False
313,64,147,p99_5,1,False,False
313,64,147,p99_5,2,False,False
313,64,148,minmax,0,True,False
313,64,148,minmax,1,True,False
313,64,148,minmax,2,True,False
313,64,148,p99_5,0,False,False
313,64,148,p99_5,1,False,False
313,64,148,p99_5,2,False,False
313,64,149,minmax,0,True,False
313,64,149,minmax,1,True,False
313,64,149,minmax,2,True,False
313,64,149,p99_5,0,True,True
313,64,149,p99_5,1,False,False
313,64,149,p99_5,2,False,False
313,256,0,minmax,0,True,False
313,256,0,minmax,1,True,False
313,256,0,minmax,2,True,False
313,256,0,p99_5,0,False,False
313,256,0,p99_5,1,False,False
313,256,0,p99_5,2,False,False
313,256,1,minmax,0,True,True
313,256,1,minmax,1,True,False
313,256,1,minmax,2,True,False
313,256,1,p99_5,0,True,True
313,256,1,p99_5,1,False,False
313,256,1,p99_5,2,False,False
313,256,2,minmax,0,True,True
313,256,2,minmax,1,True,False
313,256,2,minmax,2,True,False
313,256,2,p99_5,0,True,True
313,256,2,p99_5,1,False,False
313,256,2,p99_5,2,False,False
313,256,3,minmax,0,True,False
313,256,3,minmax,1,True,False
313,256,3,minmax,2,True,False
313,256,3,p99_5,0,True,True
313,256,3,p99_5,1,False,False
313,256,3,p99_5,2,False,False
313,256,4,minmax,0,True,False
313,256,4,minmax,1,True,False
313,256,4,minmax,2,True,False
313,256,4,p99_5,0,True,True
313,256,4,p99_5,1,False,False
313,256,4,p99_5,2,False,False
313,256,5,minmax,0,True,False
313,256,5,minmax,1,True,False
313,256,5,minmax,2,True,False
313,256,5,p99_5,0,False,False
313,256,5,p99_5,1,False,False
313,256,5,p99_5,2,False,False
313,256,6,minmax,0,True,True
313,256,6,minmax,1,True,False
313,256,6,minmax,2,True,False
313,256,6,p99_5,0,True,True
313,256,6,p99_5,1,False,False
313,256,6,p99_5,2,False,False
313,256,7,minmax,0,True,False
313,256,7,minmax,1,True,False
313,256,7,minmax,2,True,False
313,256,7,p99_5,0,True,True
313,256,7,p99_5,1,False,False
313,256,7,p99_5,2,False,False
313,256,8,minmax,0,True,False
313,256,8,minmax,1,True,False
313,256,8,minmax,2,True,False
313,256,8,p99_5,0,True,True
313,256,8,p99_5,1,False,False
313,256,8,p99_5,2,False,False
313,256,9,minmax,0,True,False
313,256,9,minmax,1,True,False
313,256,9,minmax,2,True,False
313,256,9,p99_5,0,True,True
313,256,9,p99_5,1,False,False
313,256,9,p99_5,2,False,False
313,256,10,minmax,0,True,False
313,256,10,minmax,1,True,False
313,256,10,minmax,2,True,False
313,256,10,p99_5,0,True,True
313,256,10,p99_5,1,False,False
313,256,10,p99_5,2,False,False
313,256,11,minmax,0,True,False
313,256,11,minmax,1,True,False
313,256,11,minmax,2,True,False
313,256,11,p99_5,0,True,True
313,256,11,p99_5,1,False,False
313,256,11,p99_5,2,False,False
313,256,12,minmax,0,True,False
313,256,12,minmax,1,True,False
313,256,12,minmax,2,True,False
313,256,12,p99_5,0,False,False
313,256,12,p99_5,1,False,False
313,256,12,p99_5,2,False,False
313,256,13,minmax,0,True,False
313,256,13,minmax,1,True,False
313,256,13,minmax,2,True,False
313,256,13,p99_5,0,True,True
313,256,13,p99_5,1,False,False
313,256,13,p99_5,2,False,False
313,256,14,minmax,0,True,False
313,256,14,minmax,1,True,False
313,256,14,minmax,2,True,False
313,256,14,p99_5,0,True,True
313,256,14,p99_5,1,False,False
313,256,14,p99_5,2,False,False
313,256,15,minmax,0,True,False
313,256,15,minmax,1,True,False
313,256,15,minmax,2,True,False
313,256,15,p99_5,0,True,True
313,256,15,p99_5,1,False,False
313,256,15,p99_5,2,False,False
313,256,16,minmax,0,True,False
313,256,16,minmax,1,True,False
313,256,16,minmax,2,True,False
313,256,16,p99_5,0,False,False
313,256,16,p99_5,1,False,False
313,256,16,p99_5,2,False,False
313,256,17,minmax,0,True,False
313,256,17,minmax,1,True,False
313,256,17,minmax,2,True,False
313,256,17,p99_5,0,True,True
313,256,17,p99_5,1,False,False
313,256,17,p99_5,2,False,False
313,256,18,minmax,0,True,False
313,256,18,minmax,1,True,False
313,256,18,minmax,2,True,False
313,256,18,p99_5,0,True,True
313,256,18,p99_5,1,False,False
313,256,18,p99_5,2,False,False
313,256,19,minmax,0,True,False
313,256,19,minmax,1,True,False
313,256,19,minmax,2,True,False
313,256,19,p99_5,0,True,True
313,256,19,p99_5,1,False,False
313,256,19,p99_5,2,False,False
313,256,20,minmax,0,True,False
313,256,20,minmax,1,True,False
313,256,20,minmax,2,True,False
313,256,20,p99_5,0,True,True
313,256,20,p99_5,1,False,False
313,256,20,p99_5,2,False,False
313,256,21,minmax,0,True,False
313,256,21,minmax,1,True,False
313,256,21,minmax,2,True,False
313,256,21,p99_5,0,True,True
313,256,21,p99_5,1,False,False
313,256,21,p99_5,2,False,False
313,256,22,minmax,0,True,False
313,256,22,minmax,1,True,False
313,256,22,minmax,2,True,False
313,256,22,p99_5,0,True,True
313,256,22,p99_5,1,False,False
313,256,22,p99_5,2,False,False
313,256,23,minmax,0,True,False
313,256,23,minmax,1,True,False
313,256,23,minmax,2,True,False
313,256,23,p99_5,0,False,False
313,256,23,p99_5,1,False,False
313,256,23,p99_5,2,False,False
313,256,24,minmax,0,True,False
313,256,24,minmax,1,True,False
313,256,24,minmax,2,True,False
313,256,24,p99_5,0,True,True
313,256,24,p99_5,1,False,False
313,256,24,p99_5,2,False,False
313,256,25,minmax,0,True,False
313,256,25,minmax,1,True,False
313,256,25,minmax,2,True,False
313,256,25,p99_5,0,True,True
313,256,25,p99_5,1,False,False
313,256,25,p99_5,2,False,False
313,256,26,minmax,0,True,False
313,256,26,minmax,1,True,False
313,256,26,minmax,2,True,False
313,256,26,p99_5,0,True,True
313,256,26,p99_5,1,False,False
313,256,26,p99_5,2,False,False
313,256,27,minmax,0,True,False
313,256,27,minmax,1,True,False
313,256,27,minmax,2,True,False
313,256,27,p99_5,0,False,False
313,256,27,p99_5,1,False,False
313,256,27,p99_5,2,False,False
313,256,28,minmax,0,True,True
313,256,28,minmax,1,True,False
313,256,28,minmax,2,True,False
313,256,28,p99_5,0,True,True
313,256,28,p99_5,1,False,False
313,256,28,p99_5,2,False,False
313,256,29,minmax,0,True,False
313,256,29,minmax,1,True,False
313,256,29,minmax,2,True,False
313,256,29,p99_5,0,True,True
313,256,29,p99_5,1,False,False
313,256,29,p99_5,2,False,False
313,256,30,minmax,0,True,False
313,256,30,minmax,1,True,False
313,256,30,minmax,2,True,False
313,256,30,p99_5,0,True,True
313,256,30,p99_5,1,False,False
313,256,30,p99_5,2,False,False
313,256,31,minmax,0,True,False
313,256,31,minmax,1,True,False
313,256,31,minmax,2,True,False
313,256,31,p99_5,0,False,False
313,256,31,p99_5,1,False,False
313,256,31,p99_5,2,False,False
313,256,32,minmax,0,True,False
313,256,32,minmax,1,True,False
313,256,32,minmax,2,True,False
313,256,32,p99_5,0,False,False
313,256,32,p99_5,1,False,False
313,256,32,p99_5,2,False,False
313,256,33,minmax,0,True,False
313,256,33,minmax,1,True,False
313,256,33,minmax,2,True,False
313,256,33,p99_5,0,False,False
313,256,33,p99_5,1,False,False
313,256,33,p99_5,2,False,False
313,256,34,minmax,0,True,False
313,256,34,minmax,1,True,False
313,256,34,minmax,2,True,False
313,256,34,p99_5,0,True,True
313,256,34,p99_5,1,False,False
313,256,34,p99_5,2,False,False
313,256,35,minmax,0,True,False
313,256,35,minmax,1,True,False
313,256,35,minmax,2,True,False
313,256,35,p99_5,0,True,True
313,256,35,p99_5,1,False,False
313,256,35,p99_5,2,False,False
313,256,36,minmax,0,True,False
313,256,36,minmax,1,True,False
313,256,36,minmax,2,True,False
313,256,36,p99_5,0,True,True
313,256,36,p99_5,1,False,False
313,256,36,p99_5,2,False,False
313,256,37,minmax,0,True,True
313,256,37,minmax,1,True,False
313,256,37,minmax,2,True,False
313,256,37,p99_5,0,False,False
313,256,37,p99_5,1,False,False
313,256,37,p99_5,2,False,False
313,256,38,minmax,0,True,True
313,256,38,minmax,1,True,False
313,256,38,minmax,2,True,False
313,256,38,p99_5,0,True,True
313,256,38,p99_5,1,False,False
313,256,38,p99_5,2,False,False
313,256,39,minmax,0,True,True
313,256,39,minmax,1,True,False
313,256,39,minmax,2,True,False
313,256,39,p99_5,0,True,True
313,256,39,p99_5,1,False,False
313,256,39,p99_5,2,False,False
313,256,40,minmax,0,True,False
313,256,40,minmax,1,True,False
313,256,40,minmax,2,True,False
313,256,40,p99_5,0,True,True
313,256,40,p99_5,1,False,False
313,256,40,p99_5,2,False,False
313,256,41,minmax,0,True,False
313,256,41,minmax,1,True,False
313,256,41,minmax,2,True,False
313,256,41,p99_5,0,True,True
313,256,41,p99_5,1,False,False
313,256,41,p99_5,2,False,False
313,256,42,minmax,0,True,False
313,256,42,minmax,1,True,False
313,256,42,minmax,2,True,False
313,256,42,p99_5,0,False,False
313,256,42,p99_5,1,False,False
313,256,42,p99_5,2,False,False
313,256,43,minmax,0,True,False
313,256,43,minmax,1,True,False
313,256,43,minmax,2,True,False
313,256,43,p99_5,0,True,True
313,256,43,p99_5,1,False,False
313,256,43,p99_5,2,False,False
313,256,44,minmax,0,True,False
313,256,44,minmax,1,True,False
313,256,44,minmax,2,True,False
313,256,44,p99_5,0,True,True
313,256,44,p99_5,1,False,False
313,256,44,p99_5,2,False,False
313,256,45,minmax,0,True,True
313,256,45,minmax,1,True,False
313,256,45,minmax,2,True,False
313,256,45,p99_5,0,False,False
313,256,45,p99_5,1,False,False
313,256,45,p99_5,2,False,False
313,256,46,minmax,0,True,False
313,256,46,minmax,1,True,False
313,256,46,minmax,2,True,False
313,256,46,p99_5,0,True,True
313,256,46,p99_5,1,False,False
313,256,46,p99_5,2,False,False
313,256,47,minmax,0,True,False
313,256,47,minmax,1,True,False
313,256,47,minmax,2,True,False
313,256,47,p99_5,0,True,True
313,256,47,p99_5,1,False,False
313,256,47,p99_5,2,False,False
313,256,48,minmax,0,True,False
313,256,48,minmax,1,True,False
313,256,48,minmax,2,True,False
313,256,48,p99_5,0,True,True
313,256,48,p99_5,1,False,False
313,256,48,p99_5,2,False,False
313,256,49,minmax,0,True,False
313,256,49,minmax,1,True,False
313,256,49,minmax,2,True,False
313,256,49,p99_5,0,True,True
313,256,49,p99_5,1,False,False
313,256,49,p99_5,2,False,False
313,256,50,minmax,0,True,False
313,256,50,minmax,1,True,False
313,256,50,minmax,2,True,False
313,256,50,p99_5,0,True,False
313,256,50,p99_5,1,False,False
313,256,50,p99_5,2,False,False
313,256,51,minmax,0,True,False
313,256,51,minmax,1,True,False
313,256,51,minmax,2,True,False
313,256,51,p99_5,0,True,True
313,256,51,p99_5,1,False,False
313,256,51,p99_5,2,False,False
313,256,52,minmax,0,True,False
313,256,52,minmax,1,True,False
313,256,52,minmax,2,True,False
313,256,52,p99_5,0,True,True
313,256,52,p99_5,1,False,False
313,256,52,p99_5,2,False,False
313,256,53,minmax,0,True,False
313,256,53,minmax,1,True,False
313,256,53,minmax,2,True,False
313,256,53,p99_5,0,False,False
313,256,53,p99_5,1,False,False
313,256,53,p99_5,2,False,False
313,256,54,minmax,0,True,False
313,256,54,minmax,1,True,False
313,256,54,minmax,2,True,False
313,256,54,p99_5,0,False,False
313,256,54,p99_5,1,False,False
313,256,54,p99_5,2,False,False
313,256,55,minmax,0,True,False
313,256,55,minmax,1,True,False
313,256,55,minmax,2,True,False
313,256,55,p99_5,0,True,True
313,256,55,p99_5,1,False,False
313,256,55,p99_5,2,False,False
313,256,56,minmax,0,True,False
313,256,56,minmax,1,True,False
313,256,56,minmax,2,True,False
313,256,56,p99_5,0,False,False
313,256,56,p99_5,1,False,False
313,256,56,p99_5,2,False,False
313,256,57,minmax,0,True,False
313,256,57,minmax,1,True,False
313,256,57,minmax,2,True,False
313,256,57,p99_5,0,True,True
313,256,57,p99_5,1,False,False
313,256,57,p99_5,2,False,False
313,256,58,minmax,0,True,False
313,256,58,minmax,1,True,False
313,256,58,minmax,2,True,False
313,256,58,p99_5,0,True,True
313,256,58,p99_5,1,False,False
313,256,58,p99_5,2,False,False
313,256,59,minmax,0,True,False
313,256,59,minmax,1,True,False
313,256,59,minmax,2,True,False
313,256,59,p99_5,0,False,False
313,256,59,p99_5,1,False,False
313,256,59,p99_5,2,False,False
313,256,60,minmax,0,True,False
313,256,60,minmax,1,True,False
313,256,60,minmax,2,True,False
313,256,60,p99_5,0,True,True
313,256,60,p99_5,1,False,False
313,256,60,p99_5,2,False,False
313,256,61,minmax,0,True,False
313,256,61,minmax,1,True,False
313,256,61,minmax,2,True,False
313,256,61,p99_5,0,True,True
313,256,61,p99_5,1,False,False
313,256,61,p99_5,2,False,False
313,256,62,minmax,0,True,False
313,256,62,minmax,1,True,False
313,256,62,minmax,2,True,False
313,256,62,p99_5,0,True,True
313,256,62,p99_5,1,False,False
313,256,62,p99_5,2,False,False
313,256,63,minmax,0,True,False
313,256,63,minmax,1,True,False
313,256,63,minmax,2,True,False
313,256,63,p99_5,0,True,True
313,256,63,p99_5,1,False,False
313,256,63,p99_5,2,False,False
313,256,64,minmax,0,True,False
313,256,64,minmax,1,True,False
313,256,64,minmax,2,True,False
313,256,64,p99_5,0,False,False
313,256,64,p99_5,1,False,False
313,256,64,p99_5,2,False,False
313,256,65,minmax,0,True,False
313,256,65,minmax,1,True,False
313,256,65,minmax,2,True,False
313,256,65,p99_5,0,True,True
313,256,65,p99_5,1,True,False
313,256,65,p99_5,2,False,False
313,256,66,minmax,0,True,True
313,256,66,minmax,1,True,False
313,256,66,minmax,2,True,False
313,256,66,p99_5,0,True,True
313,256,66,p99_5,1,False,False
313,256,66,p99_5,2,False,False
313,256,67,minmax,0,True,False
313,256,67,minmax,1,True,False
313,256,67,minmax,2,True,False
313,256,67,p99_5,0,True,True
313,256,67,p99_5,1,False,False
313,256,67,p99_5,2,False,False
313,256,68,minmax,0,True,False
313,256,68,minmax,1,True,False
313,256,68,minmax,2,True,False
313,256,68,p99_5,0,True,True
313,256,68,p99_5,1,False,False
313,256,68,p99_5,2,False,False
313,256,69,minmax,0,True,False
313,256,69,minmax,1,True,False
313,256,69,minmax,2,True,False
313,256,69,p99_5,0,False,False
313,256,69,p99_5,1,False,False
313,256,69,p99_5,2,False,False
313,256,70,minmax,0,True,True
313,256,70,minmax,1,True,False
313,256,70,minmax,2,True,False
313,256,70,p99_5,0,True,True
313,256,70,p99_5,1,False,False
313,256,70,p99_5,2,False,False
313,256,71,minmax,0,True,False
313,256,71,minmax,1,True,False
313,256,71,minmax,2,True,False
313,256,71,p99_5,0,False,False
313,256,71,p99_5,1,False,False
313,256,71,p99_5,2,False,False
313,256,72,minmax,0,True,False
313,256,72,minmax,1,True,False
313,256,72,minmax,2,True,False
313,256,72,p99_5,0,True,True
313,256,72,p99_5,1,False,False
313,256,72,p99_5,2,False,False
313,256,73,minmax,0,True,False
313,256,73,minmax,1,True,False
313,256,73,minmax,2,True,False
313,256,73,p99_5,0,False,False
313,256,73,p99_5,1,False,False
313,256,73,p99_5,2,False,False
313,256,74,minmax,0,True,False
313,256,74,minmax,1,True,False
313,256,74,minmax,2,True,False
313,256,74,p99_5,0,False,False
313,256,74,p99_5,1,False,False
313,256,74,p99_5,2,False,False
313,256,75,minmax,0,True,False
313,256,75,minmax,1,True,False
313,256,75,minmax,2,True,False
313,256,75,p99_5,0,False,False
313,256,75,p99_5,1,False,False
313,256,75,p99_5,2,False,False
313,256,76,minmax,0,True,False
313,256,76,minmax,1,True,False
313,256,76,minmax,2,True,False
313,256,76,p99_5,0,False,False
313,256,76,p99_5,1,False,False
313,256,76,p99_5,2,False,False
313,256,77,minmax,0,True,False
313,256,77,minmax,1,True,False
313,256,77,minmax,2,True,False
313,256,77,p99_5,0,True,True
313,256,77,p99_5,1,False,False
313,256,77,p99_5,2,False,False
313,256,78,minmax,0,True,False
313,256,78,minmax,1,True,False
313,256,78,minmax,2,True,False
313,256,78,p99_5,0,False,False
313,256,78,p99_5,1,False,False
313,256,78,p99_5,2,False,False
313,256,79,minmax,0,True,True
313,256,79,minmax,1,True,False
313,256,79,minmax,2,True,False
313,256,79,p99_5,0,False,False
313,256,79,p99_5,1,False,False
313,256,79,p99_5,2,False,False
313,256,80,minmax,0,True,True
313,256,80,minmax,1,True,False
313,256,80,minmax,2,True,False
313,256,80,p99_5,0,True,True
313,256,80,p99_5,1,False,False
313,256,80,p99_5,2,False,False
313,256,81,minmax,0,True,True
313,256,81,minmax,1,True,False
313,256,81,minmax,2,True,False
313,256,81,p99_5,0,True,True
313,256,81,p99_5,1,False,False
313,256,81,p99_5,2,False,False
313,256,82,minmax,0,True,False
313,256,82,minmax,1,True,False
313,256,82,minmax,2,True,False
313,256,82,p99_5,0,True,True
313,256,82,p99_5,1,False,False
313,256,82,p99_5,2,False,False
313,256,83,minmax,0,True,False
313,256,83,minmax,1,True,False
313,256,83,minmax,2,True,False
313,256,83,p99_5,0,True,True
313,256,83,p99_5,1,False,False
313,256,83,p99_5,2,False,False
313,256,84,minmax,0,True,False
313,256,84,minmax,1,True,False
313,256,84,minmax,2,True,False
313,256,84,p99_5,0,False,False
313,256,84,p99_5,1,False,False
313,256,84,p99_5,2,False,False
313,256,85,minmax,0,True,False
313,256,85,minmax,1,True,False
313,256,85,minmax,2,True,False
313,256,85,p99_5,0,True,True
313,256,85,p99_5,1,False,False
313,256,85,p99_5,2,False,False
313,256,86,minmax,0,True,False
313,256,86,minmax,1,True,False
313,256,86,minmax,2,True,False
313,256,86,p99_5,0,True,True
313,256,86,p99_5,1,False,False
313,256,86,p99_5,2,False,False
313,256,87,minmax,0,True,True
313,256,87,minmax,1,True,False
313,256,87,minmax,2,True,False
313,256,87,p99_5,0,False,False
313,256,87,p99_5,1,False,False
313,256,87,p99_5,2,False,False
313,256,88,minmax,0,True,False
313,256,88,minmax,1,True,False
313,256,88,minmax,2,True,False
313,256,88,p99_5,0,True,True
313,256,88,p99_5,1,False,False
313,256,88,p99_5,2,False,False
313,256,89,minmax,0,True,False
313,256,89,minmax,1,True,False
313,256,89,minmax,2,True,False
313,256,89,p99_5,0,True,True
313,256,89,p99_5,1,False,False
313,256,89,p99_5,2,False,False
313,256,90,minmax,0,True,False
313,256,90,minmax,1,True,False
313,256,90,minmax,2,True,False
313,256,90,p99_5,0,True,True
313,256,90,p99_5,1,False,False
313,256,90,p99_5,2,False,False
313,256,91,minmax,0,True,False
313,256,91,minmax,1,True,False
313,256,91,minmax,2,True,False
313,256,91,p99_5,0,True,True
313,256,91,p99_5,1,False,False
313,256,91,p99_5,2,False,False
313,256,92,minmax,0,True,False
313,256,92,minmax,1,True,False
313,256,92,minmax,2,True,False
313,256,92,p99_5,0,True,True
313,256,92,p99_5,1,False,False
313,256,92,p99_5,2,False,False
313,256,93,minmax,0,True,False
313,256,93,minmax,1,True,False
313,256,93,minmax,2,True,False
313,256,93,p99_5,0,False,False
313,256,93,p99_5,1,False,False
313,256,93,p99_5,2,False,False
313,256,94,minmax,0,True,False
313,256,94,minmax,1,True,False
313,256,94,minmax,2,True,False
313,256,94,p99_5,0,True,True
313,256,94,p99_5,1,False,False
313,256,94,p99_5,2,False,False
313,256,95,minmax,0,True,False
313,256,95,minmax,1,True,False
313,256,95,minmax,2,True,False
313,256,95,p99_5,0,True,True
313,256,95,p99_5,1,False,False
313,256,95,p99_5,2,False,False
313,256,96,minmax,0,True,False
313,256,96,minmax,1,True,False
313,256,96,minmax,2,True,False
313,256,96,p99_5,0,False,False
313,256,96,p99_5,1,False,False
313,256,96,p99_5,2,False,False
313,256,97,minmax,0,True,False
313,256,97,minmax,1,True,False
313,256,97,minmax,2,True,False
313,256,97,p99_5,0,True,True
313,256,97,p99_5,1,False,False
313,256,97,p99_5,2,False,False
313,256,98,minmax,0,True,False
313,256,98,minmax,1,True,False
313,256,98,minmax,2,True,False
313,256,98,p99_5,0,True,True
313,256,98,p99_5,1,False,False
313,256,98,p99_5,2,False,False
313,256,99,minmax,0,True,True
313,256,99,minmax,1,True,False
313,256,99,minmax,2,True,False
313,256,99,p99_5,0,True,True
313,256,99,p99_5,1,False,False
313,256,99,p99_5,2,False,False
313,256,100,minmax,0,True,True
313,256,100,minmax,1,True,False
313,256,100,minmax,2,True,False
313,256,100,p99_5,0,True,True
313,256,100,p99_5,1,False,False
313,256,100,p99_5,2,False,False
313,256,101,minmax,0,True,False
313,256,101,minmax,1,True,False
313,256,101,minmax,2,True,False
313,256,101,p99_5,0,False,False
313,256,101,p99_5,1,False,False
313,256,101,p99_5,2,False,False
313,256,102,minmax,0,True,True
313,256,102,minmax,1,True,False
313,256,102,minmax,2,True,False
313,256,102,p99_5,0,True,True
313,256,102,p99_5,1,False,False
313,256,102,p99_5,2,False,False
313,256,103,minmax,0,True,False
313,256,103,minmax,1,True,False
313,256,103,minmax,2,True,False
313,256,103,p99_5,0,True,True
313,256,103,p99_5,1,False,False
313,256,103,p99_5,2,False,False
313,256,104,minmax,0,True,False
313,256,104,minmax,1,True,False
313,256,104,minmax,2,True,False
313,256,104,p99_5,0,False,False
313,256,104,p99_5,1,False,False
313,256,104,p99_5,2,False,False
313,256,105,minmax,0,True,False
313,256,105,minmax,1,True,False
313,256,105,minmax,2,True,False
313,256,105,p99_5,0,True,True
313,256,105,p99_5,1,False,False
313,256,105,p99_5,2,False,False
313,256,106,minmax,0,True,False
313,256,106,minmax,1,True,False
313,256,106,minmax,2,True,False
313,256,106,p99_5,0,False,False
313,256,106,p99_5,1,True,False
313,256,106,p99_5,2,False,False
313,256,107,minmax,0,True,True
313,256,107,minmax,1,True,False
313,256,107,minmax,2,True,False
313,256,107,p99_5,0,True,True
313,256,107,p99_5,1,False,False
313,256,107,p99_5,2,False,False
313,256,108,minmax,0,True,False
313,256,108,minmax,1,True,False
313,256,108,minmax,2,True,False
313,256,108,p99_5,0,False,False
313,256,108,p99_5,1,False,False
313,256,108,p99_5,2,False,False
313,256,109,minmax,0,True,False
313,256,109,minmax,1,True,False
313,256,109,minmax,2,True,False
313,256,109,p99_5,0,True,True
313,256,109,p99_5,1,False,False
313,256,109,p99_5,2,False,False
313,256,110,minmax,0,True,False
313,256,110,minmax,1,True,False
313,256,110,minmax,2,True,False
313,256,110,p99_5,0,True,True
313,256,110,p99_5,1,False,False
313,256,110,p99_5,2,False,False
313,256,111,minmax,0,True,True
313,256,111,minmax,1,True,False
313,256,111,minmax,2,True,False
313,256,111,p99_5,0,False,False
313,256,111,p99_5,1,False,False
313,256,111,p99_5,2,False,False
313,256,112,minmax,0,True,False
313,256,112,minmax,1,True,False
313,256,112,minmax,2,True,False
313,256,112,p99_5,0,True,True
313,256,112,p99_5,1,False,False
313,256,112,p99_5,2,False,False
313,256,113,minmax,0,True,False
313,256,113,minmax,1,True,False
313,256,113,minmax,2,True,False
313,256,113,p99_5,0,True,True
313,256,113,p99_5,1,False,False
313,256,113,p99_5,2,False,False
313,256,114,minmax,0,True,False
313,256,114,minmax,1,True,False
313,256,114,minmax,2,True,False
313,256,114,p99_5,0,False,False
313,256,114,p99_5,1,False,False
313,256,114,p99_5,2,False,False
313,256,115,minmax,0,True,False
313,256,115,minmax,1,True,False
313,256,115,minmax,2,True,False
313,256,115,p99_5,0,False,False
313,256,115,p99_5,1,False,False
313,256,115,p99_5,2,False,False
313,256,116,minmax,0,True,True
313,256,116,minmax,1,True,False
313,256,116,minmax,2,True,False
313,256,116,p99_5,0,False,False
313,256,116,p99_5,1,False,False
313,256,116,p99_5,2,False,False
313,256,117,minmax,0,True,False
313,256,117,minmax,1,True,False
313,256,117,minmax,2,True,False
313,256,117,p99_5,0,True,True
313,256,117,p99_5,1,False,False
313,256,117,p99_5,2,False,False
313,256,118,minmax,0,True,True
313,256,118,minmax,1,True,False
313,256,118,minmax,2,True,False
313,256,118,p99_5,0,True,True
313,256,118,p99_5,1,False,False
313,256,118,p99_5,2,False,False
313,256,119,minmax,0,True,True
313,256,119,minmax,1,True,False
313,256,119,minmax,2,True,False
313,256,119,p99_5,0,True,True
313,256,119,p99_5,1,False,False
313,256,119,p99_5,2,False,False
313,256,120,minmax,0,True,False
313,256,120,minmax,1,True,False
313,256,120,minmax,2,True,False
313,256,120,p99_5,0,True,True
313,256,120,p99_5,1,False,False
313,256,120,p99_5,2,False,False
313,256,121,minmax,0,True,False
313,256,121,minmax,1,True,False
313,256,121,minmax,2,True,False
313,256,121,p99_5,0,True,True
313,256,121,p99_5,1,False,False
313,256,121,p99_5,2,False,False
313,256,122,minmax,0,True,False
313,256,122,minmax,1,True,False
313,256,122,minmax,2,True,False
313,256,122,p99_5,0,True,True
313,256,122,p99_5,1,False,False
313,256,122,p99_5,2,False,False
313,256,123,minmax,0,True,True
313,256,123,minmax,1,True,False
313,256,123,minmax,2,True,False
313,256,123,p99_5,0,True,True
313,256,123,p99_5,1,False,False
313,256,123,p99_5,2,False,False
313,256,124,minmax,0,True,False
313,256,124,minmax,1,True,False
313,256,124,minmax,2,True,False
313,256,124,p99_5,0,True,True
313,256,124,p99_5,1,False,False
313,256,124,p99_5,2,False,False
313,256,125,minmax,0,True,False
313,256,125,minmax,1,True,False
313,256,125,minmax,2,True,False
313,256,125,p99_5,0,True,True
313,256,125,p99_5,1,False,False
313,256,125,p99_5,2,False,False
313,256,126,minmax,0,True,False
313,256,126,minmax,1,True,False
313,256,126,minmax,2,True,False
313,256,126,p99_5,0,True,True
313,256,126,p99_5,1,False,False
313,256,126,p99_5,2,False,False
313,256,127,minmax,0,True,False
313,256,127,minmax,1,True,False
313,256,127,minmax,2,True,False
313,256,127,p99_5,0,True,True
313,256,127,p99_5,1,False,False
313,256,127,p99_5,2,False,False
313,256,128,minmax,0,True,True
313,256,128,minmax,1,True,False
313,256,128,minmax,2,True,False
313,256,128,p99_5,0,True,True
313,256,128,p99_5,1,False,False
313,256,128,p99_5,2,False,False
313,256,129,minmax,0,True,False
313,256,129,minmax,1,True,False
313,256,129,minmax,2,True,False
313,256,129,p99_5,0,False,False
313,256,129,p99_5,1,False,False
313,256,129,p99_5,2,False,False
313,256,130,minmax,0,True,True
313,256,130,minmax,1,True,False
313,256,130,minmax,2,True,False
313,256,130,p99_5,0,True,True
313,256,130,p99_5,1,False,False
313,256,130,p99_5,2,False,False
313,256,131,minmax,0,True,False
313,256,131,minmax,1,True,False
313,256,131,minmax,2,True,False
313,256,131,p99_5,0,True,True
313,256,131,p99_5,1,False,False
313,256,131,p99_5,2,False,False
313,256,132,minmax,0,True,False
313,256,132,minmax,1,True,False
313,256,132,minmax,2,True,False
313,256,132,p99_5,0,True,True
313,256,132,p99_5,1,False,False
313,256,132,p99_5,2,False,False
313,256,133,minmax,0,True,False
313,256,133,minmax,1,True,False
313,256,133,minmax,2,True,False
313,256,133,p99_5,0,True,True
313,256,133,p99_5,1,False,False
313,256,133,p99_5,2,False,False
313,256,134,minmax,0,True,True
313,256,134,minmax,1,True,False
313,256,134,minmax,2,True,False
313,256,134,p99_5,0,True,True
313,256,134,p99_5,1,False,False
313,256,134,p99_5,2,False,False
313,256,135,minmax,0,True,False
313,256,135,minmax,1,True,False
313,256,135,minmax,2,True,False
313,256,135,p99_5,0,True,True
313,256,135,p99_5,1,False,False
313,256,135,p99_5,2,False,False
313,256,136,minmax,0,True,False
313,256,136,minmax,1,True,False
313,256,136,minmax,2,True,False
313,256,136,p99_5,0,True,True
313,256,136,p99_5,1,False,False
313,256,136,p99_5,2,False,False
313,256,137,minmax,0,True,False
313,256,137,minmax,1,True,False
313,256,137,minmax,2,True,False
313,256,137,p99_5,0,True,True
313,256,137,p99_5,1,False,False
313,256,137,p99_5,2,False,False
313,256,138,minmax,0,True,False
313,256,138,minmax,1,True,False
313,256,138,minmax,2,True,False
313,256,138,p99_5,0,True,True
313,256,138,p99_5,1,False,False
313,256,138,p99_5,2,False,False
313,256,139,minmax,0,True,False
313,256,139,minmax,1,True,False
313,256,139,minmax,2,True,False
313,256,139,p99_5,0,True,True
313,256,139,p99_5,1,False,False
313,256,139,p99_5,2,False,False
313,256,140,minmax,0,True,False
313,256,140,minmax,1,True,False
313,256,140,minmax,2,True,False
313,256,140,p99_5,0,False,False
313,256,140,p99_5,1,False,False
313,256,140,p99_5,2,False,False
313,256,141,minmax,0,True,False
313,256,141,minmax,1,True,False
313,256,141,minmax,2,True,False
313,256,141,p99_5,0,True,True
313,256,141,p99_5,1,False,False
313,256,141,p99_5,2,False,False
313,256,142,minmax,0,True,False
313,256,142,minmax,1,True,False
313,256,142,minmax,2,True,False
313,256,142,p99_5,0,True,True
313,256,142,p99_5,1,False,False
313,256,142,p99_5,2,False,False
313,256,143,minmax,0,True,False
313,256,143,minmax,1,True,False
313,256,143,minmax,2,True,False
313,256,143,p99_5,0,True,True
313,256,143,p99_5,1,False,False
313,256,143,p99_5,2,False,False
313,256,144,minmax,0,True,False
313,256,144,minmax,1,True,False
313,256,144,minmax,2,True,False
313,256,144,p99_5,0,False,False
313,256,144,p99_5,1,False,False
313,256,144,p99_5,2,False,False
313,256,145,minmax,0,True,False
313,256,145,minmax,1,True,False
313,256,145,minmax,2,True,False
313,256,145,p99_5,0,True,True
313,256,145,p99_5,1,True,False
313,256,145,p99_5,2,False,False
313,256,146,minmax,0,True,True
313,256,146,minmax,1,True,False
313,256,146,minmax,2,True,False
313,256,146,p99_5,0,True,True
313,256,146,p99_5,1,False,False
313,256,146,p99_5,2,False,False
313,256,147,minmax,0,True,False
313,256,147,minmax,1,True,False
313,256,147,minmax,2,True,False
313,256,147,p99_5,0,True,True
313,256,147,p99_5,1,False,False
313,256,147,p99_5,2,False,False
313,256,148,minmax,0,True,False
313,256,148,minmax,1,True,False
313,256,148,minmax,2,True,False
313,256,148,p99_5,0,False,False
313,256,148,p99_5,1,False,False
313,256,148,p99_5,2,False,False
313,256,149,minmax,0,True,False
313,256,149,minmax,1,True,False
313,256,149,minmax,2,True,False
313,256,149,p99_5,0,False,False
313,256,149,p99_5,1,False,False
313,256,149,p99_5,2,False,False
